atc_code;atc_name;ddd;uom;adm_r;note;TRAD
A;ALIMENTARY TRACT AND METABOLISM;NA;NA;NA;NA;TRACTO DIGESTIVO Y METABOLISMO
A01;STOMATOLOGICAL PREPARATIONS;NA;NA;NA;NA;PREPARACIONES ESTOMATOLÓGICAS
A01A;STOMATOLOGICAL PREPARATIONS;NA;NA;NA;NA;PREPARACIONES ESTOMATOLÓGICAS
A01AA;Caries prophylactic agents;NA;NA;NA;NA;AGENTES PROFILÁCTICOS DE CARIES
A01AA01;sodium fluoride;1.1;mg;O;0.5 mg fluoride;FLUORURO DE SODIO
A01AA02;sodium monofluorophosphate;NA;NA;NA;NA;MONOFLUOROFOSFATO DE SODIO
A01AA03;olaflur;1.1;mg;O;NA;OLAFLUR
A01AA04;stannous fluoride;NA;NA;NA;NA;FLUORURO DE ESTAÑO
A01AA30;combinations;NA;NA;NA;NA;COMBINACIONES
A01AA51;sodium fluoride, combinations;NA;NA;NA;NA;FLUORURO DE SODIO, COMBINACIONES
A01AB;Antiinfectives and antiseptics for local oral treatment;NA;NA;NA;NA;ANTIINFECCIOSOS Y ANTISÉPTICOS PARA EL TRATAMIENTO ORAL LOCAL
A01AB02;hydrogen peroxide;60;mg;O;NA;PERÓXIDO DE HIDRÓGENO
A01AB03;chlorhexidine;30;mg;O;NA;CLORHEXIDINA
A01AB04;amphotericin B;40;mg;O;NA;ANFOTERICINA B
A01AB05;polynoxylin;0.18;g;O;NA;POLINOXILINA
A01AB06;domiphen;3;mg;O;NA;DOMIPHEN
A01AB07;oxyquinoline;80;mg;O;NA;OXIQUINOLINA
A01AB08;neomycin;NA;NA;NA;NA;NEOMICINA
A01AB09;miconazole;0.2;g;O;NA;MICONAZOL
A01AB10;natamycin;20;mg;O;NA;NATAMICINA
A01AB11;various;NA;NA;NA;NA;VARIOS
A01AB12;hexetidine;NA;NA;NA;NA;HEXETIDINA
A01AB13;tetracycline;NA;NA;NA;NA;TETRACICLINA
A01AB14;benzoxonium chloride;NA;NA;NA;NA;CLORURO DE BENZOXONIO
A01AB15;tibezonium iodide;NA;NA;NA;NA;YODURO DE TIBEZONIO
A01AB16;mepartricin;NA;NA;NA;NA;MEPARTRICINA
A01AB17;metronidazole;NA;NA;NA;NA;METRONIDAZOL
A01AB18;clotrimazole;NA;NA;NA;NA;CLOTRIMAZOL
A01AB19;sodium perborate;NA;NA;NA;NA;PERBORATO DE SODIO
A01AB21;chlortetracycline;NA;NA;NA;NA;CLORTETRACICLINA
A01AB22;doxycycline;NA;NA;NA;NA;DOXICICLINA
A01AB23;minocycline;1;mg;O;NA;MINOCICLINA
A01AB24;octenidine;NA;NA;NA;NA;OCTENIDINA
A01AB25;oxytetracycline;NA;NA;NA;NA;OXITETRACICLINA
A01AB53;chlorhexidine and cetylpyridinium;NA;NA;NA;NA;CLORHEXIDINA Y CETILPIRIDINIO
A01AC;Corticosteroids for local oral treatment;NA;NA;NA;NA;CORTICOIDES PARA EL TRATAMIENTO ORAL LOCAL
A01AC01;triamcinolone;NA;NA;NA;NA;TRIAMCINOLONA
A01AC02;dexamethasone;NA;NA;NA;NA;DEXAMETASONA
A01AC03;hydrocortisone;NA;NA;NA;NA;HIDROCORTISONA
A01AC04;prednisolone;NA;NA;NA;NA;PREDNISOLONA
A01AC54;prednisolone, combinations;NA;NA;NA;NA;PREDNISOLONA, COMBINACIONES
A01AD;Other agents for local oral treatment;NA;NA;NA;NA;OTROS AGENTES PARA EL TRATAMIENTO ORAL LOCAL
A01AD01;epinephrine;NA;NA;NA;NA;EPINEFRINA
A01AD02;benzydamine;NA;NA;NA;NA;BENCIDAMINA
A01AD05;acetylsalicylic acid;NA;NA;NA;NA;ÁCIDO ACETILSALICÍLICO
A01AD06;adrenalone;NA;NA;NA;NA;ADRENALONA
A01AD07;amlexanox;NA;NA;NA;NA;AMLEXANOX
A01AD08;becaplermin;NA;NA;NA;NA;BECAPLERMIN
A01AD11;various;NA;NA;NA;NA;VARIOS
A02;DRUGS FOR ACID RELATED DISORDERS;NA;NA;NA;NA;FÁRMACOS PARA LOS TRASTORNOS RELACIONADOS CON EL ÁCIDO
A02A;ANTACIDS;NA;NA;NA;NA;ANTIÁCIDOS
A02AA;Magnesium compounds;NA;NA;NA;NA;COMPUESTOS DE MAGNESIO
A02AA01;magnesium carbonate;NA;NA;NA;NA;CARBONATO DE MAGNESIO
A02AA02;magnesium oxide;NA;NA;NA;NA;ÓXIDO DE MAGNESIO
A02AA03;magnesium peroxide;NA;NA;NA;NA;PERÓXIDO DE MAGNESIO
A02AA04;magnesium hydroxide;3;g;O;NA;HIDRÓXIDO DE MAGNESIO
A02AA05;magnesium silicate;NA;NA;NA;NA;SILICATO DE MAGNESIO
A02AA10;combinations;NA;NA;NA;NA;COMBINACIONES
A02AB;Aluminium compounds;NA;NA;NA;NA;COMPUESTOS DE ALUMINIO
A02AB01;aluminium hydroxide;NA;NA;NA;NA;HIDRÓXIDO DE ALUMINIO
A02AB02;algeldrate;5;g;O;NA;ALGELDRATE
A02AB03;aluminium phosphate;NA;NA;NA;NA;FOSFATO DE ALUMINIO
A02AB04;dihydroxialumini sodium carbonate;4;g;O;NA;CARBONATO DE SODIO DE DIHIDROXIALUMINA
A02AB05;aluminium acetoacetate;NA;NA;NA;NA;ACETOACETATO DE ALUMINIO
A02AB06;aloglutamol;NA;NA;NA;NA;ALOGLUTAMOL
A02AB07;aluminium glycinate;NA;NA;NA;NA;GLICINATO DE ALUMINIO
A02AB10;combinations;NA;NA;NA;NA;COMBINACIONES
A02AC;Calcium compounds;NA;NA;NA;NA;COMPUESTOS DE CALCIO
A02AC01;calcium carbonate;NA;NA;NA;NA;CARBONATO DE CALCIO
A02AC02;calcium silicate;6;g;O;NA;SILICATO DE CALCIO
A02AC10;combinations;NA;NA;NA;NA;COMBINACIONES
A02AD;Combinations and complexes of aluminium, calcium and magnesium compounds;NA;NA;NA;NA;COMBINACIONES Y COMPLEJOS DE COMPUESTOS DE ALUMINIO, CALCIO Y MAGNESIO
A02AD01;ordinary salt combinations;NA;NA;NA;Standard dose: 10 tablets or 50 ml mixt;COMBINACIONES DE SALES ORDINARIAS
A02AD02;magaldrate;NA;NA;NA;NA;MAGALDRO
A02AD03;almagate;NA;NA;NA;NA;ALMAGATE
A02AD04;hydrotalcite;NA;NA;NA;NA;HIDROTALCITA
A02AD05;almasilate;NA;NA;NA;NA;ALMASILATE
A02AF;Antacids with antiflatulents;NA;NA;NA;NA;ANTIÁCIDOS CON ANTIFLATULENTOS
A02AF01;magaldrate and antiflatulents;NA;NA;NA;NA;MAGALDRO Y ANTIFLATULENTES
A02AF02;ordinary salt combinations and antiflatulents;NA;NA;NA;NA;COMBINACIONES DE SALES ORDINARIAS Y ANTIFLATULENTOS
A02AG;Antacids with antispasmodics;NA;NA;NA;NA;ANTIÁCIDOS CON ANTIESPASMÓDICOS
A02AH;Antacids with sodium bicarbonate;NA;NA;NA;NA;ANTIÁCIDOS CON BICARBONATO SÓDICO
A02AX;Antacids, other combinations;NA;NA;NA;NA;ANTIÁCIDOS, OTRAS COMBINACIONES
A02B;DRUGS FOR PEPTIC ULCER AND GASTRO-OESOPHAGEAL REFLUX DISEASE (GORD);NA;NA;NA;NA;MEDICAMENTOS PARA LA ÚLCERA PÉPTICA Y LA ENFERMEDAD POR REFLUJO GASTROESOFÁGICO (EGRD)
A02BA;H2-receptor antagonists;NA;NA;NA;NA;ANTAGONISTAS DE LOS RECEPTORES H2
A02BA01;cimetidine;0.8;g;O;NA;CIMETIDINA
A02BA01;cimetidine;0.8;g;P;NA;CIMETIDINA
A02BA02;ranitidine;0.3;g;O;NA;RANITIDINA
A02BA02;ranitidine;0.3;g;P;NA;RANITIDINA
A02BA03;famotidine;40;mg;O;NA;FAMOTIDINA
A02BA03;famotidine;40;mg;P;NA;FAMOTIDINA
A02BA04;nizatidine;0.3;g;O;NA;NIZATIDINA
A02BA04;nizatidine;0.3;g;P;NA;NIZATIDINA
A02BA05;niperotidine;NA;NA;NA;NA;NIPEROTIDINA
A02BA06;roxatidine;0.15;g;O;NA;ROXATIDINA
A02BA07;ranitidine bismuth citrate;0.8;g;O;NA;CITRATO DE RANITIDINA Y BISMUTO
A02BA08;lafutidine;20;mg;O;NA;LAFUTIDINA
A02BA51;cimetidine, combinations;NA;NA;NA;NA;CIMETIDINA, COMBINACIONES
A02BA53;famotidine, combinations;NA;NA;NA;NA;FAMOTIDINA, COMBINACIONES
A02BB;Prostaglandins;NA;NA;NA;NA;PROSTAGLANDINAS
A02BB01;misoprostol;0.8;mg;O;NA;MISOPROSTOL
A02BB02;enprostil;70;mcg;O;NA;ENPROSTIL
A02BC;Proton pump inhibitors;NA;NA;NA;NA;INHIBIDORES DE LA BOMBA DE PROTONES
A02BC01;omeprazole;20;mg;O;NA;OMEPRAZOL
A02BC01;omeprazole;20;mg;P;NA;OMEPRAZOL
A02BC02;pantoprazole;40;mg;O;NA;PANTOPRAZOL
A02BC02;pantoprazole;40;mg;P;NA;PANTOPRAZOL
A02BC03;lansoprazole;30;mg;O;NA;LANSOPRAZOL
A02BC04;rabeprazole;20;mg;O;NA;RABEPRAZOL
A02BC05;esomeprazole;30;mg;O;NA;ESOMEPRAZOL
A02BC05;esomeprazole;30;mg;P;NA;ESOMEPRAZOL
A02BC06;dexlansoprazole;30;mg;O;NA;DEXLANSOPRAZOL
A02BC07;dexrabeprazole;NA;NA;NA;NA;DEXRABEPRAZOL
A02BC08;vonoprazan;NA;NA;NA;NA;VONOPRAZAN
A02BC09;tegoprazan;NA;NA;NA;NA;TEGOPRAZAN
A02BC51;omeprazole, combinations;NA;NA;NA;NA;OMEPRAZOL, COMBINACIONES
A02BC53;lansoprazole, combinations;NA;NA;NA;NA;LANSOPRAZOL, COMBINACIONES
A02BC54;rabeprazole, combinations;NA;NA;NA;NA;RABEPRAZOL, COMBINACIONES
A02BD;Combinations for eradication of Helicobacter pylori;NA;NA;NA;NA;COMBINACIONES PARA LA ERRADICACIÓN DE HELICOBACTER PYLORI
A02BD01;omeprazole, amoxicillin and metronidazole;NA;NA;NA;NA;OMEPRAZOL, AMOXICILINA Y METRONIDAZOL
A02BD02;lansoprazole, tetracycline and metronidazole;NA;NA;NA;NA;LANSOPRAZOL, TETRACICLINA Y METRONIDAZOL
A02BD03;lansoprazole, amoxicillin and metronidazole;NA;NA;NA;NA;LANSOPRAZOL, AMOXICILINA Y METRONIDAZOL
A02BD04;pantoprazole, amoxicillin and clarithromycin;NA;NA;NA;NA;PANTOPRAZOL, AMOXICILINA Y CLARITROMICINA
A02BD05;omeprazole, amoxicillin and clarithromycin;NA;NA;NA;NA;OMEPRAZOL, AMOXICILINA Y CLARITROMICINA
A02BD06;esomeprazole, amoxicillin and clarithromycin;NA;NA;NA;NA;ESOMEPRAZOL, AMOXICILINA Y CLARITROMICINA
A02BD07;lansoprazole, amoxicillin and clarithromycin;NA;NA;NA;NA;LANSOPRAZOL, AMOXICILINA Y CLARITROMICINA
A02BD08;bismuth subcitrate, tetracycline and metronidazole;NA;NA;NA;NA;SUBCITRATO DE BISMUTO, TETRACICLINA Y METRONIDAZOL
A02BD09;lansoprazole, clarithromycin and tinidazole;NA;NA;NA;NA;LANSOPRAZOL, CLARITROMICINA Y TINIDAZOL
A02BD10;lansoprazole, amoxicillin and levofloxacin;NA;NA;NA;NA;LANSOPRAZOL, AMOXICILINA Y LEVOFLOXACINO
A02BD11;pantoprazole, amoxicillin, clarithromycin and metronidazole;NA;NA;NA;NA;PANTOPRAZOL, AMOXICILINA, CLARITROMICINA Y METRONIDAZOL
A02BD12;rabeprazole, amoxicillin and clarithromycin;NA;NA;NA;NA;RABEPRAZOL, AMOXICILINA Y CLARITROMICINA
A02BD13;rabeprazole, amoxicillin and metronidazole;NA;NA;NA;NA;RABEPRAZOL, AMOXICILINA Y METRONIDAZOL
A02BD14;vonoprazan, amoxicillin and clarithromycin;NA;NA;NA;NA;VONOPRAZAN, AMOXICILINA Y CLARITROMICINA
A02BD15;vonoprazan, amoxicillin and metronidazole;NA;NA;NA;NA;VONOPRAZAN, AMOXICILINA Y METRONIDAZOL
A02BD16;omeprazole, amoxicillin and rifabutin;NA;NA;NA;NA;OMEPRAZOL, AMOXICILINA Y RIFABUTINA
A02BD17;vonoprazan and amoxicillin;NA;NA;NA;NA;VONOPRAZÁN Y AMOXICILINA
A02BX;Other drugs for peptic ulcer and gastro-oesophageal reflux disease (GORD);NA;NA;NA;NA;OTROS FÁRMACOS PARA LA ÚLCERA PÉPTICA Y LA ENFERMEDAD POR REFLUJO GASTROESOFÁGICO (ERGE)
A02BX01;carbenoxolone;0.15;g;O;NA;CARBENOXOLONA
A02BX02;sucralfate;4;g;O;NA;SUCRALFATO
A02BX03;pirenzepine;0.1;g;O;NA;PIRENZEPINA
A02BX03;pirenzepine;20;mg;P;NA;PIRENZEPINA
A02BX04;methiosulfonium chloride;NA;NA;NA;NA;CLORURO DE METIOSULFONIO
A02BX05;bismuth subcitrate;0.48;g;O;NA;SUBCITRATO DE BISMUTO
A02BX06;proglumide;1.2;g;O;NA;PROGLUMIDA
A02BX07;gefarnate;NA;NA;NA;NA;GEFARNATE
A02BX08;sulglicotide;NA;NA;NA;NA;SULGLICOTIDA
A02BX09;acetoxolone;NA;NA;NA;NA;ACETOXOLONA
A02BX10;zolimidine;NA;NA;NA;NA;ZOLIMIDINA
A02BX11;troxipide;NA;NA;NA;NA;TROXIPIDE
A02BX12;bismuth subnitrate;NA;NA;NA;NA;SUBNITRATO DE BISMUTO
A02BX13;alginic acid;NA;NA;NA;NA;ÁCIDO ALGÍNICO
A02BX14;rebamipide;0.3;g;O;NA;REBAMIPIDE
A02BX15;teprenone;NA;NA;NA;NA;TEPRENONA
A02BX16;irsogladine;NA;NA;NA;NA;IRSOGLADINE
A02BX51;carbenoxolone, combinations excl. psycholeptics;NA;NA;NA;NA;CARBENOXOLONA, COMBINACIONES EXCL. PSICOLÉPTICOS
A02BX71;carbenoxolone, combinations with psycholeptics;NA;NA;NA;NA;CARBENOXOLONA, COMBINACIONES CON PSICOLÉPTICOS
A02BX77;gefarnate, combinations with psycholeptics;NA;NA;NA;NA;GEFARNATE, COMBINACIONES CON PSICOLÉPTICOS
A02X;OTHER DRUGS FOR ACID RELATED DISORDERS;NA;NA;NA;NA;OTROS FÁRMACOS PARA LOS TRASTORNOS RELACIONADOS CON EL ÁCIDO
A03;DRUGS FOR FUNCTIONAL GASTROINTESTINAL DISORDERS;NA;NA;NA;NA;FÁRMACOS PARA LOS TRASTORNOS GASTROINTESTINALES FUNCIONALES
A03A;DRUGS FOR FUNCTIONAL GASTROINTESTINAL DISORDERS;NA;NA;NA;NA;FÁRMACOS PARA LOS TRASTORNOS GASTROINTESTINALES FUNCIONALES
A03AA;Synthetic anticholinergics, esters with tertiary amino group;NA;NA;NA;NA;ANTICOLINÉRGICOS SINTÉTICOS, ÉSTERES CON GRUPO AMINO TERCIARIO
A03AA01;oxyphencyclimine;20;mg;O;NA;OXIFENCIMINA
A03AA03;camylofin;0.2;g;O;NA;CAMYLOFIN
A03AA03;camylofin;0.2;g;R;NA;CAMYLOFIN
A03AA04;mebeverine;0.3;g;O;NA;MEBEVERINE
A03AA05;trimebutine;0.6;g;O;NA;TRIMEBUTINA
A03AA06;rociverine;NA;NA;NA;NA;ROCIVERINA
A03AA07;dicycloverine;80;mg;O;NA;DICICLOVERINA
A03AA07;dicycloverine;80;mg;P;NA;DICICLOVERINA
A03AA08;dihexyverine;NA;NA;NA;NA;DIHEXYVERINE
A03AA09;difemerine;NA;NA;NA;NA;DIFEMERINA
A03AA30;piperidolate;NA;NA;NA;NA;PIPERIDOLATO
A03AB;Synthetic anticholinergics, quaternary ammonium compounds;NA;NA;NA;NA;ANTICOLINÉRGICOS SINTÉTICOS, COMPUESTOS DE AMONIO CUATERNARIO
A03AB01;benzilone;70;mg;O;NA;BENCILONA
A03AB02;glycopyrronium bromide;3;mg;O;NA;BROMURO DE GLICOPIRRONIO
A03AB02;glycopyrronium bromide;0.3;mg;P;NA;BROMURO DE GLICOPIRRONIO
A03AB02;glycopyrronium bromide;3;mg;R;NA;BROMURO DE GLICOPIRRONIO
A03AB03;oxyphenonium;25;mg;O;NA;OXIFENONIO
A03AB04;penthienate;15;mg;O;NA;PENTHIENADO
A03AB05;propantheline;60;mg;O;NA;PROPANTHELINE
A03AB05;propantheline;60;mg;P;NA;PROPANTHELINE
A03AB06;otilonium bromide;NA;NA;NA;NA;BROMURO DE OTILONIO
A03AB07;methantheline;0.15;g;O;NA;METHANTHELINE
A03AB08;tridihexethyl;0.125;g;O;NA;TRIDIHEXETILO
A03AB09;isopropamide;10;mg;O;NA;ISOPROPAMIDA
A03AB10;hexocyclium;0.15;g;O;NA;HEXOCYCLIUM
A03AB11;poldine;12;mg;O;NA;POLDINA
A03AB12;mepenzolate;0.1;g;O;NA;MEPENZOLATO
A03AB13;bevonium;0.2;g;O;NA;BEVONIUM
A03AB14;pipenzolate;20;mg;O;NA;PIPENZOLATO
A03AB15;diphemanil;NA;NA;NA;NA;DIPHEMANIL
A03AB16;(2-benzhydryloxyethyl)diethyl-methylammonium iodide;0.3;g;O;NA;YODURO DE DIETILO-METILAMONIO DE (2-BENZHIDROXIETIL)
A03AB17;tiemonium iodide;NA;NA;NA;NA;YODURO DE TIEMONIO
A03AB18;prifinium bromide;NA;NA;NA;NA;BROMURO DE PRIFINIO
A03AB19;timepidium bromide;NA;NA;NA;NA;BROMURO DE TIMEPIDIUM
A03AB21;fenpiverinium;NA;NA;NA;NA;FENPIVERINIO
A03AB53;oxyphenonium, combinations;NA;NA;NA;NA;OXIFENONIO, COMBINACIONES
A03AC;Synthetic antispasmodics, amides with tertiary amines;NA;NA;NA;NA;ANTIESPASMÓDICOS SINTÉTICOS, AMIDAS CON AMINAS TERCIARIAS
A03AC02;dimethylaminopropionylphenothiazine;NA;NA;NA;NA;DIMETILAMINOPROPIONILFENOTIACINA
A03AC04;nicofetamide;NA;NA;NA;NA;NICOFETAMIDA
A03AC05;tiropramide;NA;NA;NA;NA;TIROPRAMIDA
A03AD;Papaverine and derivatives;NA;NA;NA;NA;PAPAVERINA Y DERIVADOS
A03AD01;papaverine;0.1;g;O;NA;PAPAVERINA
A03AD01;papaverine;0.1;g;P;NA;PAPAVERINA
A03AD02;drotaverine;0.1;g;O;NA;DROTAVERINA
A03AD02;drotaverine;0.1;g;P;NA;DROTAVERINA
A03AD30;moxaverine;50;mg;O;NA;MOXAVERINA
A03AE;Serotonin receptor antagonists;NA;NA;NA;NA;ANTAGONISTAS DE LOS RECEPTORES DE SEROTONINA
A03AE01;alosetron;1;mg;O;NA;ALOSETRON
A03AE03;cilansetron;NA;NA;NA;NA;CILANSETRÓN
A03AX;Other drugs for functional gastrointestinal disorders;NA;NA;NA;NA;OTROS FÁRMACOS PARA LOS TRASTORNOS GASTROINTESTINALES FUNCIONALES
A03AX01;fenpiprane;NA;NA;NA;NA;FENPIPRANE
A03AX02;diisopromine;NA;NA;NA;NA;DIISOPROMINA
A03AX03;chlorbenzoxamine;0.15;g;O;NA;CLORBENZOXAMINA
A03AX04;pinaverium;0.15;g;O;NA;PINAVERIUM
A03AX05;fenoverine;NA;NA;NA;NA;FENOVERINA
A03AX06;idanpramine;NA;NA;NA;NA;IDANPRAMINA
A03AX07;proxazole;NA;NA;NA;NA;PROXAZOL
A03AX08;alverine;NA;NA;NA;NA;ALVERINE
A03AX09;trepibutone;NA;NA;NA;NA;TREPIBUTONA
A03AX10;isometheptene;NA;NA;NA;NA;ISOMETHEPTENE
A03AX11;caroverine;NA;NA;NA;NA;CAROVERINA
A03AX12;phloroglucinol;NA;NA;NA;NA;FLOROGLUCINOL
A03AX13;silicones;0.5;g;O;NA;SILICONAS
A03AX14;valethamate;NA;NA;NA;NA;SERVICIO DE VALETHAMATE
A03AX15;menthae piperitae aetheroleum;NA;NA;NA;NA;MENTHAE PIPERITAE AETHEROLEUM
A03AX30;trimethyldiphenylpropylamine;50;mg;O;NA;TRIMETILDIFENILPROPILAMINA
A03AX30;trimethyldiphenylpropylamine;50;mg;P;NA;TRIMETILDIFENILPROPILAMINA
A03AX58;alverine, combinations;NA;NA;NA;NA;ALVERINE, COMBINACIONES
A03B;BELLADONNA AND DERIVATIVES, PLAIN;NA;NA;NA;NA;BELLADONNA Y DERIVADOS, SIMPLES
A03BA;Belladonna alkaloids, tertiary amines;NA;NA;NA;NA;ALCALOIDES DE BELLADONA, AMINAS TERCIARIAS
A03BA01;atropine;1.5;mg;O;NA;ATROPINA
A03BA01;atropine;1.5;mg;P;NA;ATROPINA
A03BA03;hyoscyamine;1.2;mg;O;NA;HYOSCYAMINE
A03BA04;belladonna total alkaloids;1;mg;O;NA;ALCALOIDES TOTALES DE BELLADONA
A03BB;Belladonna alkaloids, semisynthetic, quaternary ammonium compounds;NA;NA;NA;NA;ALCALOIDES DE BELLADONA, COMPUESTOS SEMISINTÉTICOS DE AMONIO CUATERNARIO
A03BB01;butylscopolamine;60;mg;O;NA;BUTILESCOPOLAMINA
A03BB01;butylscopolamine;60;mg;P;NA;BUTILESCOPOLAMINA
A03BB01;butylscopolamine;60;mg;R;NA;BUTILESCOPOLAMINA
A03BB02;methylatropine;3;mg;O;NA;METILATROPINA
A03BB03;methylscopolamine;12;mg;O;NA;METILESCOPOLAMINA
A03BB03;methylscopolamine;12;mg;P;NA;METILESCOPOLAMINA
A03BB04;fentonium;60;mg;O;NA;FENTONIO
A03BB05;cimetropium bromide;NA;NA;NA;NA;BROMURO DE CIMETROPIO
A03BB06;homatropine methylbromide;NA;NA;NA;NA;BROMURO DE METILHOMATROPINA
A03C;ANTISPASMODICS IN COMBINATION WITH PSYCHOLEPTICS;NA;NA;NA;NA;ANTIESPASMÓDICOS EN COMBINACIÓN CON PSICOLÉPTICOS
A03CA;Synthetic anticholinergic agents in combination with psycholeptics;NA;NA;NA;NA;AGENTES ANTICOLINÉRGICOS SINTÉTICOS EN COMBINACIÓN CON PSICOLÉPTICOS
A03CA01;isopropamide and psycholeptics;NA;NA;NA;NA;LA ISOPROPAMIDA Y LOS PSICOLÉPTICOS
A03CA02;clidinium and psycholeptics;NA;NA;NA;NA;CLIDINIUM Y PSICOLÉPTICOS
A03CA03;oxyphencyclimine and psycholeptics;NA;NA;NA;NA;OXIFENCIMINA Y PSICOLÉPTICOS
A03CA04;otilonium bromide and psycholeptics;NA;NA;NA;NA;BROMURO DE OTILONIO Y PSICOLÉPTICOS
A03CA05;glycopyrronium bromide and psycholeptics;NA;NA;NA;NA;BROMURO DE GLICOPIRRONIO Y PSICOLÉPTICOS
A03CA06;bevonium and psycholeptics;NA;NA;NA;NA;BEVONIUM Y PSICOLÉPTICOS
A03CA07;ambutonium and psycholeptics;NA;NA;NA;NA;EL AMBUTONIO Y LOS PSICOLÉPTICOS
A03CA08;diphemanil and psycholeptics;NA;NA;NA;NA;DIPHEMANIL Y PSICOLÉPTICOS
A03CA09;pipenzolate and psycholeptics;NA;NA;NA;NA;PIPENZOLATO Y PSICOLÉPTICOS
A03CA30;emepronium and psycholeptics;NA;NA;NA;NA;EMEPRONIO Y PSICOLÉPTICOS
A03CA34;propantheline and psycholeptics;NA;NA;NA;NA;PROPANTHELINE Y PSICOLÉPTICOS
A03CB;Belladonna and derivatives in combination with psycholeptics;NA;NA;NA;NA;BELLADONA Y DERIVADOS EN COMBINACIÓN CON PSICOLÉPTICOS
A03CB01;methylscopolamine and psycholeptics;NA;NA;NA;NA;METILESCOPOLAMINA Y PSICOLÉPTICOS
A03CB02;belladonna total alkaloids and psycholeptics;NA;NA;NA;NA;BELLADONA ALCALOIDES TOTALES Y PSICOLÉPTICOS
A03CB03;atropine and psycholeptics;NA;NA;NA;NA;ATROPINA Y PSICOLÉPTICOS
A03CB04;homatropine methylbromide and psycholeptics;NA;NA;NA;NA;EL METILBROMURO DE HOMATROPINA Y LOS PSICOLÉPTICOS
A03CB31;hyoscyamine and psycholeptics;NA;NA;NA;NA;LA HIOSCIAMINA Y LOS PSICOLÉPTICOS
A03CC;Other antispasmodics in combination with psycholeptics;NA;NA;NA;NA;OTROS ANTIESPASMÓDICOS EN COMBINACIÓN CON PSICOLÉPTICOS
A03D;ANTISPASMODICS IN COMBINATION WITH ANALGESICS;NA;NA;NA;NA;ANTIESPASMÓDICOS EN COMBINACIÓN CON ANALGÉSICOS
A03DA;Synthetic anticholinergic agents in combination with analgesics;NA;NA;NA;NA;AGENTES ANTICOLINÉRGICOS SINTÉTICOS EN COMBINACIÓN CON ANALGÉSICOS
A03DA01;tropenzilone and analgesics;NA;NA;NA;NA;TROPENZILONA Y ANALGÉSICOS
A03DA02;pitofenone and analgesics;NA;NA;NA;NA;PITOFENONA Y ANALGÉSICOS
A03DA03;bevonium and analgesics;NA;NA;NA;NA;BEVONIUM Y ANALGÉSICOS
A03DA04;ciclonium and analgesics;NA;NA;NA;NA;CICLONIO Y ANALGÉSICOS
A03DA05;camylofin and analgesics;NA;NA;NA;NA;CAMYLOFIN Y ANALGÉSICOS
A03DA06;trospium and analgesics;NA;NA;NA;NA;TROSPIUM Y ANALGÉSICOS
A03DA07;tiemonium iodide and analgesics;NA;NA;NA;NA;YODURO DE TIEMONIO Y ANALGÉSICOS
A03DB;Belladonna and derivatives in combination with analgesics;NA;NA;NA;NA;BELLADONA Y DERIVADOS EN COMBINACIÓN CON ANALGÉSICOS
A03DB04;butylscopolamine and analgesics;NA;NA;NA;NA;BUTILESCOPOLAMINA Y ANALGÉSICOS
A03DC;Other antispasmodics in combination with analgesics;NA;NA;NA;NA;OTROS ANTIESPASMÓDICOS EN COMBINACIÓN CON ANALGÉSICOS
A03E;ANTISPASMODICS AND ANTICHOLINERGICS IN COMBINATION WITH OTHER DRUGS;NA;NA;NA;NA;ANTIESPASMÓDICOS Y ANTICOLINÉRGICOS EN COMBINACIÓN CON OTROS FÁRMACOS
A03EA;Antispasmodics, psycholeptics and analgesics in combination;NA;NA;NA;NA;COMBINACIÓN DE ANTIESPASMÓDICOS, PSICOLÉPTICOS Y ANALGÉSICOS
A03ED;Antispasmodics in combination with other drugs;NA;NA;NA;NA;ANTIESPASMÓDICOS EN COMBINACIÓN CON OTROS FÁRMACOS
A03F;PROPULSIVES;NA;NA;NA;NA;PROPULSORES
A03FA;Propulsives;NA;NA;NA;NA;PROPULSORES
A03FA01;metoclopramide;30;mg;O;NA;METOCLOPRAMIDA
A03FA01;metoclopramide;30;mg;P;NA;METOCLOPRAMIDA
A03FA01;metoclopramide;30;mg;R;NA;METOCLOPRAMIDA
A03FA02;cisapride;30;mg;O;NA;CISAPRIDA
A03FA02;cisapride;30;mg;R;NA;CISAPRIDA
A03FA03;domperidone;30;mg;O;NA;DOMPERIDONA
A03FA03;domperidone;30;mg;P;NA;DOMPERIDONA
A03FA03;domperidone;0.12;g;R;NA;DOMPERIDONA
A03FA04;bromopride;20;mg;O;NA;BROMOPRIDA
A03FA04;bromopride;20;mg;P;NA;BROMOPRIDA
A03FA05;alizapride;0.15;g;O;NA;ALIZAPRIDE
A03FA05;alizapride;0.15;g;P;NA;ALIZAPRIDE
A03FA06;clebopride;NA;NA;NA;NA;CLEBOPRIDE
A03FA07;itopride;0.15;g;O;NA;ITOPRIDE
A03FA08;cinitapride;NA;NA;NA;NA;CINITAPRIDA
A03FA09;mosapride;NA;NA;NA;NA;MOSAPRIDE
A03FA10;acotiamide;NA;NA;NA;NA;ACOTIAMIDA
A04;ANTIEMETICS AND ANTINAUSEANTS;NA;NA;NA;NA;ANTIEMÉTICOS Y ANTINAUSEABUNDOS
A04A;ANTIEMETICS AND ANTINAUSEANTS;NA;NA;NA;NA;ANTIEMÉTICOS Y ANTINAUSEABUNDOS
A04AA;Serotonin (5HT3) antagonists;NA;NA;NA;NA;ANTAGONISTAS DE LA SEROTONINA (5HT3)
A04AA01;ondansetron;16;mg;O;NA;ONDANSETRÓN
A04AA01;ondansetron;16;mg;P;NA;ONDANSETRÓN
A04AA01;ondansetron;16;mg;R;NA;ONDANSETRÓN
A04AA02;granisetron;2;mg;O;NA;GRANISETRÓN
A04AA02;granisetron;3;mg;P;NA;GRANISETRÓN
A04AA02;granisetron;3.1;mg;TD;NA;GRANISETRÓN
A04AA03;tropisetron;5;mg;O;NA;TROPISETRÓN
A04AA03;tropisetron;5;mg;P;NA;TROPISETRÓN
A04AA04;dolasetron;0.2;g;O;NA;DOLASETRON
A04AA04;dolasetron;0.1;g;P;NA;DOLASETRON
A04AA05;palonosetron;0.5;mg;O;NA;PALONOSTRÓN
A04AA05;palonosetron;0.25;mg;P;NA;PALONOSTRÓN
A04AA55;palonosetron, combinations;NA;NA;NA;NA;PALONOSTRÓN, COMBINACIONES
A04AD;Other antiemetics;NA;NA;NA;NA;OTROS ANTIEMÉTICOS
A04AD01;scopolamine;NA;NA;NA;NA;ESCOPOLAMINA
A04AD02;cerium oxalate;NA;NA;NA;NA;OXALATO DE CERIO
A04AD04;chlorobutanol;NA;NA;NA;NA;CLOROBUTANOL
A04AD05;metopimazine;15;mg;O;NA;METOPIMAZINA
A04AD05;metopimazine;15;mg;P;NA;METOPIMAZINA
A04AD10;dronabinol;NA;NA;NA;NA;DRONABINOL
A04AD11;nabilone;3;mg;O;NA;NABILONA
A04AD12;aprepitant;165;mg;O;NA;APREPITANT
A04AD12;aprepitant;150;mg;P;Refers to fosaprepitant;APREPITANT
A04AD13;casopitant;NA;NA;NA;NA;CASOPITANT
A04AD14;rolapitant;0.18;g;O;NA;ROLAPITANT
A04AD51;scopolamine, combinations;NA;NA;NA;NA;ESCOPOLAMINA, COMBINACIONES
A04AD54;chlorobutanol, combinations;NA;NA;NA;NA;CLOROBUTANOL, COMBINACIONES
A05;BILE AND LIVER THERAPY;NA;NA;NA;NA;TERAPIA BILIAR E HÍGADO
A05A;BILE THERAPY;NA;NA;NA;NA;TERAPIA BILIAR
A05AA;Bile acids and derivatives;NA;NA;NA;NA;ÁCIDOS BILIARES Y DERIVADOS
A05AA01;chenodeoxycholic acid;1;g;O;NA;ÁCIDO QUENODESOXICÓLICO
A05AA02;ursodeoxycholic acid;0.75;g;O;NA;ÁCIDO URSODESOXICÓLICO
A05AA03;cholic acid;NA;NA;NA;NA;ÁCIDO CÓLICO
A05AA04;obeticholic acid;10;mg;O;NA;ÁCIDO OBETICÓLICO
A05AA05;ursodoxicoltaurine;NA;NA;NA;NA;URSODOXICOLTAURINA
A05AB;Preparations for biliary tract therapy;NA;NA;NA;NA;PREPARACIONES PARA LA TERAPIA DE LAS VÍAS BILIARES
A05AB01;nicotinyl methylamide;NA;NA;NA;NA;NICOTINIL METILAMIDA
A05AX;Other drugs for bile therapy;NA;NA;NA;NA;OTROS FÁRMACOS PARA LA TERAPIA BILIAR
A05AX01;piprozolin;NA;NA;NA;NA;PIPROZOLINA
A05AX02;hymecromone;NA;NA;NA;NA;HIMECROMONA
A05AX03;cyclobutyrol;NA;NA;NA;NA;CICLOBUTIROL
A05AX04;maralixibat chloride;NA;NA;NA;NA;CLORURO DE MARALIXIBAT
A05AX05;odevixibat;NA;NA;NA;NA;ODEVIXIBAT
A05AX06;elafibranor;NA;NA;NA;NA;ELAFIBRANOR
A05B;LIVER THERAPY, LIPOTROPICS;NA;NA;NA;NA;TERAPIA HEPÁTICA, LIPOTRÓPICOS
A05BA;Liver therapy;NA;NA;NA;NA;TERAPIA HEPÁTICA
A05BA01;arginine glutamate;NA;NA;NA;NA;GLUTAMATO DE ARGININA
A05BA03;silymarin;NA;NA;NA;NA;SILIMARINA
A05BA04;citiolone;NA;NA;NA;NA;CITIOLONA
A05BA05;epomediol;NA;NA;NA;NA;EPOMEDIOL
A05BA06;ornithine oxoglurate;NA;NA;NA;NA;OXOGLURATO DE ORNITINA
A05BA07;tidiacic arginine;NA;NA;NA;NA;ARGININA TIDIACÁRICA
A05BA08;glycyrrhizic acid;NA;NA;NA;NA;ÁCIDO GLICIRRÍCICO
A05BA09;metadoxine;NA;NA;NA;NA;METADOXINA
A05BA10;phospholipids;NA;NA;NA;NA;FOSFOLÍPIDOS
A05C;DRUGS FOR BILE THERAPY AND LIPOTROPICS IN COMBINATION;NA;NA;NA;NA;FÁRMACOS PARA LA TERAPIA BILIAR Y LOS LIPOTRÓPICOS EN COMBINACIÓN
A06;DRUGS FOR CONSTIPATION;NA;NA;NA;NA;MEDICAMENTOS PARA EL ESTREÑIMIENTO
A06A;DRUGS FOR CONSTIPATION;NA;NA;NA;NA;MEDICAMENTOS PARA EL ESTREÑIMIENTO
A06AA;Softeners, emollients;NA;NA;NA;NA;SUAVIZANTES, EMOLIENTES
A06AA01;liquid paraffin;15;g;O;NA;PARAFINA LÍQUIDA
A06AA02;docusate sodium;0.15;g;O;NA;DOCUSATO SÓDICO
A06AA51;liquid paraffin, combinations;NA;NA;NA;NA;PARAFINA LÍQUIDA, COMBINACIONES
A06AB;Contact laxatives;NA;NA;NA;NA;LAXANTES DE CONTACTO
A06AB01;oxyphenisatine;10;mg;O;NA;OXIFENISTATINA
A06AB02;bisacodyl;10;mg;O;NA;BISACODILO
A06AB02;bisacodyl;10;mg;R;NA;BISACODILO
A06AB03;dantron;50;mg;O;NA;DANTRON
A06AB04;phenolphthalein;0.2;g;O;NA;FENOLFTALEÍNA
A06AB05;castor oil;20;g;O;NA;ACEITE DE RICINO
A06AB06;senna glycosides;NA;NA;NA;NA;GLUCÓSIDOS DE SEN
A06AB07;cascara;NA;NA;NA;NA;CÁSCARA
A06AB08;sodium picosulfate;5;mg;O;NA;PICOSULFATO DE SODIO
A06AB09;bisoxatin;0.12;g;O;NA;BISOXATINA
A06AB20;contact laxatives in combination;NA;NA;NA;NA;LAXANTES DE CONTACTO EN COMBINACIÓN
A06AB30;contact laxatives in combination with belladonna alkaloids;NA;NA;NA;NA;LAXANTES DE CONTACTO EN COMBINACIÓN CON ALCALOIDES DE BELLADONA
A06AB52;bisacodyl, combinations;NA;NA;NA;NA;BISACODILO, COMBINACIONES
A06AB53;dantron, combinations;NA;NA;NA;NA;DANTRON, COMBINACIONES
A06AB56;senna glycosides, combinations;NA;NA;NA;NA;GLUCÓSIDOS DE SEN, COMBINACIONES
A06AB57;cascara, combinations;NA;NA;NA;NA;CÁSCARA, COMBINACIONES
A06AB58;sodium picosulfate, combinations;NA;NA;NA;NA;PICOSULFATO DE SODIO, COMBINACIONES
A06AC;Bulk-forming laxatives;NA;NA;NA;NA;LAXANTES FORMADORES DE MASA
A06AC01;ispaghula (psylla seeds);7;g;O;NA;ISPAGHULA (SEMILLAS DE PSILLA)
A06AC02;ethulose;3;g;O;NA;ETULOSA
A06AC03;sterculia;8;g;O;NA;STERCULIA
A06AC05;linseed;NA;NA;NA;NA;LINAZA
A06AC06;methylcellulose;2;g;O;NA;METILCELULOSA
A06AC07;triticum (wheat fibre);10;g;O;NA;TRITICUM (FIBRA DE TRIGO)
A06AC08;polycarbophil calcium;2.5;g;O;NA;POLICARBÓFILO DE CALCIO
A06AC51;ispaghula, combinations;NA;NA;NA;NA;ISPAGHULA, COMBINACIONES
A06AC53;sterculia, combinations;NA;NA;NA;NA;STERCULIA, COMBINACIONES
A06AC55;linseed, combinations;NA;NA;NA;NA;LINAZA, COMBINACIONES
A06AD;Osmotically acting laxatives;NA;NA;NA;NA;LAXANTES DE ACCIÓN OSMÓTICA
A06AD01;magnesium carbonate;7;g;O;NA;CARBONATO DE MAGNESIO
A06AD02;magnesium oxide;7;g;O;NA;ÓXIDO DE MAGNESIO
A06AD03;magnesium peroxide;NA;NA;NA;NA;PERÓXIDO DE MAGNESIO
A06AD04;magnesium sulfate;7;g;O;NA;SULFATO DE MAGNESIO
A06AD10;mineral salts in combination;NA;NA;NA;NA;SALES MINERALES EN COMBINACIÓN
A06AD11;lactulose;6.7;g;O;NA;LACTULOSA
A06AD12;lactitol;10;g;O;NA;LACTITOL
A06AD13;sodium sulfate;NA;NA;NA;NA;SULFATO DE SODIO
A06AD14;pentaerithrityl;NA;NA;NA;NA;PENTAERITRITILO
A06AD15;macrogol;10;g;O;NA;MACROGOL
A06AD16;mannitol;NA;NA;NA;NA;MANITOL
A06AD17;sodium phosphate;50;g;O;NA;FOSFATO DE SODIO
A06AD18;sorbitol;10;g;O;NA;SORBITOL
A06AD19;magnesium citrate;NA;NA;NA;NA;CITRATO DE MAGNESIO
A06AD21;sodium tartrate;NA;NA;NA;NA;TARTRATO DE SODIO
A06AD61;lactulose, combinations;NA;NA;NA;NA;LACTULOSA, COMBINACIONES
A06AD65;macrogol, combinations;NA;NA;NA;NA;MACROGOL, COMBINACIONES
A06AG;Enemas;NA;NA;NA;NA;ENEMAS
A06AG01;sodium phosphate;NA;NA;NA;NA;FOSFATO DE SODIO
A06AG02;bisacodyl;NA;NA;NA;NA;BISACODILO
A06AG03;dantron, incl. combinations;NA;NA;NA;NA;DANTRON, INCL. COMBINACIONES
A06AG04;glycerol;NA;NA;NA;NA;GLICEROL
A06AG06;oil;NA;NA;NA;NA;ACEITE
A06AG07;sorbitol;NA;NA;NA;NA;SORBITOL
A06AG10;docusate sodium, incl. combinations;NA;NA;NA;NA;DOCUSATO SÓDICO, INCL. COMBINACIONES
A06AG11;sodium lauryl sulfoacetate, incl. combinations;NA;NA;NA;NA;LAURIL SULFOACETATO DE SODIO, INCL. COMBINACIONES
A06AG20;combinations;NA;NA;NA;NA;COMBINACIONES
A06AH;Peripheral opioid receptor antagonists;NA;NA;NA;NA;ANTAGONISTAS DE LOS RECEPTORES OPIOIDES PERIFÉRICOS
A06AH01;methylnaltrexone bromide;6;mg;P;NA;BROMURO DE METILNALTREXONA
A06AH02;alvimopan;NA;NA;NA;NA;ALVIMOPAN
A06AH03;naloxegol;25;mg;O;NA;NALOXEGOL
A06AH04;naloxone;NA;NA;NA;NA;NALOXONA
A06AH05;naldemedine;0.2;mg;O;NA;NALDEMEDINA
A06AX;Other drugs for constipation;NA;NA;NA;NA;OTROS MEDICAMENTOS PARA EL ESTREÑIMIENTO
A06AX01;glycerol;NA;NA;NA;NA;GLICEROL
A06AX02;carbon dioxide producing drugs;NA;NA;NA;NA;DROGAS PRODUCTORAS DE DIÓXIDO DE CARBONO
A06AX03;lubiprostone;NA;NA;NA;NA;LUBIPROSTONA
A06AX04;linaclotide;0.29;mg;O;NA;LINACLOTIDA
A06AX05;prucalopride;2;mg;O;NA;PRUCALOPRIDA
A06AX06;tegaserod;12;mg;O;NA;TEGASEROD
A06AX07;plecanatide;3;mg;O;NA;PLECANATIDE
A06AX08;tenapanor;NA;NA;NA;NA;TENAPANOR
A06AX09;elobixibat;NA;NA;NA;NA;ELOBIXIBAT
A07;ANTIDIARRHEALS, INTESTINAL ANTIINFLAMMATORY/ANTIINFECTIVE AGENTS;NA;NA;NA;NA;ANTIDIARREICOS, ANTIINFLAMATORIOS/ANTIINFECCIOSOS INTESTINALES
A07A;INTESTINAL ANTIINFECTIVES;NA;NA;NA;NA;ANTIINFECCIOSOS INTESTINALES
A07AA;Antibiotics;NA;NA;NA;NA;ANTIBIÓTICOS
A07AA01;neomycin;5;g;O;NA;NEOMICINA
A07AA02;nystatin;1.5;MU;O;NA;NISTATINA
A07AA03;natamycin;0.3;g;O;NA;NATAMICINA
A07AA04;streptomycin;NA;NA;NA;NA;ESTREPTOMICINA
A07AA05;polymyxin B;3;MU;O;NA;POLIMIXINA B
A07AA06;paromomycin;3;g;O;NA;PAROMOMICINA
A07AA07;amphotericin B;0.4;g;O;NA;ANFOTERICINA B
A07AA08;kanamycin;3;g;O;NA;KANAMICINA
A07AA09;vancomycin;2;g;O;NA;VANCOMICINA
A07AA10;colistin;9;MU;O;NA;COLISTINA
A07AA11;rifaximin;0.6;g;O;NA;RIFAXIMINA
A07AA12;fidaxomicin;0.4;g;O;NA;FIDAXOMICINA
A07AA13;rifamycin;0.8;g;O;as sodium salt;RIFAMICINA
A07AA51;neomycin, combinations;NA;NA;NA;NA;NEOMICINA, COMBINACIONES
A07AA54;streptomycin, combinations;NA;NA;NA;NA;ESTREPTOMICINA, COMBINACIONES
A07AB;Sulfonamides;NA;NA;NA;NA;SULFONAMIDAS
A07AB02;phthalylsulfathiazole;9;g;O;NA;FTALISULFATIAZOL
A07AB03;sulfaguanidine;4;g;O;NA;SULFAGUANIDINA
A07AB04;succinylsulfathiazole;NA;NA;NA;NA;SUCCINILSULFATIAZOL
A07AC;Imidazole derivatives;NA;NA;NA;NA;DERIVADOS DEL IMIDAZOL
A07AC01;miconazole;1;g;O;NA;MICONAZOL
A07AX;Other intestinal antiinfectives;NA;NA;NA;NA;OTROS ANTIINFECCIOSOS INTESTINALES
A07AX01;broxyquinoline;NA;NA;NA;NA;BROXIQUINOLINA
A07AX02;acetarsol;NA;NA;NA;NA;ACETARSOL
A07AX03;nifuroxazide;0.6;g;O;NA;NIFUROXAZIDA
A07AX04;nifurzide;NA;NA;NA;NA;NIFURZIDE
A07B;INTESTINAL ADSORBENTS;NA;NA;NA;NA;ADSORENTES INTESTINALES
A07BA;Charcoal preparations;NA;NA;NA;NA;PREPARACIONES DE CARBÓN VEGETAL
A07BA01;medicinal charcoal;5;g;O;NA;CARBÓN VEGETAL MEDICINAL
A07BA51;medicinal charcoal, combinations;NA;NA;NA;NA;CARBÓN MEDICINAL, COMBINACIONES
A07BB;Bismuth preparations;NA;NA;NA;NA;PREPARACIONES DE BISMUTO
A07BC;Other intestinal adsorbents;NA;NA;NA;NA;OTROS ADSORBENTES INTESTINALES
A07BC01;pectin;NA;NA;NA;NA;PECTINA
A07BC02;kaolin;NA;NA;NA;NA;CAOLÍN
A07BC03;crospovidone;NA;NA;NA;NA;CROSPOVIDONA
A07BC04;attapulgite;NA;NA;NA;NA;ATAPULGITA
A07BC05;diosmectite;9;g;O;NA;DIOSMECTITA
A07BC30;combinations;NA;NA;NA;NA;COMBINACIONES
A07BC54;attapulgite, combinations;NA;NA;NA;NA;ATTAPULGITA, COMBINACIONES
A07C;ELECTROLYTES WITH CARBOHYDRATES;NA;NA;NA;NA;ELECTROLITOS CON HIDRATOS DE CARBONO
A07CA;Oral rehydration salt formulations;NA;NA;NA;NA;FORMULACIONES DE SALES DE REHIDRATACIÓN ORAL
A07D;ANTIPROPULSIVES;NA;NA;NA;NA;ANTIPROPULSORES
A07DA;Antipropulsives;NA;NA;NA;NA;ANTIPROPULSIVOS
A07DA01;diphenoxylate;15;mg;O;NA;DIFENOXILATO
A07DA02;opium;0.1;g;O;NA;OPIO
A07DA03;loperamide;10;mg;O;NA;LOPERAMIDA
A07DA04;difenoxin;NA;NA;NA;NA;DIFENOXINA
A07DA05;loperamide oxide;5;mg;O;NA;ÓXIDO DE LOPERAMIDA
A07DA06;eluxadoline;0.2;g;O;NA;ELUXADOLINA
A07DA52;morphine, combinations;NA;NA;NA;NA;MORFINA, COMBINACIONES
A07DA53;loperamide, combinations;NA;NA;NA;NA;LOPERAMIDA, COMBINACIONES
A07E;INTESTINAL ANTIINFLAMMATORY AGENTS;NA;NA;NA;NA;AGENTES ANTIINFLAMATORIOS INTESTINALES
A07EA;Corticosteroids acting locally;NA;NA;NA;NA;CORTICOSTEROIDES QUE ACTÚAN LOCALMENTE
A07EA01;prednisolone;NA;NA;NA;NA;PREDNISOLONA
A07EA02;hydrocortisone;NA;NA;NA;NA;HIDROCORTISONA
A07EA03;prednisone;NA;NA;NA;NA;PREDNISONA
A07EA04;betamethasone;NA;NA;NA;NA;BETAMETASONA
A07EA05;tixocortol;NA;NA;NA;NA;TIXOCORTOL
A07EA06;budesonide;9;mg;O;NA;BUDESONIDA
A07EA06;budesonide;1.5;mg;SL;NA;BUDESONIDA
A07EA07;beclometasone;NA;NA;NA;NA;BECLOMETASONA
A07EB;Antiallergic agents, excl. corticosteroids;NA;NA;NA;NA;ANTIALÉRGICOS, EXC. CORTICOSTEROIDES
A07EB01;cromoglicic acid;0.8;g;O;NA;ÁCIDO CROMOGLÍCICO
A07EC;Aminosalicylic acid and similar agents;NA;NA;NA;NA;ÁCIDO AMINOSALICÍLICO Y AGENTES SIMILARES
A07EC01;sulfasalazine;2;g;O;NA;SULFASALAZINA
A07EC01;sulfasalazine;2;g;R;NA;SULFASALAZINA
A07EC02;mesalazine;1.5;g;O;NA;MESALAZINA
A07EC02;mesalazine;1.5;g;R;NA;MESALAZINA
A07EC03;olsalazine;1;g;O;NA;OLSALAZINA
A07EC04;balsalazide;6.75;g;O;NA;BALSALAZIDA
A07F;ANTIDIARRHEAL MICROORGANISMS;NA;NA;NA;NA;MICROORGANISMOS ANTIDIARREICOS
A07FA;Antidiarrheal microorganisms;NA;NA;NA;NA;MICROORGANISMOS ANTIDIARREICOS
A07FA01;lactic acid producing organisms;NA;NA;NA;NA;ORGANISMOS PRODUCTORES DE ÁCIDO LÁCTICO
A07FA02;saccharomyces boulardii;1;g;O;NA;SACCHAROMYCES BOULARDII
A07FA03;escherichia coli;NA;NA;NA;NA;ESCHERICHIA COLI
A07FA51;lactic acid producing organisms, combinations;NA;NA;NA;NA;ORGANISMOS PRODUCTORES DE ÁCIDO LÁCTICO, COMBINACIONES
A07X;OTHER ANTIDIARRHEALS;NA;NA;NA;NA;OTROS ANTIDIARREICOS
A07XA;Other antidiarrheals;NA;NA;NA;NA;OTROS ANTIDIARREICOS
A07XA01;albumin tannate;3;g;O;NA;TANATO DE ALBÚMINA
A07XA02;ceratonia;NA;NA;NA;NA;CERATONIA
A07XA03;calcium compounds;NA;NA;NA;NA;COMPUESTOS DE CALCIO
A07XA04;racecadotril;NA;NA;NA;NA;DE RAZACADOTRIL
A07XA06;crofelemer;NA;NA;NA;NA;CROFELEMER
A07XA51;albumin tannate, combinations;NA;NA;NA;NA;TANATO DE ALBÚMINA, COMBINACIONES
A08;ANTIOBESITY PREPARATIONS, EXCL. DIET PRODUCTS;NA;NA;NA;NA;PREPARACIONES ANTIOBESIDAD, EXC. PRODUCTOS DIETÉTICOS
A08A;ANTIOBESITY PREPARATIONS, EXCL. DIET PRODUCTS;NA;NA;NA;NA;PREPARACIONES ANTIOBESIDAD, EXC. PRODUCTOS DIETÉTICOS
A08AA;Centrally acting antiobesity products;NA;NA;NA;NA;PRODUCTOS ANTIOBESIDAD DE ACCIÓN CENTRAL
A08AA01;phentermine;15;mg;O;NA;FENTERMINA
A08AA02;fenfluramine;0.12;g;O;NA;FENFLURAMINA
A08AA03;amfepramone;75;mg;O;NA;AMFEPRAMONA
A08AA04;dexfenfluramine;30;mg;O;NA;DEXFENFLURAMINA
A08AA05;mazindol;1;mg;O;NA;MAZINDOL
A08AA06;etilamfetamine;NA;NA;NA;NA;ETILAMFETAMINA
A08AA07;cathine;NA;NA;NA;NA;CATHINE
A08AA08;clobenzorex;NA;NA;NA;NA;CLOBENZOREX
A08AA09;mefenorex;NA;NA;NA;NA;MEFENOREX
A08AA10;sibutramine;10;mg;O;NA;SIBUTRAMINA
A08AA11;lorcaserin;NA;NA;NA;NA;LORCASERINA
A08AA12;setmelanotide;NA;NA;NA;NA;SETMELANOTIDE
A08AA51;phentermine and topiramate;NA;NA;NA;NA;FENTERMINA Y TOPIRAMATO
A08AA56;ephedrine, combinations;NA;NA;NA;NA;EFEDRINA, COMBINACIONES
A08AA62;bupropion and naltrexone;NA;NA;NA;NA;BUPROPIÓN Y NALTREXONA
A08AB;Peripherally acting antiobesity products;NA;NA;NA;NA;PRODUCTOS ANTIOBESIDAD DE ACCIÓN PERIFÉRICA
A08AB01;orlistat;0.36;g;O;NA;ORLISTAT
A08AX;Other antiobesity drugs;NA;NA;NA;NA;OTROS MEDICAMENTOS CONTRA LA OBESIDAD
A08AX01;rimonabant;20;mg;O;NA;RIMONABANT
A09;DIGESTIVES, INCL. ENZYMES;NA;NA;NA;NA;DIGESTIVOS, INCL. ENZIMAS
A09A;DIGESTIVES, INCL. ENZYMES;NA;NA;NA;NA;DIGESTIVOS, INCL. ENZIMAS
A09AA;Enzyme preparations;NA;NA;NA;NA;PREPARACIONES ENZIMÁTICAS
A09AA01;diastase;NA;NA;NA;NA;DIASTASA
A09AA02;multienzymes (lipase, protease etc.);NA;NA;NA;NA;MULTIENZIMAS (LIPASA, PROTEASA, ETC.)
A09AA03;pepsin;NA;NA;NA;NA;PEPSINA
A09AA04;tilactase;NA;NA;NA;NA;TILACTASA
A09AB;Acid preparations;NA;NA;NA;NA;PREPARACIONES ÁCIDAS
A09AB01;glutamic acid hydrochloride;1.5;g;O;NA;CLORHIDRATO DE ÁCIDO GLUTÁMICO
A09AB02;betaine hydrochloride;1;g;O;NA;CLORHIDRATO DE BETAÍNA
A09AB03;hydrochloric acid;NA;NA;NA;NA;ÁCIDO CLORHÍDRICO
A09AB04;citric acid;2;g;O;NA;ÁCIDO CÍTRICO
A09AC;Enzyme and acid preparations, combinations;NA;NA;NA;NA;PREPARACIONES ENZIMÁTICAS Y ÁCIDAS, COMBINACIONES
A09AC01;pepsin and acid preparations;NA;NA;NA;NA;PREPARACIONES DE PEPSINA Y ÁCIDO
A09AC02;multienzymes and acid preparations;NA;NA;NA;NA;MULTIENZIMAS Y PREPARACIONES ÁCIDAS
A10;DRUGS USED IN DIABETES;NA;NA;NA;NA;MEDICAMENTOS UTILIZADOS EN LA DIABETES
A10A;INSULINS AND ANALOGUES;NA;NA;NA;NA;INSULINAS Y ANÁLOGOS
A10AB;Insulins and analogues for injection, fast-acting;NA;NA;NA;NA;INSULINAS Y ANÁLOGOS INYECTABLES, DE ACCIÓN RÁPIDA
A10AB01;insulin (human);40;U;P;NA;INSULINA (HUMANA)
A10AB02;insulin (beef);40;U;P;NA;INSULINA (CARNE DE RES)
A10AB03;insulin (pork);40;U;P;NA;INSULINA (CARNE DE CERDO)
A10AB04;insulin lispro;40;U;P;NA;INSULINA LISPRO
A10AB05;insulin aspart;40;U;P;NA;INSULINA ASPART
A10AB06;insulin glulisine;40;U;P;NA;INSULINA GLULISINA
A10AB30;combinations;40;U;P;NA;COMBINACIONES
A10AC;Insulins and analogues for injection, intermediate-acting;NA;NA;NA;NA;INSULINAS Y ANÁLOGOS INYECTABLES, DE ACCIÓN INTERMEDIA
A10AC01;insulin (human);40;U;P;NA;INSULINA (HUMANA)
A10AC02;insulin (beef);40;U;P;NA;INSULINA (CARNE DE RES)
A10AC03;insulin (pork);40;U;P;NA;INSULINA (CARNE DE CERDO)
A10AC04;insulin lispro;40;U;P;NA;INSULINA LISPRO
A10AC30;combinations;40;U;P;NA;COMBINACIONES
A10AD;Insulins and analogues for injection, intermediate- or long-acting combined with fast-acting;NA;NA;NA;NA;INSULINAS Y ANÁLOGOS INYECTABLES, DE ACCIÓN INTERMEDIA O PROLONGADA COMBINADOS CON LÍQUIDOS DE ACCIÓN RÁPIDA
A10AD01;insulin (human);40;U;P;NA;INSULINA (HUMANA)
A10AD02;insulin (beef);40;U;P;NA;INSULINA (CARNE DE RES)
A10AD03;insulin (pork);40;U;P;NA;INSULINA (CARNE DE CERDO)
A10AD04;insulin lispro;40;U;P;NA;INSULINA LISPRO
A10AD05;insulin aspart;40;U;P;NA;INSULINA ASPART
A10AD06;insulin degludec and insulin aspart;40;U;P;NA;INSULINA DEGLUDEC E INSULINA ASPART
A10AD30;combinations;40;U;P;NA;COMBINACIONES
A10AE;Insulins and analogues for injection, long-acting;NA;NA;NA;NA;INSULINAS Y ANÁLOGOS INYECTABLES DE ACCIÓN PROLONGADA
A10AE01;insulin (human);40;U;P;NA;INSULINA (HUMANA)
A10AE02;insulin (beef);40;U;P;NA;INSULINA (CARNE DE RES)
A10AE03;insulin (pork);40;U;P;NA;INSULINA (CARNE DE CERDO)
A10AE04;insulin glargine;40;U;P;NA;INSULINA GLARGINA
A10AE05;insulin detemir;40;U;P;NA;INSULINA DETEMIR
A10AE06;insulin degludec;40;U;P;NA;INSULINA DEGLUDEC
A10AE07;insulin icodec;NA;NA;NA;NA;INSULINA ICODEC
A10AE30;combinations;40;U;P;NA;COMBINACIONES
A10AE54;insulin glargine and lixisenatide;40;U;P;Refers to insulin glargine;INSULINA GLARGINA Y LIXISENATIDA
A10AE56;insulin degludec and liraglutide;40;U;P;Refers to insulin degludec;INSULINA DEGLUDEC Y LIRAGLUTIDA
A10AF;Insulins and analogues for inhalation;NA;NA;NA;NA;INSULINAS Y ANÁLOGOS PARA INHALACIÓN
A10AF01;insulin (human);40;U;P;NA;INSULINA (HUMANA)
A10B;BLOOD GLUCOSE LOWERING DRUGS, EXCL. INSULINS;NA;NA;NA;NA;MEDICAMENTOS PARA REDUCIR LA GLUCOSA EN SANGRE, EXC. INSULINAS
A10BA;Biguanides;NA;NA;NA;NA;BIGUANIDAS
A10BA01;phenformin;0.1;g;O;NA;FENFORMINA
A10BA02;metformin;2;g;O;NA;METFORMINA
A10BA03;buformin;0.2;g;O;NA;BUFORMINA
A10BB;Sulfonylureas;NA;NA;NA;NA;SULFONILUREAS
A10BB01;glibenclamide;7;mg;O;microcryst.substance;GLIBENCLAMIDA
A10BB01;glibenclamide;10;mg;O;NA;GLIBENCLAMIDA
A10BB02;chlorpropamide;0.375;g;O;NA;CLORPROPAMIDA
A10BB03;tolbutamide;1.5;g;O;NA;TOLBUTAMIDA
A10BB04;glibornuride;38;mg;O;NA;GLIBORNURIA
A10BB05;tolazamide;0.5;g;O;NA;TOLAZAMIDA
A10BB06;carbutamide;0.75;g;O;NA;CARBUTAMIDA
A10BB07;glipizide;10;mg;O;NA;GLIPIZIDA
A10BB08;gliquidone;60;mg;O;NA;GLIQUIDONA
A10BB09;gliclazide;60;mg;O;NA;GLICLAZIDA
A10BB10;metahexamide;NA;NA;NA;NA;METAHEXAMIDA
A10BB11;glisoxepide;NA;NA;NA;NA;GLISOXEPIDE
A10BB12;glimepiride;2;mg;O;NA;GLIMEPIRIDA
A10BB31;acetohexamide;0.5;g;O;NA;ACETOHEXAMIDA
A10BC;Sulfonamides (heterocyclic);NA;NA;NA;NA;SULFONAMIDAS (HETEROCÍCLICAS)
A10BC01;glymidine;1;g;O;NA;GLIMIDINA
A10BD;Combinations of oral blood glucose lowering drugs;NA;NA;NA;NA;COMBINACIONES DE FÁRMACOS ORALES PARA REDUCIR LA GLUCOSA EN SANGRE
A10BD01;phenformin and sulfonylureas;NA;NA;NA;NA;FENFORMINA Y SULFONILUREAS
A10BD02;metformin and sulfonylureas;NA;NA;NA;NA;METFORMINA Y SULFONILUREAS
A10BD03;metformin and rosiglitazone;NA;NA;NA;NA;METFORMINA Y ROSIGLITAZONA
A10BD04;glimepiride and rosiglitazone;NA;NA;NA;NA;GLIMEPIRIDA Y ROSIGLITAZONA
A10BD05;metformin and pioglitazone;NA;NA;NA;NA;METFORMINA Y PIOGLITAZONA
A10BD06;glimepiride and pioglitazone;NA;NA;NA;NA;GLIMEPIRIDA Y PIOGLITAZONA
A10BD07;metformin and sitagliptin;NA;NA;NA;NA;METFORMINA Y SITAGLIPTINA
A10BD08;metformin and vildagliptin;NA;NA;NA;NA;METFORMINA Y VILDAGLIPTINA
A10BD09;pioglitazone and alogliptin;NA;NA;NA;NA;PIOGLITAZONA Y ALOGLIPTINA
A10BD10;metformin and saxagliptin;NA;NA;NA;NA;METFORMINA Y SAXAGLIPTINA
A10BD11;metformin and linagliptin;NA;NA;NA;NA;METFORMINA Y LINAGLIPTINA
A10BD12;pioglitazone and sitagliptin;NA;NA;NA;NA;PIOGLITAZONA Y SITAGLIPTINA
A10BD13;metformin and alogliptin;NA;NA;NA;NA;METFORMINA Y ALOGLIPTINA
A10BD14;metformin and repaglinide;NA;NA;NA;NA;METFORMINA Y REPAGLINIDA
A10BD15;metformin and dapagliflozin;NA;NA;NA;NA;METFORMINA Y DAPAGLIFLOZINA
A10BD16;metformin and canagliflozin;NA;NA;NA;NA;METFORMINA Y CANAGLIFLOZINA
A10BD17;metformin and acarbose;NA;NA;NA;NA;METFORMINA Y ACARBOSA
A10BD18;metformin and gemigliptin;NA;NA;NA;NA;METFORMINA Y GEMIGLIPTINA
A10BD19;linagliptin and empagliflozin;NA;NA;NA;NA;LINAGLIPTINA Y EMPAGLIFLOZINA
A10BD20;metformin and empagliflozin;NA;NA;NA;NA;METFORMINA Y EMPAGLIFLOZINA
A10BD21;saxagliptin and dapagliflozin;NA;NA;NA;NA;SAXAGLIPTINA Y DAPAGLIFLOZINA
A10BD22;metformin and evogliptin;NA;NA;NA;NA;METFORMINA Y EVOGLIPTINA
A10BD23;metformin and ertugliflozin;NA;NA;NA;NA;METFORMINA Y ERTUGLIFLOZINA
A10BD24;sitagliptin and ertugliflozin;NA;NA;NA;NA;SITAGLIPTINA Y ERTUGLIFLOZINA
A10BD25;metformin, saxagliptin and dapagliflozin;NA;NA;NA;NA;METFORMINA, SAXAGLIPTINA Y DAPAGLIFLOZINA
A10BD26;metformin and lobeglitazone;NA;NA;NA;NA;METFORMINA Y LOBEGLITAZONA
A10BD27;metformin, linagliptin and empagliflozin;NA;NA;NA;NA;METFORMINA, LINAGLIPTINA Y EMPAGLIFLOZINA
A10BD28;metformin and teneligliptin;NA;NA;NA;NA;METFORMINA Y TENELIGLIPTINA
A10BD29;sitagliptin and dapagliflozin;NA;NA;NA;NA;SITAGLIPTINA Y DAPAGLIFLOZINA
A10BF;Alpha glucosidase inhibitors;NA;NA;NA;NA;INHIBIDORES DE LA ALFA GLUCOSIDASA
A10BF01;acarbose;0.3;g;O;NA;ACARBOSA
A10BF02;miglitol;0.3;g;O;NA;MIGLITOL
A10BF03;voglibose;0.6;mg;O;NA;VOGLIBOSE
A10BG;Thiazolidinediones;NA;NA;NA;NA;TIAZOLIDINEDIONAS
A10BG01;troglitazone;0.4;g;O;NA;TROGLITAZONA
A10BG02;rosiglitazone;6;mg;O;NA;ROSIGLITAZONA
A10BG03;pioglitazone;30;mg;O;NA;PIOGLITAZONA
A10BG04;lobeglitazone;0.5;mg;O;NA;LOBEGLITAZONA
A10BH;Dipeptidyl peptidase 4 (DPP-4) inhibitors;NA;NA;NA;NA;INHIBIDORES DE LA DIPEPTIDIL PEPTIDASA 4 (DPP-4)
A10BH01;sitagliptin;0.1;g;O;NA;SITAGLIPTINA
A10BH02;vildagliptin;0.1;g;O;NA;VILDAGLIPTINA
A10BH03;saxagliptin;5;mg;O;NA;SAXAGLIPTINA
A10BH04;alogliptin;25;mg;O;NA;ALOGLIPTINA
A10BH05;linagliptin;5;mg;O;NA;LINAGLIPTINA
A10BH06;gemigliptin;50;mg;O;NA;GEMIGLIPTINA
A10BH07;evogliptin;5;mg;O;NA;EVOGLIPTINA
A10BH08;teneligliptin;20;mg;O;NA;TENELIGLIPTINA
A10BH51;sitagliptin and simvastatin;NA;NA;NA;NA;SITAGLIPTINA Y SIMVASTATINA
A10BH52;gemigliptin and rosuvastatin;NA;NA;NA;NA;GEGILIPTINA Y ROSUVASTATINA
A10BJ;Glucagon-like peptide-1 (GLP-1) analogues;NA;NA;NA;NA;ANÁLOGOS DEL PÉPTIDO SIMILAR AL GLUCAGÓN-1 (GLP-1)
A10BJ01;exenatide;0.286;mg;P;depot inj;EXENATIDA
A10BJ01;exenatide;15;mcg;P;NA;EXENATIDA
A10BJ02;liraglutide;1.5;mg;P;NA;LIRAGLUTIDA
A10BJ03;lixisenatide;20;mcg;P;NA;LIXISENATIDA
A10BJ04;albiglutide;5.7;mg;P;NA;ALBIGLUTIDA
A10BJ05;dulaglutide;0.16;mg;P;NA;DULAGLUTIDA
A10BJ06;semaglutide;10.5;mg;O;NA;SEMAGLUTIDA
A10BJ06;semaglutide;0.11;mg;P;NA;SEMAGLUTIDA
A10BJ07;beinaglutide;NA;NA;NA;NA;BEINAGLUTIDA
A10BK;Sodium-glucose co-transporter 2 (SGLT2) inhibitors;NA;NA;NA;NA;INHIBIDORES DEL COTRANSPORTADOR DE SODIO-GLUCOSA 2 (SGLT2)
A10BK01;dapagliflozin;10;mg;O;NA;DAPAGLIFLOZINA
A10BK02;canagliflozin;0.2;g;O;NA;CANAGLIFLOZINA
A10BK03;empagliflozin;17.5;mg;O;NA;EMPAGLIFLOZINA
A10BK04;ertugliflozin;10;mg;O;NA;ERTUGLIFLOZINA
A10BK05;ipragliflozin;NA;NA;NA;NA;IPRAGLIFLOZINA
A10BK06;sotagliflozin;NA;NA;NA;NA;SOTAGLIFLOZINA
A10BK07;luseogliflozin;NA;NA;NA;NA;LUSEOGLIFLOZINA
A10BK08;bexagliflozin;NA;NA;NA;NA;BEXAGLIFLOZINA
A10BX;Other blood glucose lowering drugs, excl. insulins;NA;NA;NA;NA;OTROS MEDICAMENTOS PARA REDUCIR LA GLUCOSA EN SANGRE, EXC. INSULINAS
A10BX01;guar gum;NA;NA;NA;NA;GOMA GUAR
A10BX02;repaglinide;4;mg;O;NA;REPAGLINIDA
A10BX03;nateglinide;0.36;g;O;NA;NATEGLINIDA
A10BX05;pramlintide;NA;NA;NA;NA;PRAMLINTIDA
A10BX06;benfluorex;0.45;g;O;NA;DE BENFLUORADO
A10BX08;mitiglinide;30;mg;O;NA;MITIGLINIDA
A10BX15;imeglimin;NA;NA;NA;NA;IMEGLIMIN
A10BX16;tirzepatide;NA;NA;NA;NA;TIRZEPATIDA
A10BX17;carfloglitazar;NA;NA;NA;NA;CARFLOGLITAZAR
A10BX18;dorzagliatin;NA;NA;NA;NA;DORZAGLIATIN
A10X;OTHER DRUGS USED IN DIABETES;NA;NA;NA;NA;OTROS MEDICAMENTOS UTILIZADOS EN LA DIABETES
A10XA;Aldose reductase inhibitors;NA;NA;NA;NA;INHIBIDORES DE LA ALDOSA REDUCTASA
A10XA01;tolrestat;NA;NA;NA;NA;TOLRESTAT
A10XX;Other drugs used in diabetes;NA;NA;NA;NA;OTROS MEDICAMENTOS UTILIZADOS EN LA DIABETES
A10XX01;teplizumab;NA;NA;NA;NA;TEPLIZUMAB
A11;VITAMINS;NA;NA;NA;NA;VITAMINAS
A11A;MULTIVITAMINS, COMBINATIONS;NA;NA;NA;NA;MULTIVITAMÍNICOS, COMBINACIONES
A11AA;Multivitamins with minerals;NA;NA;NA;NA;MULTIVITAMÍNICOS CON MINERALES
A11AA01;multivitamins and iron;NA;NA;NA;NA;MULTIVITAMÍNICOS Y HIERRO
A11AA02;multivitamins and calcium;NA;NA;NA;NA;MULTIVITAMÍNICOS Y CALCIO
A11AA03;multivitamins and other minerals, incl. combinations;NA;NA;NA;NA;MULTIVITAMÍNICOS Y OTROS MINERALES, INCL. COMBINACIONES
A11AA04;multivitamins and trace elements;NA;NA;NA;NA;MULTIVITAMÍNICOS Y OLIGOELEMENTOS
A11AB;Multivitamins, other combinations;NA;NA;NA;NA;MULTIVITAMÍNICOS, OTRAS COMBINACIONES
A11B;MULTIVITAMINS, PLAIN;NA;NA;NA;NA;MULTIVITAMÍNICOS NATURALES
A11BA;Multivitamins, plain;NA;NA;NA;NA;MULTIVITAMÍNICOS SOLOS
A11C;VITAMIN A AND D, INCL. COMBINATIONS OF THE TWO;NA;NA;NA;NA;VITAMINA A Y D, INCLUIDAS LAS COMBINACIONES DE LAS DOS
A11CA;Vitamin A, plain;NA;NA;NA;NA;VITAMINA A, NATURAL
A11CA01;retinol (vit A);50;TU;O;NA;RETINOL (VIT A)
A11CA01;retinol (vit A);50;TU;P;NA;RETINOL (VIT A)
A11CA02;betacarotene;NA;NA;NA;NA;BETACAROTENO
A11CB;Vitamin A and D in combination;NA;NA;NA;NA;VITAMINA A Y D EN COMBINACIÓN
A11CC;Vitamin D and analogues;NA;NA;NA;NA;VITAMINA D Y ANÁLOGOS
A11CC01;ergocalciferol;NA;NA;NA;NA;ERGOCALCIFEROL
A11CC02;dihydrotachysterol;1;mg;O;NA;DIHIDROTAQUISTEROL
A11CC03;alfacalcidol;1;mcg;O;NA;ALFACALCIDOL
A11CC03;alfacalcidol;1;mcg;P;NA;ALFACALCIDOL
A11CC04;calcitriol;1;mcg;O;NA;CALCITRIOL
A11CC04;calcitriol;1;mcg;P;NA;CALCITRIOL
A11CC05;colecalciferol;20;mcg;O;NA;COLECALCIFEROL
A11CC06;calcifediol;NA;NA;NA;NA;CALCIFEDIOL
A11CC20;combinations;NA;NA;NA;NA;COMBINACIONES
A11CC55;colecalciferol, combinations;NA;NA;NA;NA;COLECALCIFEROL, COMBINACIONES
A11D;VITAMIN B1, PLAIN AND IN COMBINATION WITH VITAMIN B6 AND B12;NA;NA;NA;NA;VITAMINA B1, SOLA Y EN COMBINACIÓN CON VITAMINA B6 Y B12
A11DA;Vitamin B1, plain;NA;NA;NA;NA;VITAMINA B1, NATURAL
A11DA01;thiamine (vit B1);50;mg;O;NA;TIAMINA (VIT B1)
A11DA01;thiamine (vit B1);50;mg;P;NA;TIAMINA (VIT B1)
A11DA02;sulbutiamine;NA;NA;NA;NA;SULBUTIAMINA
A11DA03;benfotiamine;NA;NA;NA;NA;BENFOTIAMINA
A11DB;Vitamin B1 in combination with vitamin B6 and/or vitamin B12;NA;NA;NA;NA;VITAMINA B1 EN COMBINACIÓN CON VITAMINA B6 Y/O VITAMINA B12
A11E;VITAMIN B-COMPLEX, INCL. COMBINATIONS;NA;NA;NA;NA;COMPLEJO VITAMÍNICO B, INCL. COMBINACIONES
A11EA;Vitamin B-complex, plain;NA;NA;NA;NA;COMPLEJO VITAMÍNICO B, NATURAL
A11EB;Vitamin B-complex with vitamin C;NA;NA;NA;NA;COMPLEJO VITAMÍNICO B CON VITAMINA C
A11EC;Vitamin B-complex with minerals;NA;NA;NA;NA;COMPLEJO VITAMÍNICO B CON MINERALES
A11ED;Vitamin B-complex with anabolic steroids;NA;NA;NA;NA;COMPLEJO VITAMÍNICO B CON ESTEROIDES ANABÓLICOS
A11EX;Vitamin B-complex, other combinations;NA;NA;NA;NA;COMPLEJO VITAMÍNICO B, OTRAS COMBINACIONES
A11G;ASCORBIC ACID (VITAMIN C), INCL. COMBINATIONS;NA;NA;NA;NA;ÁCIDO ASCÓRBICO (VITAMINA C), INCL. COMBINACIONES
A11GA;Ascorbic acid (vitamin C), plain;NA;NA;NA;NA;ÁCIDO ASCÓRBICO (VITAMINA C), NATURAL
A11GA01;ascorbic acid (vit C);0.2;g;O;NA;ÁCIDO ASCÓRBICO (VIT C)
A11GA01;ascorbic acid (vit C);0.2;g;P;NA;ÁCIDO ASCÓRBICO (VIT C)
A11GB;Ascorbic acid (vitamin C), combinations;NA;NA;NA;NA;ÁCIDO ASCÓRBICO (VITAMINA C), COMBINACIONES
A11GB01;ascorbic acid (vit C) and calcium;NA;NA;NA;NA;ÁCIDO ASCÓRBICO (VIT C) Y CALCIO
A11H;OTHER PLAIN VITAMIN PREPARATIONS;NA;NA;NA;NA;OTRAS PREPARACIONES VITAMÍNICAS SIMPLES
A11HA;Other plain vitamin preparations;NA;NA;NA;NA;OTRAS PREPARACIONES VITAMÍNICAS SIMPLES
A11HA01;nicotinamide;0.15;g;O;NA;NICOTINAMIDA
A11HA02;pyridoxine (vit B6);0.16;g;O;NA;PIRIDOXINA (VIT B6)
A11HA02;pyridoxine (vit B6);0.16;g;P;NA;PIRIDOXINA (VIT B6)
A11HA03;tocopherol (vit E);0.2;g;O;NA;TOCOFEROL (VIT E)
A11HA03;tocopherol (vit E);0.2;g;P;NA;TOCOFEROL (VIT E)
A11HA04;riboflavin (vit B2);NA;NA;NA;NA;RIBOFLAVINA (VIT B2)
A11HA05;biotin;NA;NA;NA;NA;BIOTINA
A11HA06;pyridoxal phosphate;NA;NA;NA;NA;FOSFATO DE PIRIDOXAL
A11HA07;inositol;NA;NA;NA;NA;INOSITOL
A11HA08;tocofersolan;0.2;g;O;Expressed as tocopherol;TOCOFERSOLAN
A11HA30;dexpanthenol;NA;NA;NA;NA;DEXPANTENOL
A11HA31;calcium pantothenate;NA;NA;NA;NA;PANTOTENATO DE CALCIO
A11HA32;pantethine;NA;NA;NA;NA;PANTETINA
A11J;OTHER VITAMIN PRODUCTS, COMBINATIONS;NA;NA;NA;NA;OTROS PRODUCTOS VITAMÍNICOS, COMBINACIONES
A11JA;Combinations of vitamins;NA;NA;NA;NA;COMBINACIONES DE VITAMINAS
A11JB;Vitamins with minerals;NA;NA;NA;NA;VITAMINAS CON MINERALES
A11JC;Vitamins, other combinations;NA;NA;NA;NA;VITAMINAS, OTRAS COMBINACIONES
A12;MINERAL SUPPLEMENTS;NA;NA;NA;NA;SUPLEMENTOS MINERALES
A12A;CALCIUM;NA;NA;NA;NA;CALCIO
A12AA;Calcium;NA;NA;NA;NA;CALCIO
A12AA01;calcium phosphate;2;g;O;NA;FOSFATO DE CALCIO
A12AA02;calcium glubionate;NA;NA;NA;NA;GLUBIONATO DE CALCIO
A12AA03;calcium gluconate;3;g;O;NA;GLUCONATO DE CALCIO
A12AA04;calcium carbonate;3;g;O;NA;CARBONATO DE CALCIO
A12AA05;calcium lactate;2;g;O;NA;LACTATO DE CALCIO
A12AA06;calcium lactate gluconate;3;g;O;equivalent to 0.5 g Ca2+;GLUCONATO DE LACTATO DE CALCIO
A12AA07;calcium chloride;NA;NA;NA;NA;CLORURO DE CALCIO
A12AA08;calcium glycerylphosphate;NA;NA;NA;NA;GLICERILFOSFATO DE CALCIO
A12AA09;calcium citrate lysine complex;0.5;g;O;NA;COMPLEJO DE CITRATO DE CALCIO LISINA
A12AA10;calcium glucoheptonate;3;g;O;NA;GLUCOHEPTONATO DE CALCIO
A12AA11;calcium pangamate;NA;NA;NA;NA;PANGAMATO DE CALCIO
A12AA13;calcium citrate;NA;NA;NA;NA;CITRATO DE CALCIO
A12AA20;calcium (different salts in combination);0.5;g;O;Ca2+;CALCIO (DIFERENTES SALES EN COMBINACIÓN)
A12AA30;calcium laevulate;NA;NA;NA;NA;LAEVULATO DE CALCIO
A12AX;Calcium, combinations with vitamin D and/or other drugs;NA;NA;NA;NA;CALCIO, COMBINACIONES CON VITAMINA D Y/U OTROS MEDICAMENTOS
A12B;POTASSIUM;NA;NA;NA;NA;POTASIO
A12BA;Potassium;NA;NA;NA;NA;POTASIO
A12BA01;potassium chloride;3;g;O;NA;CLORURO DE POTASIO
A12BA02;potassium citrate;4;g;O;NA;CITRATO DE POTASIO
A12BA03;potassium hydrogentartrate;7.5;g;O;NA;HIDROGENTARTRATO DE POTASIO
A12BA04;potassium hydrogencarbonate;4;g;O;NA;HIDROGENOCARBONATO DE POTASIO
A12BA05;potassium gluconate;NA;NA;NA;NA;GLUCONATO DE POTASIO
A12BA30;potassium (different salts in combination);NA;NA;NA;NA;POTASIO (DIFERENTES SALES EN COMBINACIÓN)
A12BA51;potassium chloride, combinations;NA;NA;NA;NA;CLORURO DE POTASIO, COMBINACIONES
A12C;OTHER MINERAL SUPPLEMENTS;NA;NA;NA;NA;OTROS SUPLEMENTOS MINERALES
A12CA;Sodium;NA;NA;NA;NA;SODIO
A12CA01;sodium chloride;1;g;O;NA;CLORURO DE SODIO
A12CA02;sodium sulfate;NA;NA;NA;NA;SULFATO DE SODIO
A12CB;Zinc;NA;NA;NA;NA;ZINC
A12CB01;zinc sulfate;0.6;g;O;NA;SULFATO DE ZINC
A12CB02;zinc gluconate;NA;NA;NA;NA;GLUCONATO DE ZINC
A12CB03;zinc protein complex;NA;NA;NA;NA;COMPLEJO DE PROTEÍNAS DE ZINC
A12CC;Magnesium;NA;NA;NA;NA;MAGNESIO
A12CC01;magnesium chloride;2.5;g;O;NA;CLORURO DE MAGNESIO
A12CC02;magnesium sulfate;3;g;O;NA;SULFATO DE MAGNESIO
A12CC03;magnesium gluconate;5;g;O;NA;GLUCONATO DE MAGNESIO
A12CC04;magnesium citrate;2;g;O;NA;CITRATO DE MAGNESIO
A12CC05;magnesium aspartate;NA;NA;NA;NA;ASPARTATO DE MAGNESIO
A12CC06;magnesium lactate;NA;NA;NA;NA;LACTATO DE MAGNESIO
A12CC07;magnesium levulinate;NA;NA;NA;NA;LEVULINATO DE MAGNESIO
A12CC08;magnesium pidolate;NA;NA;NA;NA;PIDALATO DE MAGNESIO
A12CC09;magnesium orotate;NA;NA;NA;NA;OROTATO DE MAGNESIO
A12CC10;magnesium oxide;NA;NA;NA;NA;ÓXIDO DE MAGNESIO
A12CC30;magnesium (different salts in combination);NA;NA;NA;NA;MAGNESIO (DIFERENTES SALES EN COMBINACIÓN)
A12CD;Fluoride;NA;NA;NA;NA;FLUORURO
A12CD01;sodium fluoride;88;mg;O;40 mg fluoride;FLUORURO DE SODIO
A12CD02;sodium monofluorophosphate;0.152;g;O;20 mg fluoride;MONOFLUOROFOSFATO DE SODIO
A12CD51;fluoride, combinations;NA;NA;NA;NA;FLÚOR, COMBINACIONES
A12CE;Selenium;NA;NA;NA;NA;SELENIO
A12CE01;sodium selenate;0.2;mg;O;Se;SELENATO DE SODIO
A12CE02;sodium selenite;0.2;mg;O;Se;SELENITO DE SODIO
A12CX;Other mineral products;NA;NA;NA;NA;OTROS PRODUCTOS MINERALES
A13;TONICS;NA;NA;NA;NA;TÓNICOS
A13A;TONICS;NA;NA;NA;NA;TÓNICOS
A14;ANABOLIC AGENTS FOR SYSTEMIC USE;NA;NA;NA;NA;AGENTES ANABÓLICOS DE USO SISTÉMICO
A14A;ANABOLIC STEROIDS;NA;NA;NA;NA;ESTEROIDES ANABÓLICOS
A14AA;Androstan derivatives;NA;NA;NA;NA;DERIVADOS DE ANDROSTÁN
A14AA01;androstanolone;NA;NA;NA;NA;ANDROSTANOLONA
A14AA02;stanozolol;5;mg;O;NA;ESTANOZOLOL
A14AA02;stanozolol;3.5;mg;P;NA;ESTANOZOLOL
A14AA03;metandienone;5;mg;O;NA;METANDIENONA
A14AA04;metenolone;10;mg;O;NA;METENOLONA
A14AA04;metenolone;7;mg;P;NA;METENOLONA
A14AA05;oxymetholone;0.25;g;O;NA;OXIMETOLONA
A14AA06;quinbolone;NA;NA;NA;NA;QUINBOLONE
A14AA07;prasterone;NA;NA;NA;NA;PRASTERONA
A14AA08;oxandrolone;NA;NA;NA;NA;OXANDROLONA
A14AA09;norethandrolone;NA;NA;NA;NA;NORETHANDROLONE
A14AB;Estren derivatives;NA;NA;NA;NA;DERIVADOS DE ESTREN
A14AB01;nandrolone;2;mg;P;NA;NANDROLONA
A14AB02;ethylestrenol;2;mg;O;NA;ETILESTRENOL
A14AB03;oxabolone cipionate;NA;NA;NA;NA;CIPIONATO DE OXABOLONA
A14B;OTHER ANABOLIC AGENTS;NA;NA;NA;NA;OTROS AGENTES ANABÓLICOS
A15;APPETITE STIMULANTS;NA;NA;NA;NA;ESTIMULANTES DEL APETITO
A16;OTHER ALIMENTARY TRACT AND METABOLISM PRODUCTS;NA;NA;NA;NA;OTROS PRODUCTOS PARA EL TRACTO ALIMENTARIO Y EL METABOLISMO
A16A;OTHER ALIMENTARY TRACT AND METABOLISM PRODUCTS;NA;NA;NA;NA;OTROS PRODUCTOS PARA EL TRACTO ALIMENTARIO Y EL METABOLISMO
A16AA;Amino acids and derivatives;NA;NA;NA;NA;AMINOÁCIDOS Y DERIVADOS
A16AA01;levocarnitine;2;g;O;NA;LEVOCARNITINA
A16AA01;levocarnitine;2;g;P;NA;LEVOCARNITINA
A16AA02;ademetionine;NA;NA;NA;NA;ADEMETIONINA
A16AA03;glutamine;NA;NA;NA;NA;GLUTAMINA
A16AA04;mercaptamine;2;g;O;NA;MERCAPTAMINA
A16AA05;carglumic acid;0.2;g;O;NA;ÁCIDO CARGLÚMICO
A16AA06;betaine;6;g;O;NA;BETAÍNA
A16AA07;metreleptin;NA;NA;NA;NA;METRELEPTINA
A16AB;Enzymes;NA;NA;NA;NA;ENZIMAS
A16AB01;alglucerase;NA;NA;NA;NA;ALGLUCERASA
A16AB02;imiglucerase;300;U;P;NA;IMIGLUCERASA
A16AB03;agalsidase alfa;1;mg;P;NA;AGALSIDASA ALFA
A16AB04;agalsidase beta;5;mg;P;NA;AGALSIDASA BETA
A16AB05;laronidase;1;TU;P;NA;LARONIDASA
A16AB06;sacrosidase;68;TU;O;NA;SACROSIDASA
A16AB07;alglucosidase alfa;0.1;g;P;NA;ALGLUCOSIDASA ALFA
A16AB08;galsulfase;NA;NA;NA;NA;GALSULFASA
A16AB09;idursulfase;NA;NA;NA;NA;IDURSULFASA
A16AB10;velaglucerase alfa;300;U;P;NA;VELAGLUCERASA ALFA
A16AB11;taliglucerase alfa;NA;NA;NA;NA;TALIGLUCERASA ALFA
A16AB12;elosulfase alfa;20;mg;P;NA;ELOSULFASA ALFA
A16AB13;asfotase alfa;NA;NA;NA;NA;ASFOTASA ALFA
A16AB14;sebelipase alfa;5;mg;P;NA;SEBELIPASA ALFA
A16AB15;velmanase alfa;10;mg;P;NA;VELMANASE ALFA
A16AB16;idursulfase beta;NA;NA;NA;NA;IDURSULFASA BETA
A16AB17;cerliponase alfa;21;mg;P;NA;CERLIPONASA ALFA
A16AB18;vestronidase alfa;NA;NA;NA;NA;VESTRONIDASA ALFA
A16AB19;pegvaliase;NA;NA;NA;NA;PEGVALIASA
A16AB20;pegunigalsidase alfa;NA;NA;NA;NA;PEGUNIGALSIDASA ALFA
A16AB21;atidarsagene autotemcel;NA;NA;NA;NA;ATIDARSAGENE AUTOTEMCEL
A16AB22;avalglucosidase alfa;NA;NA;NA;NA;AVALGLUCOSIDASA ALFA
A16AB23;cipaglucosidase alfa;NA;NA;NA;NA;CIPAGLUCOSIDASA ALFA
A16AB24;pegzilarginase;NA;NA;NA;NA;PEGZILARGINASA
A16AB25;olipudase alfa;NA;NA;NA;NA;OLIPUDASA ALFA
A16AB26;eladocagene exuparvovec;NA;NA;NA;NA;ELADOCAGENE EXUPARVOVEC
A16AB27;pabinafusp alfa;NA;NA;NA;NA;PABINAFUSP ALFA
A16AX;Various alimentary tract and metabolism products;NA;NA;NA;NA;DIVERSOS PRODUCTOS PARA EL TRACTO ALIMENTARIO Y EL METABOLISMO
A16AX01;thioctic acid;0.6;g;O;NA;ÁCIDO TIÓCTICO
A16AX01;thioctic acid;0.6;g;P;NA;ÁCIDO TIÓCTICO
A16AX02;anethole trithione;NA;NA;NA;NA;ANETOL TRITHIONE
A16AX03;sodium phenylbutyrate;20;g;O;NA;FENILBUTIRATO DE SODIO
A16AX04;nitisinone;20;mg;O;NA;NITISINONA
A16AX05;zinc acetate;0.15;g;O;NA;ACETATO DE ZINC
A16AX06;miglustat;0.3;g;O;NA;MIGLUSTAT
A16AX07;sapropterin;NA;NA;NA;NA;SAPROPTERINA
A16AX08;teduglutide;5;mg;P;NA;TEDUGLUTIDA
A16AX09;glycerol phenylbutyrate;15;g;O;NA;FENILBUTIRATO DE GLICEROL
A16AX10;eliglustat;0.168;g;O;NA;ELIGLUSTAT
A16AX11;sodium benzoate;NA;NA;NA;NA;BENZOATO DE SODIO
A16AX12;trientine;0.45;g;O;Expressed as trientine;TRIENTINO
A16AX13;uridine triacetate;NA;NA;NA;NA;TRIACETATO DE URIDINA
A16AX14;migalastat;61.5;mg;O;NA;MIGALASTAT
A16AX15;telotristat;0.75;g;O;NA;TELOTRISTAT
A16AX16;givosiran;NA;NA;NA;NA;GIVOSIRAN
A16AX17;triheptanoin;NA;NA;NA;NA;TRIHEPTANOÍNA
A16AX18;lumasiran;NA;NA;NA;NA;LUMASIRAN
A16AX19;fosdenopterin;NA;NA;NA;NA;FOSDENOPTERINA
A16AX20;lonafarnib;NA;NA;NA;NA;LONAFARNIB
A16AX21;elivaldogene autotemcel;NA;NA;NA;NA;ELIVALDOGENE AUTOTEMCEL
A16AX22;tiomolibdic acid;NA;NA;NA;NA;ÁCIDO TIOMOLÍDICO
A16AX23;leriglitazone;NA;NA;NA;NA;LERIGLITAZONA
A16AX30;sodium benzoate and sodium phenylacetate;NA;NA;NA;NA;BENZOATO DE SODIO Y FENILACETATO DE SODIO
B;BLOOD AND BLOOD FORMING ORGANS;NA;NA;NA;NA;SANGRE Y ÓRGANOS FORMADORES DE SANGRE
B01;ANTITHROMBOTIC AGENTS;NA;NA;NA;NA;AGENTES ANTITROMBÓTICOS
B01A;ANTITHROMBOTIC AGENTS;NA;NA;NA;NA;AGENTES ANTITROMBÓTICOS
B01AA;Vitamin K antagonists;NA;NA;NA;NA;ANTAGONISTAS DE LA VITAMINA K
B01AA01;dicoumarol;0.1;g;O;NA;DICUMAROL
B01AA02;phenindione;0.1;g;O;NA;FENIDONA
B01AA03;warfarin;7.5;mg;O;NA;WARFARINA
B01AA03;warfarin;7.5;mg;P;NA;WARFARINA
B01AA04;phenprocoumon;3;mg;O;NA;FENPROCOUMON
B01AA07;acenocoumarol;5;mg;O;NA;ACENOCUMAROL
B01AA08;ethyl biscoumacetate;0.6;g;O;NA;BIZOMACETATO DE ETILO
B01AA09;clorindione;NA;NA;NA;NA;CLORINDIONA
B01AA10;diphenadione;NA;NA;NA;NA;DIFENADIONA
B01AA11;tioclomarol;NA;NA;NA;NA;TIOCLOMAROL
B01AA12;fluindione;NA;NA;NA;NA;FLUINDIONA
B01AB;Heparin group;NA;NA;NA;NA;GRUPO DE LA HEPARINA
B01AB01;heparin;10;TU;P;NA;HEPARINA
B01AB02;antithrombin III;2.1;TU;P;NA;ANTITROMBINA III
B01AB04;dalteparin;2.5;TU;P;anti Xa;DALTEPARINA
B01AB05;enoxaparin;2;TU;P;anti Xa;ENOXAPARINA
B01AB06;nadroparin;2.85;TU;P;anti Xa;NADROPARIN
B01AB07;parnaparin;3.2;TU;P;anti Xa;PARNAPARINA
B01AB08;reviparin;1.43;TU;P;anti Xa;REVIPARIN
B01AB09;danaparoid;1.5;TU;P;anti Xa;DANAPAROIDE
B01AB10;tinzaparin;3.5;TU;P;anti Xa;TINZAPARINA
B01AB11;sulodexide;500;LSU;O;LSU = lipoprotein lipase releasing units;SULODEXIDE
B01AB11;sulodexide;500;LSU;P;LSU = lipoprotein lipase releasing units;SULODEXIDE
B01AB12;bemiparin;2.5;TU;P;NA;BEMIPARINA
B01AB51;heparin, combinations;NA;NA;NA;NA;HEPARINA, COMBINACIONES
B01AC;Platelet aggregation inhibitors excl. heparin;NA;NA;NA;NA;INHIBIDORES DE LA AGREGACIÓN PLAQUETARIA, EXC. HEPARINA
B01AC01;ditazole;NA;NA;NA;NA;DITAZOL
B01AC02;cloricromen;NA;NA;NA;NA;CLORICROMEN
B01AC03;picotamide;NA;NA;NA;NA;PICOTAMIDA
B01AC04;clopidogrel;75;mg;O;NA;CLOPIDOGREL
B01AC05;ticlopidine;0.5;g;O;NA;TICLOPIDINA
B01AC06;acetylsalicylic acid;1;tablet;O;Independent of strength;ÁCIDO ACETILSALICÍLICO
B01AC07;dipyridamole;0.4;g;O;NA;DIPIRIDAMOL
B01AC07;dipyridamole;0.2;g;P;NA;DIPIRIDAMOL
B01AC08;carbasalate calcium;1;tablet;O;NA;CARBASALATO CÁLCICO
B01AC09;epoprostenol;NA;NA;NA;NA;EPOPROSTENOL
B01AC10;indobufen;NA;NA;NA;NA;INDOBUFENO
B01AC11;iloprost;0.15;mg;Inhal.solution;NA;ILOPROST
B01AC11;iloprost;50;mcg;P;NA;ILOPROST
B01AC13;abciximab;25;mg;P;NA;ABCIXIMAB
B01AC15;aloxiprin;NA;NA;NA;NA;ALOXIPRIN
B01AC16;eptifibatide;0.2;g;P;NA;EPTIFIBATIDE
B01AC17;tirofiban;10;mg;P;NA;TIROFIBAN
B01AC18;triflusal;0.6;g;O;NA;TRIFLUSAL
B01AC19;beraprost;NA;NA;NA;NA;BERAPROST
B01AC21;treprostinil;4.3;mg;P;NA;TREPROSTINIL
B01AC22;prasugrel;10;mg;O;NA;PRASUGREL
B01AC23;cilostazol;0.2;g;O;NA;CILOSTAZOL
B01AC24;ticagrelor;0.18;g;O;NA;TICAGRELOR
B01AC25;cangrelor;50;mg;P;NA;CANGRELOR
B01AC26;vorapaxar;2.08;mg;O;NA;VORAPAXAR
B01AC27;selexipag;1.8;mg;O;NA;SELEXIPAG
B01AC28;limaprost;NA;NA;NA;NA;LIMAPROST
B01AC30;combinations;NA;NA;NA;NA;COMBINACIONES
B01AC56;acetylsalicylic acid, combinations with proton pump inhibitors;NA;NA;NA;NA;ÁCIDO ACETILSALICÍLICO, COMBINACIONES CON INHIBIDORES DE LA BOMBA DE PROTONES
B01AD;Enzymes;NA;NA;NA;NA;ENZIMAS
B01AD01;streptokinase;1.5;MU;P;NA;ESTREPTOQUINASA
B01AD02;alteplase;0.1;g;P;NA;ALTEPLASA
B01AD03;anistreplase;30;U;P;NA;ANISTREPLASE
B01AD04;urokinase;3;MU;P;NA;UROKINASE
B01AD05;fibrinolysin;NA;NA;NA;NA;FIBRINOLISINA
B01AD06;brinase;NA;NA;NA;NA;SALINASA
B01AD07;reteplase;20;U;P;NA;RETEPLASA
B01AD08;saruplase;NA;NA;NA;NA;SARUPLASA
B01AD09;ancrod;NA;NA;NA;NA;ANCROD
B01AD10;drotrecogin alfa (activated);40;mg;P;NA;DROTRECOGIN ALFA (ACTIVADO)
B01AD11;tenecteplase;40;mg;P;NA;TENECTEPLASA
B01AD12;protein C;NA;NA;NA;NA;PROTEÍNA C
B01AD13;apadamtase alfa and cinaxadamtase alfa;NA;NA;NA;NA;APADAMTASA ALFA Y CINAXADAMTASA ALFA
B01AE;Direct thrombin inhibitors;NA;NA;NA;NA;INHIBIDORES DIRECTOS DE LA TROMBINA
B01AE01;desirudin;30;mg;P;NA;DESIRUDIN
B01AE02;lepirudin;0.25;g;P;NA;LEPIRUDINA
B01AE03;argatroban;0.2;g;P;NA;ARGATROBAN
B01AE04;melagatran;6;mg;P;NA;MELAGATRAN
B01AE05;ximelagatran;48;mg;O;NA;XIMELAGATRAN
B01AE06;bivalirudin;0.25;g;P;NA;BIVALIRUDIN
B01AE07;dabigatran etexilate;0.3;g;O;NA;DABIGATRÁN ETEXILATO
B01AF;Direct factor Xa inhibitors;NA;NA;NA;NA;INHIBIDORES DIRECTOS DEL FACTOR XA
B01AF01;rivaroxaban;20;mg;O;NA;RIVAROXABÁN
B01AF02;apixaban;10;mg;O;NA;APIXABÁN
B01AF03;edoxaban;60;mg;O;NA;EDOXABÁN
B01AF04;betrixaban;NA;NA;NA;NA;BETRIXABAN
B01AF51;rivaroxaban and acetylsalicylic acid;NA;NA;NA;NA;RIVAROXABÁN Y ÁCIDO ACETILSALICÍLICO
B01AX;Other antithrombotic agents;NA;NA;NA;NA;OTROS AGENTES ANTITROMBÓTICOS
B01AX01;defibrotide;1.75;g;P;NA;DEFIBROTIDA
B01AX04;dermatan sulfate;NA;NA;NA;NA;SULFATO DE DERMATÁN
B01AX05;fondaparinux;2.5;mg;P;NA;FONDAPARINUX
B01AX07;caplacizumab;10;mg;P;NA;CAPLACIZUMAB
B02;ANTIHEMORRHAGICS;NA;NA;NA;NA;ANTIHEMORRÁGICOS
B02A;ANTIFIBRINOLYTICS;NA;NA;NA;NA;ANTIFIBRINOLÍTICOS
B02AA;Amino acids;NA;NA;NA;NA;AMINOÁCIDOS
B02AA01;aminocaproic acid;16;g;O;NA;ÁCIDO AMINOCAPROICO
B02AA01;aminocaproic acid;16;g;P;NA;ÁCIDO AMINOCAPROICO
B02AA02;tranexamic acid;2;g;O;NA;ÁCIDO TRANEXÁMICO
B02AA02;tranexamic acid;2;g;P;NA;ÁCIDO TRANEXÁMICO
B02AA03;aminomethylbenzoic acid;0.25;g;O;NA;ÁCIDO AMINOMETILBENZOICO
B02AB;Proteinase inhibitors;NA;NA;NA;NA;INHIBIDORES DE LA PROTEINASA
B02AB01;aprotinin;500;TU;P;NA;APROTININA
B02AB02;alfa1 antitrypsin;0.6;g;P;NA;ALFA1 ANTITRIPSINA
B02AB04;camostat;NA;NA;NA;NA;CAMOSTAT
B02AB05;ulinastatin;NA;NA;NA;NA;ULINASTATINA
B02B;VITAMIN K AND OTHER HEMOSTATICS;NA;NA;NA;NA;VITAMINA K Y OTROS HEMOSTÁTICOS
B02BA;Vitamin K;NA;NA;NA;NA;VITAMINA K
B02BA01;phytomenadione;20;mg;O;NA;FITOMENADIONA
B02BA01;phytomenadione;20;mg;P;NA;FITOMENADIONA
B02BA02;menadione;10;mg;O;NA;MENADIONA
B02BA02;menadione;2;mg;P;NA;MENADIONA
B02BB;Fibrinogen;NA;NA;NA;NA;FIBRINÓGENO
B02BB01;fibrinogen, human;5;g;P;NA;FIBRINÓGENO HUMANO
B02BC;Local hemostatics;NA;NA;NA;NA;HEMOSTÁTICOS LOCALES
B02BC01;absorbable gelatin sponge;NA;NA;NA;NA;ESPONJA DE GELATINA ABSORBIBLE
B02BC02;oxidized cellulose;NA;NA;NA;NA;CELULOSA OXIDADA
B02BC03;tetragalacturonic acid hydroxymethylester;NA;NA;NA;NA;ÁCIDO TETRAGALACTURÓNICO HIDROXIMETILÉSTER
B02BC05;adrenalone;NA;NA;NA;NA;ADRENALONA
B02BC06;thrombin;NA;NA;NA;NA;TROMBINA
B02BC07;collagen;NA;NA;NA;NA;COLÁGENO
B02BC08;calcium alginate;NA;NA;NA;NA;ALGINATO DE CALCIO
B02BC09;epinephrine;NA;NA;NA;NA;EPINEFRINA
B02BC30;combinations;NA;NA;NA;NA;COMBINACIONES
B02BD;Blood coagulation factors;NA;NA;NA;NA;FACTORES DE COAGULACIÓN SANGUÍNEA
B02BD01;coagulation factor IX, II, VII and X in combination;NA;NA;NA;NA;FACTOR DE COAGULACIÓN IX, II, VII Y X EN COMBINACIÓN
B02BD02;coagulation factor VIII;NA;NA;NA;NA;FACTOR VIII DE COAGULACIÓN
B02BD03;factor VIII inhibitor bypassing activity;NA;NA;NA;NA;ACTIVIDAD DE DERIVACIÓN DEL INHIBIDOR DEL FACTOR VIII
B02BD04;coagulation factor IX;NA;NA;NA;NA;FACTOR IX DE COAGULACIÓN
B02BD05;coagulation factor VII;NA;NA;NA;NA;FACTOR DE COAGULACIÓN VII
B02BD06;von Willebrand factor and coagulation factor VIII in combination;NA;NA;NA;NA;FACTOR DE VON WILLEBRAND Y FACTOR VIII DE COAGULACIÓN EN COMBINACIÓN
B02BD07;coagulation factor XIII;NA;NA;NA;NA;FACTOR DE COAGULACIÓN XIII
B02BD08;coagulation factor VIIa;NA;NA;NA;NA;FACTOR DE COAGULACIÓN VIIA
B02BD10;von Willebrand factor;NA;NA;NA;NA;FACTOR VON WILLEBRAND
B02BD11;catridecacog;NA;NA;NA;NA;CATRIDECACOG
B02BD13;coagulation factor X;NA;NA;NA;NA;FACTOR DE COAGULACIÓN X
B02BD14;susoctocog alfa;NA;NA;NA;NA;SUSOCTOCOG ALFA
B02BD15;valoctocogene roxaparvovec;NA;NA;NA;NA;VALOCTOCOGÉN ROXAPARVOVEC
B02BD16;etranacogene dezaparvovec;NA;NA;NA;NA;ETRANACOGENE DEZAPARVOVEC
B02BD30;thrombin;NA;NA;NA;NA;TROMBINA
B02BX;Other systemic hemostatics;NA;NA;NA;NA;OTROS HEMOSTÁTICOS SISTÉMICOS
B02BX01;etamsylate;NA;NA;NA;NA;ETAMSILATO
B02BX02;carbazochrome;NA;NA;NA;NA;CARBAZOCROMO
B02BX03;batroxobin;NA;NA;NA;NA;BATROXOBIN
B02BX04;romiplostim;30;mcg;P;NA;ROMIPLOSTIM
B02BX05;eltrombopag;50;mg;O;NA;ELTROMBOPAG
B02BX06;emicizumab;15;mg;P;NA;EMICIZUMAB
B02BX07;lusutrombopag;NA;NA;NA;NA;LUSUTROMBOPAG
B02BX08;avatrombopag;20;mg;O;NA;AVATROMBOPAG
B02BX09;fostamatinib;0.2;g;O;NA;FOSTAMATINIB
B02BX10;concizumab;NA;NA;NA;NA;CONCIZUMAB
B03;ANTIANEMIC PREPARATIONS;NA;NA;NA;NA;PREPARACIONES ANTIANÉMICAS
B03A;IRON PREPARATIONS;NA;NA;NA;NA;PREPARACIONES DE HIERRO
B03AA;Iron bivalent, oral preparations;NA;NA;NA;NA;HIERRO BIVALENTE, PREPARACIONES ORALES
B03AA01;ferrous glycine sulfate;0.2;g;O;Fe2+;SULFATO DE GLICINA FERROSA
B03AA02;ferrous fumarate;0.2;g;O;Fe2+;FUMARATO FERROSO
B03AA03;ferrous gluconate;0.2;g;O;Fe2+;GLUCONATO FERROSO
B03AA04;ferrous carbonate;0.2;g;O;Fe2+;CARBONATO FERROSO
B03AA05;ferrous chloride;0.2;g;O;Fe2+;CLORURO FERROSO
B03AA06;ferrous succinate;0.2;g;O;Fe2+;SUCCINATO FERROSO
B03AA07;ferrous sulfate;0.2;g;O;Fe2+;SULFATO FERROSO
B03AA08;ferrous tartrate;0.2;g;O;Fe2+;TARTRATO FERROSO
B03AA09;ferrous aspartate;0.2;g;O;Fe2+;ASPARTATO FERROSO
B03AA10;ferrous ascorbate;0.2;g;O;Fe2+;ASCORBATO FERROSO
B03AA11;ferrous iodine;0.2;g;O;Fe2+;YODO FERROSO
B03AA12;ferrous sodium citrate;NA;NA;NA;NA;CITRATO DE SODIO FERROSO
B03AB;Iron trivalent, oral preparations;NA;NA;NA;NA;TRIVALANTE DE HIERRO, PREPARACIONES ORALES
B03AB01;ferric sodium citrate;0.75;g;O;Fe3+;CITRATO DE SODIO FÉRRICO
B03AB02;saccharated iron oxide;0.11;g;O;Fe3+;ÓXIDO DE HIERRO SACARADO
B03AB03;sodium feredetate;0.17;g;O;Fe3+;FEREDETATO DE SODIO
B03AB04;ferric hydroxide;NA;NA;NA;NA;HIDRÓXIDO FÉRRICO
B03AB05;ferric oxide polymaltose complexes;90;mg;O;Fe3+;ÓXIDO FÉRRICO COMPLEJOS DE POLIMALTOSA
B03AB07;chondroitin sulfate-iron complex;NA;NA;NA;NA;COMPLEJO DE SULFATO DE CONDROITINA Y HIERRO
B03AB08;ferric acetyl transferrin;NA;NA;NA;NA;ACETILTRANSFERRINA FÉRRICA
B03AB09;ferric proteinsuccinylate;80;mg;O;Fe3+;PROTEÍNAS FÉRRICASUCINILATO
B03AB10;ferric maltol;60;mg;O;Fe3+;MALTOL FÉRRICO
B03AC;Iron, parenteral preparations;NA;NA;NA;NA;HIERRO, PREPARACIONES PARENTERALES
B03AC;Iron, parenteral preparations;0.1;g;P;Fe;HIERRO, PREPARACIONES PARENTERALES
B03AD;Iron in combination with folic acid;NA;NA;NA;NA;HIERRO EN COMBINACIÓN CON ÁCIDO FÓLICO
B03AD01;ferrous amino acid complex and folic acid;NA;NA;NA;NA;COMPLEJO DE AMINOÁCIDOS FERROSOS Y ÁCIDO FÓLICO
B03AD02;ferrous fumarate and folic acid;NA;NA;NA;NA;FUMARATO FERROSO Y ÁCIDO FÓLICO
B03AD03;ferrous sulfate and folic acid;NA;NA;NA;NA;SULFATO FERROSO Y ÁCIDO FÓLICO
B03AD04;ferric oxide polymaltose complexes and folic acid;NA;NA;NA;NA;ÓXIDO FÉRRICO, COMPLEJOS DE POLIMALTOSA Y ÁCIDO FÓLICO
B03AD05;ferrous gluconate and folic acid;NA;NA;NA;NA;GLUCONATO FERROSO Y ÁCIDO FÓLICO
B03AE;Iron in other combinations;NA;NA;NA;NA;HIERRO EN OTRAS COMBINACIONES
B03AE01;iron, vitamin B12 and folic acid;NA;NA;NA;NA;HIERRO, VITAMINA B12 Y ÁCIDO FÓLICO
B03AE02;iron, multivitamins and folic acid;NA;NA;NA;NA;HIERRO, MULTIVITAMÍNICOS Y ÁCIDO FÓLICO
B03AE03;iron and multivitamins;NA;NA;NA;NA;HIERRO Y MULTIVITAMÍNICOS
B03AE04;iron, multivitamins and minerals;NA;NA;NA;NA;HIERRO, MULTIVITAMÍNICOS Y MINERALES
B03AE10;various combinations;NA;NA;NA;NA;VARIAS COMBINACIONES
B03B;VITAMIN B12 AND FOLIC ACID;NA;NA;NA;NA;VITAMINA B12 Y ÁCIDO FÓLICO
B03BA;Vitamin B12 (cyanocobalamin and analogues);NA;NA;NA;NA;VITAMINA B12 (CIANOCOBALAMINA Y ANÁLOGOS)
B03BA01;cyanocobalamin;70;mcg;N;NA;CIANOCOBALAMINA
B03BA01;cyanocobalamin;1;mg;O;NA;CIANOCOBALAMINA
B03BA01;cyanocobalamin;20;mcg;P;NA;CIANOCOBALAMINA
B03BA02;cyanocobalamin tannin complex;20;mcg;P;NA;COMPLEJO DE TANINOS DE CIANOCOBALAMINA
B03BA03;hydroxocobalamin;20;mcg;P;NA;HIDROXOCOBALAMINA
B03BA04;cobamamide;NA;NA;NA;NA;COBAMAMIDA
B03BA05;mecobalamin;1.5;mg;O;NA;MECOBALAMINA
B03BA05;mecobalamin;0.2;mg;P;NA;MECOBALAMINA
B03BA51;cyanocobalamin, combinations;NA;NA;NA;NA;CIANOCOBALAMINA, COMBINACIONES
B03BA53;hydroxocobalamin, combinations;NA;NA;NA;NA;HIDROXOCOBALAMINA, COMBINACIONES
B03BB;Folic acid and derivatives;NA;NA;NA;NA;ÁCIDO FÓLICO Y DERIVADOS
B03BB01;folic acid;0.4;mg;O;prophylactic dose;ÁCIDO FÓLICO
B03BB01;folic acid;10;mg;P;therapeutic dose;ÁCIDO FÓLICO
B03BB51;folic acid, combinations;NA;NA;NA;NA;ÁCIDO FÓLICO, COMBINACIONES
B03X;OTHER ANTIANEMIC PREPARATIONS;NA;NA;NA;NA;OTROS PREPARADOS ANTIANÉMICOS
B03XA;Other antianemic preparations;NA;NA;NA;NA;OTRAS PREPARACIONES ANTIANÉMICAS
B03XA01;erythropoietin;1;TU;P;NA;ERITROPOYETINA
B03XA02;darbepoetin alfa;4.5;mcg;P;NA;DARBEPOETIN ALFA
B03XA03;methoxy polyethylene glycol-epoetin beta;4;mcg;P;NA;METOXIPOLIETILENGLICOL-EPOETINA BETA
B03XA04;peginesatide;NA;NA;NA;NA;PEGINESATIDA
B03XA05;roxadustat;43;mg;O;NA;ROXADUSTAT
B03XA06;luspatercept;3.33;mg;P;NA;LUSPATERCEPT
B03XA07;daprodustat;NA;NA;NA;NA;DAPRODUSTAT
B03XA08;vadadustat;NA;NA;NA;NA;VADADUSTAT
B05;BLOOD SUBSTITUTES AND PERFUSION SOLUTIONS;NA;NA;NA;NA;SUSTITUTOS DE LA SANGRE Y SOLUCIONES DE PERFUSIÓN
B05A;BLOOD AND RELATED PRODUCTS;NA;NA;NA;NA;SANGRE Y PRODUCTOS RELACIONADOS
B05AA;Blood substitutes and plasma protein fractions;NA;NA;NA;NA;SUSTITUTOS SANGUÍNEOS Y FRACCIONES DE PROTEÍNAS PLASMÁTICAS
B05AA01;albumin;NA;NA;NA;NA;ALBÚMINA
B05AA02;other plasma protein fractions;NA;NA;NA;NA;OTRAS FRACCIONES DE PROTEÍNAS PLASMÁTICAS
B05AA03;fluorocarbon blood substitutes;NA;NA;NA;NA;SUSTITUTOS DE LA SANGRE CON FLUOROCARBONO
B05AA05;dextran;NA;NA;NA;NA;DEXTRANO
B05AA06;gelatin agents;NA;NA;NA;NA;AGENTES DE GELATINA
B05AA07;hydroxyethylstarch;NA;NA;NA;NA;HIDROXIETILALMIDÓN
B05AA08;hemoglobin crosfumaril;NA;NA;NA;NA;HEMOGLOBINA CROSFUMARIL
B05AA09;hemoglobin raffimer;NA;NA;NA;NA;HEMOGLOBINA RAFFIMER
B05AA10;hemoglobin glutamer (bovine);NA;NA;NA;NA;HEMOGLOBINA GLUTÓMERA (BOVINA)
B05AX;Other blood products;NA;NA;NA;NA;OTROS PRODUCTOS SANGUÍNEOS
B05AX01;erythrocytes;NA;NA;NA;NA;ERITROCITOS
B05AX02;thrombocytes;NA;NA;NA;NA;TROMBOCITOS
B05AX03;blood plasma;NA;NA;NA;NA;PLASMA SANGUÍNEO
B05AX04;stem cells from umbilical cord blood;NA;NA;NA;NA;CÉLULAS MADRE DE LA SANGRE DEL CORDÓN UMBILICAL
B05B;I.V. SOLUTIONS;NA;NA;NA;NA;SOLUCIONES I.V.
B05BA;Solutions for parenteral nutrition;NA;NA;NA;NA;SOLUCIONES PARA LA NUTRICIÓN PARENTERAL
B05BA01;amino acids;NA;NA;NA;NA;AMINOÁCIDOS
B05BA02;fat emulsions;NA;NA;NA;NA;EMULSIONES GRASAS
B05BA03;carbohydrates;NA;NA;NA;NA;CARBOHIDRATOS
B05BA04;protein hydrolysates;NA;NA;NA;NA;HIDROLIZADOS DE PROTEÍNAS
B05BA10;combinations;NA;NA;NA;NA;COMBINACIONES
B05BB;Solutions affecting the electrolyte balance;NA;NA;NA;NA;SOLUCIONES QUE AFECTAN AL EQUILIBRIO ELECTROLÍTICO
B05BB01;electrolytes;NA;NA;NA;NA;ELECTRÓLITOS
B05BB02;electrolytes with carbohydrates;NA;NA;NA;NA;ELECTROLITOS CON HIDRATOS DE CARBONO
B05BB03;trometamol;NA;NA;NA;NA;TROMETAMOL
B05BB04;electrolytes in combination with other drugs;NA;NA;NA;NA;ELECTROLITOS EN COMBINACIÓN CON OTROS FÁRMACOS
B05BC;Solutions producing osmotic diuresis;NA;NA;NA;NA;SOLUCIONES QUE PRODUCEN DIURESIS OSMÓTICA
B05BC01;mannitol;NA;NA;NA;NA;MANITOL
B05BC02;carbamide;NA;NA;NA;NA;CARBAMIDA
B05C;IRRIGATING SOLUTIONS;NA;NA;NA;NA;SOLUCIONES DE RIEGO
B05CA;Antiinfectives;NA;NA;NA;NA;ANTIINFECCIOSOS
B05CA01;cetylpyridinium;NA;NA;NA;NA;CETILPIRIDINIO
B05CA02;chlorhexidine;NA;NA;NA;NA;CLORHEXIDINA
B05CA03;nitrofural;NA;NA;NA;NA;NITROFURAL
B05CA04;sulfamethizole;NA;NA;NA;NA;SULFAMETHIZOL
B05CA05;taurolidine;NA;NA;NA;NA;TAUROLIDINA
B05CA06;mandelic acid;NA;NA;NA;NA;ÁCIDO MANDÉLICO
B05CA07;noxytiolin;NA;NA;NA;NA;NOXITIOLINA
B05CA08;ethacridine lactate;NA;NA;NA;NA;LACTATO DE ETACRIDINA
B05CA09;neomycin;NA;NA;NA;NA;NEOMICINA
B05CA10;combinations;NA;NA;NA;NA;COMBINACIONES
B05CB;Salt solutions;NA;NA;NA;NA;SOLUCIONES SALINAS
B05CB01;sodium chloride;NA;NA;NA;NA;CLORURO DE SODIO
B05CB02;sodium citrate;NA;NA;NA;NA;CITRATO DE SODIO
B05CB03;magnesium citrate;NA;NA;NA;NA;CITRATO DE MAGNESIO
B05CB04;sodium bicarbonate;NA;NA;NA;NA;BICARBONATO DE SODIO
B05CB10;combinations;NA;NA;NA;NA;COMBINACIONES
B05CX;Other irrigating solutions;NA;NA;NA;NA;OTRAS SOLUCIONES DE RIEGO
B05CX01;glucose;NA;NA;NA;NA;GLUCOSA
B05CX02;sorbitol;NA;NA;NA;NA;SORBITOL
B05CX03;glycine;NA;NA;NA;NA;GLICINA
B05CX04;mannitol;NA;NA;NA;NA;MANITOL
B05CX10;combinations;NA;NA;NA;NA;COMBINACIONES
B05D;PERITONEAL DIALYTICS;NA;NA;NA;NA;DIALÍTICOS PERITONEALES
B05DA;Isotonic solutions;NA;NA;NA;NA;SOLUCIONES ISOTÓNICAS
B05DB;Hypertonic solutions;NA;NA;NA;NA;SOLUCIONES HIPERTÓNICAS
B05X;I.V. SOLUTION ADDITIVES;NA;NA;NA;NA;ADITIVOS EN SOLUCIÓN I.V.
B05XA;Electrolyte solutions;NA;NA;NA;NA;SOLUCIONES ELECTROLÍTICAS
B05XA01;potassium chloride;NA;NA;NA;NA;CLORURO DE POTASIO
B05XA02;sodium bicarbonate;NA;NA;NA;NA;BICARBONATO DE SODIO
B05XA03;sodium chloride;NA;NA;NA;NA;CLORURO DE SODIO
B05XA04;ammonium chloride;NA;NA;NA;NA;CLORURO DE AMONIO
B05XA05;magnesium sulfate;NA;NA;NA;NA;SULFATO DE MAGNESIO
B05XA06;potassium phosphate, incl. combinations with other potassium salts;NA;NA;NA;NA;FOSFATO DE POTASIO, INCL. COMBINACIONES CON OTRAS SALES DE POTASIO
B05XA07;calcium chloride;NA;NA;NA;NA;CLORURO DE CALCIO
B05XA08;sodium acetate;NA;NA;NA;NA;ACETATO DE SODIO
B05XA09;sodium phosphate;NA;NA;NA;NA;FOSFATO DE SODIO
B05XA10;magnesium phosphate;NA;NA;NA;NA;FOSFATO DE MAGNESIO
B05XA11;magnesium chloride;NA;NA;NA;NA;CLORURO DE MAGNESIO
B05XA12;zinc chloride;NA;NA;NA;NA;CLORURO DE ZINC
B05XA13;hydrochloric acid;NA;NA;NA;NA;ÁCIDO CLORHÍDRICO
B05XA14;sodium glycerophosphate;NA;NA;NA;NA;GLICEROFOSFATO DE SODIO
B05XA15;potassium lactate;NA;NA;NA;NA;LACTATO DE POTASIO
B05XA16;cardioplegia solutions;NA;NA;NA;NA;SOLUCIONES PARA LA CARDIOPLEJIA
B05XA17;potassium acetate;NA;NA;NA;NA;ACETATO DE POTASIO
B05XA18;zinc sulfate;NA;NA;NA;NA;SULFATO DE ZINC
B05XA19;calcium gluconate;NA;NA;NA;NA;GLUCONATO DE CALCIO
B05XA20;sodium selenite;NA;NA;NA;NA;SELENITO DE SODIO
B05XA30;combinations of electrolytes;NA;NA;NA;NA;COMBINACIONES DE ELECTROLITOS
B05XA31;electrolytes in combination with other drugs;NA;NA;NA;NA;ELECTROLITOS EN COMBINACIÓN CON OTROS FÁRMACOS
B05XB;Amino acids;NA;NA;NA;NA;AMINOÁCIDOS
B05XB01;arginine hydrochloride;NA;NA;NA;NA;CLORHIDRATO DE ARGININA
B05XB02;alanyl glutamine;NA;NA;NA;NA;ALANIL GLUTAMINA
B05XB03;lysine;NA;NA;NA;NA;LISINA
B05XC;Vitamins;NA;NA;NA;NA;VITAMINAS
B05XX;Other i.v. solution additives;NA;NA;NA;NA;OTROS ADITIVOS PARA SOLUCIONES I.V.
B05XX02;trometamol;NA;NA;NA;NA;TROMETAMOL
B05Z;HEMODIALYTICS AND HEMOFILTRATES;NA;NA;NA;NA;HEMODIALIZANTES Y HEMOFILTRADOS
B05ZA;Hemodialytics, concentrates;NA;NA;NA;NA;HEMODIALÍTICOS, CONCENTRADOS
B05ZB;Hemofiltrates;NA;NA;NA;NA;HEMOFILTRADOS
B06;OTHER HEMATOLOGICAL AGENTS;NA;NA;NA;NA;OTROS AGENTES HEMATOLÓGICOS
B06A;OTHER HEMATOLOGICAL AGENTS;NA;NA;NA;NA;OTROS AGENTES HEMATOLÓGICOS
B06AA;Enzymes;NA;NA;NA;NA;ENZIMAS
B06AA02;fibrinolysin and desoxyribonuclease;NA;NA;NA;NA;FIBRINOLISINA Y DESOXIRRIBONUCLEASA
B06AA03;hyaluronidase;NA;NA;NA;NA;HIALURONIDASA
B06AA04;chymotrypsin;NA;NA;NA;NA;QUIMOTRIPSINA
B06AA07;trypsin;NA;NA;NA;NA;TRIPSINA
B06AA10;desoxyribonuclease;NA;NA;NA;NA;DESOXIRRIBONUCLEASA
B06AA55;streptokinase, combinations;NA;NA;NA;NA;ESTREPTOQUINASA, COMBINACIONES
B06AB;Heme products;NA;NA;NA;NA;PRODUCTOS HEMO
B06AB01;hemin;NA;NA;NA;NA;HEMINA
B06AC;Drugs used in hereditary angioedema;NA;NA;NA;NA;FÁRMACOS UTILIZADOS EN EL ANGIOEDEMA HEREDITARIO
B06AC01;c1-inhibitor, plasma derived;1.4;TU;P;NA;INHIBIDOR DE C1, DERIVADO DEL PLASMA
B06AC02;icatibant;30;mg;P;NA;ICATIBANT
B06AC03;ecallantide;NA;NA;NA;NA;ECALLANTIDE
B06AC04;conestat alfa;3.5;TU;P;NA;CONESTAT ALFA
B06AC05;lanadelumab;21.4;mg;P;NA;LANADELUMAB
B06AC06;berotralstat;0.15;g;O;NA;BEROTRALSTAT
B06AX;Other hematological agents;NA;NA;NA;NA;OTROS AGENTES HEMATOLÓGICOS
B06AX01;crizanlizumab;12.5;mg;P;NA;CRIZANLIZUMAB
B06AX02;betibeglogene autotemcel;NA;NA;NA;NA;BETIBEGLOGENE AUTOTEMCEL
B06AX03;voxelotor;NA;NA;NA;NA;VOXELOTOR
B06AX04;mitapivat;0.1;g;O;NA;MITAPIVAT
B06AX05;exagamglogene autotemcel;NA;NA;NA;NA;EXAGAMGLOGENE AUTOTEMCEL
C;CARDIOVASCULAR SYSTEM;NA;NA;NA;NA;SISTEMA CARDIOVASCULAR
C01;CARDIAC THERAPY;NA;NA;NA;NA;TERAPIA CARDÍACA
C01A;CARDIAC GLYCOSIDES;NA;NA;NA;NA;GLCÓSIDOS CARDÍACOS
C01AA;Digitalis glycosides;NA;NA;NA;NA;GLUCÓSIDOS DIGITÁLICOS
C01AA01;acetyldigitoxin;0.2;mg;O;NA;ACETILDIGITOXINA
C01AA02;acetyldigoxin;0.5;mg;O;NA;ACETILDIGOXINA
C01AA03;digitalis leaves;0.1;g;O;NA;HOJAS DE DIGITALIS
C01AA04;digitoxin;0.1;mg;O;NA;DIGITOXINA
C01AA04;digitoxin;0.1;mg;P;NA;DIGITOXINA
C01AA05;digoxin;0.25;mg;O;NA;DIGOXINA
C01AA05;digoxin;0.25;mg;P;NA;DIGOXINA
C01AA06;lanatoside C;1;mg;O;NA;LANATOSIDO C
C01AA06;lanatoside C;1;mg;R;NA;LANATOSIDO C
C01AA07;deslanoside;1;mg;P;Acute treatment;DESLANOSIDE
C01AA08;metildigoxin;0.2;mg;O;NA;METILDIGOXINA
C01AA08;metildigoxin;0.2;mg;P;NA;METILDIGOXINA
C01AA09;gitoformate;NA;NA;NA;NA;GITOFORMATITO
C01AA52;acetyldigoxin, combinations;NA;NA;NA;NA;ACETILDIGOXINA, COMBINACIONES
C01AB;Scilla glycosides;NA;NA;NA;NA;GLUCÓSIDOS DE SCILLA
C01AB01;proscillaridin;0.75;mg;O;NA;PROSCILARIDINA
C01AB51;proscillaridin, combinations;NA;NA;NA;NA;PROSCILLARIDINA, COMBINACIONES
C01AC;Strophanthus glycosides;NA;NA;NA;NA;GLUCÓSIDOS DE STROPHANTHUS
C01AC01;g-strophanthin;0.25;mg;P;NA;G-ESTROFANTINA
C01AC03;cymarin;2.5;mg;O;NA;CIENTÍA
C01AX;Other cardiac glycosides;NA;NA;NA;NA;OTROS GLUCÓSIDOS CARDÍACOS
C01AX02;peruvoside;NA;NA;NA;NA;PERUVÓSIDO
C01B;ANTIARRHYTHMICS, CLASS I AND III;NA;NA;NA;NA;ANTIARRÍTMICOS, CLASE I Y III
C01BA;Antiarrhythmics, class Ia;NA;NA;NA;NA;ANTIARRÍTMICOS, CLASE IA
C01BA01;quinidine;1.2;g;O;NA;QUINIDINA
C01BA02;procainamide;3;g;O;NA;PROCAINAMIDA
C01BA02;procainamide;3;g;P;NA;PROCAINAMIDA
C01BA03;disopyramide;0.4;g;O;NA;DISOPIRAMIDA
C01BA03;disopyramide;0.4;g;P;NA;DISOPIRAMIDA
C01BA04;sparteine;0.2;g;P;NA;ESPARTEÍNA
C01BA05;ajmaline;0.3;g;O;NA;AJMALINA
C01BA08;prajmaline;30;mg;O;NA;PRAJMALINA
C01BA12;lorajmine;0.3;g;O;NA;LORAJMINE
C01BA13;hydroquinidine;NA;NA;NA;NA;HIDROQUINIDINA
C01BA51;quinidine, combinations excl. psycholeptics;NA;NA;NA;NA;QUINIDINA, COMBINACIONES EXC. PSICOLÉPTICOS
C01BA71;quinidine, combinations with psycholeptics;NA;NA;NA;NA;QUINIDINA, COMBINACIONES CON PSICOLÉPTICOS
C01BB;Antiarrhythmics, class Ib;NA;NA;NA;NA;ANTIARRÍTMICOS, CLASE IB
C01BB01;lidocaine;3;g;P;NA;LIDOCAÍNA
C01BB02;mexiletine;0.8;g;O;NA;MEXILETINA
C01BB02;mexiletine;0.8;g;P;NA;MEXILETINA
C01BB03;tocainide;1.2;g;O;NA;TOCAINIDA
C01BB03;tocainide;1.2;g;P;NA;TOCAINIDA
C01BB04;aprindine;0.1;g;O;NA;APRINDINE
C01BB04;aprindine;0.1;g;P;NA;APRINDINE
C01BC;Antiarrhythmics, class Ic;NA;NA;NA;NA;ANTIARRÍTMICOS DE CLASE IC
C01BC03;propafenone;0.3;g;O;NA;PROPAFENONA
C01BC03;propafenone;0.3;g;P;NA;PROPAFENONA
C01BC04;flecainide;0.2;g;O;NA;FLECAINIDA
C01BC04;flecainide;0.2;g;P;NA;FLECAINIDA
C01BC07;lorcainide;0.2;g;P;NA;LORCAINIDA
C01BC08;encainide;0.1;g;O;NA;ENCAINIDA
C01BC09;ethacizine;NA;NA;NA;NA;ETACIZINA
C01BD;Antiarrhythmics, class III;NA;NA;NA;NA;ANTIARRÍTMICOS, CLASE III
C01BD01;amiodarone;0.2;g;O;NA;AMIODARONA
C01BD01;amiodarone;0.2;g;P;NA;AMIODARONA
C01BD02;bretylium tosilate;NA;NA;NA;NA;TOSILATO DE BRETILIO
C01BD03;bunaftine;NA;NA;NA;NA;BUNAFTINE
C01BD04;dofetilide;NA;NA;NA;NA;DOFETILIDA
C01BD05;ibutilide;1;mg;P;NA;IBUTILIDA
C01BD06;tedisamil;NA;NA;NA;NA;TEDISAMIL
C01BD07;dronedarone;0.8;g;O;NA;DRONEDARONE
C01BG;Other antiarrhythmics, class I and III;NA;NA;NA;NA;OTROS ANTIARRÍTMICOS, CLASE I Y III
C01BG01;moracizine;0.75;g;O;NA;MORACIZINA
C01BG07;cibenzoline;NA;NA;NA;NA;CIBENZOLINA
C01BG11;vernakalant;0.2;g;P;NA;VERNAKALANT
C01C;CARDIAC STIMULANTS EXCL. CARDIAC GLYCOSIDES;NA;NA;NA;NA;ESTIMULANTES CARDÍACOS, EXC. GLUCÓSIDOS CARDÍACOS
C01CA;Adrenergic and dopaminergic agents;NA;NA;NA;NA;AGENTES ADRENÉRGICOS Y DOPAMINÉRGICOS
C01CA01;etilefrine;50;mg;O;NA;ETILEFRINE
C01CA01;etilefrine;50;mg;P;NA;ETILEFRINE
C01CA02;isoprenaline;90;mg;O;NA;ISOPRENALINA
C01CA02;isoprenaline;90;mg;P;NA;ISOPRENALINA
C01CA03;norepinephrine;6;mg;P;NA;NOREPINEFRINA
C01CA04;dopamine;0.5;g;P;NA;DOPAMINA
C01CA05;norfenefrine;25;mg;O;NA;NORFENEFRINA
C01CA06;phenylephrine;4;mg;P;NA;FENILEFRINA
C01CA07;dobutamine;0.5;g;P;NA;DOBUTAMINA
C01CA08;oxedrine;0.2;g;O;NA;OXEDRINA
C01CA08;oxedrine;0.2;g;P;NA;OXEDRINA
C01CA09;metaraminol;50;mg;P;NA;METARAMINOL
C01CA10;methoxamine;30;mg;P;NA;METOXAMINA
C01CA11;mephentermine;30;mg;P;NA;MEFENTERMINA
C01CA12;dimetofrine;NA;NA;NA;NA;DIMETOFRINA
C01CA13;prenalterol;10;mg;P;NA;PRENALTEROL
C01CA14;dopexamine;0.5;g;P;NA;DOPEXAMINE
C01CA15;gepefrine;30;mg;O;NA;GEPEFRINE
C01CA16;ibopamine;0.3;g;O;NA;IBOPAMINA
C01CA17;midodrine;30;mg;O;NA;MIDODRINA
C01CA18;octopamine;NA;NA;NA;NA;OCTOPAMINA
C01CA19;fenoldopam;NA;NA;NA;NA;FENOLDOPAM
C01CA21;cafedrine;NA;NA;NA;NA;CAFETERÍA
C01CA22;arbutamine;NA;NA;NA;NA;ARBUTAMINA
C01CA23;theodrenaline;NA;NA;NA;NA;TEODRENALINA
C01CA24;epinephrine;0.5;mg;P;NA;EPINEFRINA
C01CA25;amezinium metilsulfate;30;mg;O;NA;METILSULFATO DE AMEZINIO
C01CA26;ephedrine;50;mg;P;NA;EFEDRINA
C01CA27;droxidopa;1;g;O;NA;DROXIDOPA
C01CA28;centhaquine;NA;NA;NA;NA;CENTHAQUINE
C01CA30;combinations;NA;NA;NA;NA;COMBINACIONES
C01CA51;etilefrine, combinations;NA;NA;NA;NA;ETILEFRINE, COMBINACIONES
C01CE;Phosphodiesterase inhibitors;NA;NA;NA;NA;INHIBIDORES DE LA FOSFODIESTERASA
C01CE01;amrinone;0.5;g;P;NA;AMRINONA
C01CE02;milrinone;50;mg;P;NA;MILRINONA
C01CE03;enoximone;1;g;P;NA;ENOXIMONA
C01CE04;bucladesine;NA;NA;NA;NA;BUCLADESINA
C01CX;Other cardiac stimulants;NA;NA;NA;NA;OTROS ESTIMULANTES CARDÍACOS
C01CX06;angiotensinamide;5;mg;P;NA;ANGIOTENSINAMIDA
C01CX07;xamoterol;0.4;g;O;NA;XAMOTEROL
C01CX08;levosimendan;11;mg;P;NA;LEVOSIMENDAN
C01CX09;angiotensin II;NA;NA;NA;NA;ANGIOTENSINA II
C01CX10;omecamtiv mecarbil;NA;NA;NA;NA;OMECAMTIV MECARBIL
C01D;VASODILATORS USED IN CARDIAC DISEASES;NA;NA;NA;NA;VASODILATADORES UTILIZADOS EN ENFERMEDADES CARDÍACAS
C01DA;Organic nitrates;NA;NA;NA;NA;NITRATOS ORGÁNICOS
C01DA02;glyceryl trinitrate;5;mg;O;NA;TRINITRATO DE GLICERILO
C01DA02;glyceryl trinitrate;2.5;mg;oral aerosol;NA;TRINITRATO DE GLICERILO
C01DA02;glyceryl trinitrate;2.5;mg;SL;NA;TRINITRATO DE GLICERILO
C01DA02;glyceryl trinitrate;5;mg;TD;NA;TRINITRATO DE GLICERILO
C01DA04;methylpropylpropanediol dinitrate;NA;NA;NA;NA;DINITRATO DE METILPROPILPROPANODIOL
C01DA05;pentaerithrityl tetranitrate;0.12;g;O;NA;TETRANITRATO DE PENTAERITRITILO
C01DA07;propatylnitrate;30;mg;O;NA;NITRATO DE PROPATILO
C01DA08;isosorbide dinitrate;60;mg;O;NA;DINITRATO DE ISOSORBIDA
C01DA08;isosorbide dinitrate;20;mg;oral aerosol;NA;DINITRATO DE ISOSORBIDA
C01DA08;isosorbide dinitrate;20;mg;SL;NA;DINITRATO DE ISOSORBIDA
C01DA08;isosorbide dinitrate;0.1;g;TD;NA;DINITRATO DE ISOSORBIDA
C01DA09;trolnitrate;20;mg;O;NA;TROLNITRATO
C01DA13;eritrityl tetranitrate;90;mg;O;NA;TETRANITRATO DE ERITRITILO
C01DA14;isosorbide mononitrate;40;mg;O;NA;MONONITRATO DE ISOSORBIDA
C01DA20;organic nitrates in combination;NA;NA;NA;NA;NITRATOS ORGÁNICOS EN COMBINACIÓN
C01DA38;tenitramine;NA;NA;NA;NA;TENITRAMINA
C01DA52;glyceryl trinitrate, combinations;NA;NA;NA;NA;TRINITRATO DE GLICERILO, COMBINACIONES
C01DA54;methylpropylpropanediol dinitrate, combinations;NA;NA;NA;NA;DINITRATO DE METILPROPILPROPANODIOL, COMBINACIONES
C01DA55;pentaerithrityl tetranitrate, combinations;NA;NA;NA;NA;TETRANITRATO DE PENTAERITRITILO, COMBINACIONES
C01DA57;propatylnitrate, combinations;NA;NA;NA;NA;PROPATATILONITRATO, COMBINACIONES
C01DA58;isosorbide dinitrate, combinations;NA;NA;NA;NA;DINITRATO DE ISOSORBIDA, COMBINACIONES
C01DA59;trolnitrate, combinations;NA;NA;NA;NA;TROLNITRATO, COMBINACIONES
C01DA63;eritrityl tetranitrate, combinations;NA;NA;NA;NA;TETRANITRATO DE ERITRITILO, COMBINACIONES
C01DA70;organic nitrates in combination with psycholeptics;NA;NA;NA;NA;NITRATOS ORGÁNICOS EN COMBINACIÓN CON PSICOLÉPTICOS
C01DB;Quinolone vasodilators;NA;NA;NA;NA;VASODILATADORES DE QUINOLONAS
C01DB01;flosequinan;NA;NA;NA;NA;FLOSEQUINAN
C01DX;Other vasodilators used in cardiac diseases;NA;NA;NA;NA;OTROS VASODILATADORES UTILIZADOS EN ENFERMEDADES CARDÍACAS
C01DX01;itramin tosilate;NA;NA;NA;NA;ITRAMIN TOSILATE
C01DX02;prenylamine;0.12;g;O;NA;PRENILAMINA
C01DX03;oxyfedrine;40;mg;O;NA;OXIFEDRINA
C01DX03;oxyfedrine;40;mg;P;NA;OXIFEDRINA
C01DX04;benziodarone;0.25;g;O;NA;BENZIODARONA
C01DX05;carbocromen;NA;NA;NA;NA;CARBOCROMEN
C01DX06;hexobendine;NA;NA;NA;NA;HEXOBENDINA
C01DX07;etafenone;0.225;g;O;NA;ETAFENONA
C01DX08;heptaminol;0.45;g;O;NA;HEPTAMINOL
C01DX08;heptaminol;0.45;g;P;NA;HEPTAMINOL
C01DX09;imolamine;90;mg;O;NA;IMOLAMINA
C01DX10;dilazep;0.1;g;O;NA;DILAZEP
C01DX11;trapidil;NA;NA;NA;NA;TRAPIDIL
C01DX12;molsidomine;NA;NA;NA;NA;MOLSIGOMINA
C01DX13;efloxate;0.2;g;O;NA;EFLOXATO
C01DX14;cinepazet;0.9;g;O;NA;CINEPAZET
C01DX15;cloridarol;NA;NA;NA;NA;CLORIDAROL
C01DX16;nicorandil;40;mg;O;NA;NICORANDIL
C01DX18;linsidomine;NA;NA;NA;NA;LINSIGOMINA
C01DX19;nesiritide;1.5;mg;P;NA;NESIRITIDE
C01DX21;serelaxin;NA;NA;NA;NA;SERELAXIN
C01DX22;vericiguat;10;mg;O;NA;VERICIGUAT
C01DX51;itramin tosilate, combinations;NA;NA;NA;NA;TOSILADO DE ITRAMINA, COMBINACIONES
C01DX52;prenylamine, combinations;NA;NA;NA;NA;PRENILAMINA, COMBINACIONES
C01DX53;oxyfedrine, combinations;NA;NA;NA;NA;OXIFEDRINA, COMBINACIONES
C01DX54;benziodarone, combinations;NA;NA;NA;NA;BENZIODARONA, COMBINACIONES
C01E;OTHER CARDIAC PREPARATIONS;NA;NA;NA;NA;OTRAS PREPARACIONES CARDÍACAS
C01EA;Prostaglandins;NA;NA;NA;NA;PROSTAGLANDINAS
C01EA01;alprostadil;0.5;mg;P;NA;ALPROSTADIL
C01EB;Other cardiac preparations;NA;NA;NA;NA;OTRAS PREPARACIONES CARDÍACAS
C01EB02;camphora;0.15;g;O;NA;CAMPHORA
C01EB03;indometacin;NA;NA;NA;NA;INDOMETACINA
C01EB04;crataegus glycosides;NA;NA;NA;NA;GLUCÓSIDOS DE CRATAEGUS
C01EB05;creatinolfosfate;NA;NA;NA;NA;DE CREATINOLFOSFATO
C01EB06;fosfocreatine;NA;NA;NA;NA;FOSFOCREATINA
C01EB07;fructose 1,6-diphosphate;NA;NA;NA;NA;FRUCTOSA 1,6-DIFOSFATO
C01EB09;ubidecarenone;NA;NA;NA;NA;UBIDECARENONA
C01EB10;adenosine;15;mg;P;NA;ADENOSINA
C01EB11;tiracizine;NA;NA;NA;NA;TIRACIZINA
C01EB13;acadesine;NA;NA;NA;NA;ACADESINA
C01EB15;trimetazidine;40;mg;O;NA;TRIMETAZIDINA
C01EB16;ibuprofen;30;mg;P;NA;IBUPROFENO
C01EB17;ivabradine;10;mg;O;NA;IVABRADINA
C01EB18;ranolazine;1.5;g;O;NA;RANOLAZINA
C01EB21;regadenoson;0.4;mg;P;NA;REGADENOSON
C01EB22;meldonium;NA;NA;NA;NA;MELDONIO
C01EB23;tiazotic acid;NA;NA;NA;NA;ÁCIDO TIAZÓTICO
C01EB24;mavacamten;NA;NA;NA;NA;MAVACAMTEN
C01EX;Other cardiac combination products;NA;NA;NA;NA;OTROS PRODUCTOS DE COMBINACIÓN CARDÍACA
C02;ANTIHYPERTENSIVES;NA;NA;NA;NA;ANTIHIPERTENSIVOS
C02A;ANTIADRENERGIC AGENTS, CENTRALLY ACTING;NA;NA;NA;NA;AGENTES ANTIADRENÉRGICOS DE ACCIÓN CENTRAL
C02AA;Rauwolfia alkaloids;NA;NA;NA;NA;ALCALOIDES DE RAUWOLFIA
C02AA01;rescinnamine;NA;NA;NA;NA;RESCINAMINA
C02AA02;reserpine;0.5;mg;O;NA;RESERPINA
C02AA02;reserpine;0.5;mg;P;NA;RESERPINA
C02AA03;combinations of rauwolfia alkaloids;NA;NA;NA;NA;COMBINACIONES DE ALCALOIDES DE RAUWOLFIA
C02AA04;rauwolfia alkaloids, whole root;NA;NA;NA;NA;ALCALOIDES DE RAUWOLFIA, RAÍZ ENTERA
C02AA05;deserpidine;NA;NA;NA;NA;DESERPIDINA
C02AA06;methoserpidine;NA;NA;NA;NA;METOSERPIDINA
C02AA07;bietaserpine;15;mg;O;NA;BIETASERPINA
C02AA52;reserpine, combinations;NA;NA;NA;NA;RESERPINA, COMBINACIONES
C02AA53;combinations of rauwolfia alkoloids, combinations;NA;NA;NA;NA;COMBINACIONES DE ALCOLOIDES RAUWOLFIA, COMBINACIONES
C02AA57;bietaserpine, combinations;NA;NA;NA;NA;BIETASERPINA, COMBINACIONES
C02AB;Methyldopa;NA;NA;NA;NA;METILDOPA
C02AB01;methyldopa (levorotatory);1;g;O;NA;METILDOPA (LEVÓGIRO)
C02AB01;methyldopa (levorotatory);1;g;P;NA;METILDOPA (LEVÓGIRO)
C02AB02;methyldopa (racemic);2;g;O;NA;METILDOPA (RACÉMICO)
C02AC;Imidazoline receptor agonists;NA;NA;NA;NA;AGONISTAS DEL RECEPTOR DE IMIDAZOLINA
C02AC01;clonidine;0.45;mg;O;NA;CLONIDINA
C02AC01;clonidine;0.45;mg;P;NA;CLONIDINA
C02AC02;guanfacine;3;mg;O;NA;GUANFACINA
C02AC04;tolonidine;0.75;mg;O;NA;TOLONIDINA
C02AC05;moxonidine;0.3;mg;O;NA;MOXONIDINA
C02AC06;rilmenidine;NA;NA;NA;NA;RILMENIDINA
C02B;ANTIADRENERGIC AGENTS, GANGLION-BLOCKING;NA;NA;NA;NA;AGENTES ANTIADRENÉRGICOS BLOQUEADORES DE GANGLIOS
C02BA;Sulfonium derivatives;NA;NA;NA;NA;DERIVADOS DEL SULFONIO
C02BA01;trimetaphan;0.25;g;P;NA;TRIMETAPÁN
C02BB;Secondary and tertiary amines;NA;NA;NA;NA;AMINAS SECUNDARIAS Y TERCIARIAS
C02BB01;mecamylamine;NA;NA;NA;NA;MECAMILAMINA
C02BC;Bisquaternary ammonium compounds;NA;NA;NA;NA;COMPUESTOS DE AMONIO BISQUATERNARIOS
C02C;ANTIADRENERGIC AGENTS, PERIPHERALLY ACTING;NA;NA;NA;NA;AGENTES ANTIADRENÉRGICOS DE ACCIÓN PERIFÉRICA
C02CA;Alpha-adrenoreceptor antagonists;NA;NA;NA;NA;ANTAGONISTAS DE LOS RECEPTORES ALFA-ADRENÉRGICOS
C02CA01;prazosin;5;mg;O;NA;PRAZOSINA
C02CA02;indoramin;NA;NA;NA;NA;INDORAMIN
C02CA03;trimazosin;0.3;g;O;NA;TRIMAZOSINA
C02CA04;doxazosin;4;mg;O;NA;DOXAZOSINA
C02CA06;urapidil;0.12;g;O;NA;URAPIDIL
C02CA06;urapidil;50;mg;P;NA;URAPIDIL
C02CC;Guanidine derivatives;NA;NA;NA;NA;DERIVADOS DE LA GUANIDINA
C02CC01;betanidine;0.1;g;O;NA;BETANIDINA
C02CC02;guanethidine;30;mg;O;NA;GUANETIDINA
C02CC03;guanoxan;20;mg;O;NA;GUANOXAN
C02CC04;debrisoquine;20;mg;O;NA;DEBRISOQUINA
C02CC05;guanoclor;NA;NA;NA;NA;GUANOCLOR
C02CC06;guanazodine;NA;NA;NA;NA;GUANAZODINA
C02CC07;guanoxabenz;25;mg;O;NA;GUANOXABENZ
C02D;ARTERIOLAR SMOOTH MUSCLE, AGENTS ACTING ON;NA;NA;NA;NA;MÚSCULO LISO ARTERIOLAR, AGENTES QUE ACTÚAN SOBRE LA
C02DA;Thiazide derivatives;NA;NA;NA;NA;DERIVADOS TIAZÍDICOS
C02DA01;diazoxide;0.3;g;P;NA;DIAZÓXIDO
C02DB;Hydrazinophthalazine derivatives;NA;NA;NA;NA;DERIVADOS DE LA HIDRACINOFTALAZINA
C02DB01;dihydralazine;75;mg;O;NA;DIHIDRALAZINA
C02DB01;dihydralazine;25;mg;P;NA;DIHIDRALAZINA
C02DB02;hydralazine;0.1;g;O;NA;HIDRALAZINA
C02DB03;endralazine;10;mg;O;NA;ENDRALAZINA
C02DB04;cadralazine;15;mg;O;NA;CADRALAZINA
C02DC;Pyrimidine derivatives;NA;NA;NA;NA;DERIVADOS DE LA PIRIMIDINA
C02DC01;minoxidil;20;mg;O;NA;MINOXIDIL
C02DD;Nitroferricyanide derivatives;NA;NA;NA;NA;DERIVADOS DEL NITROFERRICIANURO
C02DD01;nitroprusside;50;mg;P;NA;NITROPRUSIATO
C02DG;Guanidine derivatives;NA;NA;NA;NA;DERIVADOS DE LA GUANIDINA
C02DG01;pinacidil;50;mg;O;NA;PINACIDIL
C02K;OTHER ANTIHYPERTENSIVES;NA;NA;NA;NA;OTROS ANTIHIPERTENSIVOS
C02KA;Alkaloids, excl. rauwolfia;NA;NA;NA;NA;ALCALOIDES, EXC. RAUWOLFIA
C02KA01;veratrum;NA;NA;NA;NA;VERATRUM
C02KB;Tyrosine hydroxylase inhibitors;NA;NA;NA;NA;INHIBIDORES DE LA TIROSINA HIDROXILASA
C02KB01;metirosine;NA;NA;NA;NA;METIROSINA
C02KC;MAO inhibitors;NA;NA;NA;NA;INHIBIDORES DE LA MAO
C02KC01;pargyline;NA;NA;NA;NA;PARGYLINE
C02KD;Serotonin antagonists;NA;NA;NA;NA;ANTAGONISTAS DE LA SEROTONINA
C02KD01;ketanserin;40;mg;O;NA;KETANSERINA
C02KD01;ketanserin;40;mg;P;NA;KETANSERINA
C02KN;Other antihypertensives;NA;NA;NA;NA;OTROS ANTIHIPERTENSIVOS
C02KN01;aprocitentan;NA;NA;NA;NA;APROCITENTAN
C02KX;Antihypertensives for pulmonary arterial hypertension;NA;NA;NA;NA;ANTIHIPERTENSIVOS PARA LA HIPERTENSIÓN ARTERIAL PULMONAR
C02KX01;bosentan;0.25;g;O;NA;BOSENTAN
C02KX02;ambrisentan;7.5;mg;O;NA;AMBRISENTÁN
C02KX03;sitaxentan;0.1;g;O;NA;SITAXENTAN
C02KX04;macitentan;10;mg;O;NA;MACITENTAN
C02KX05;riociguat;4.5;mg;O;NA;RIOCIGUAT
C02KX52;ambrisentan and tadalafil;NA;NA;NA;NA;AMBRISENTÁN Y TADALAFILO
C02KX54;macitentan and tadalafil;NA;NA;NA;NA;MACITENTAN Y TADALAFIL
C02L;ANTIHYPERTENSIVES AND DIURETICS IN COMBINATION;NA;NA;NA;NA;COMBINACIÓN DE ANTIHIPERTENSIVOS Y DIURÉTICOS
C02LA;Rauwolfia alkaloids and diuretics in combination;NA;NA;NA;NA;COMBINACIÓN DE ALCALOIDES Y DIURÉTICOS DE RAUWOLFIA
C02LA01;reserpine and diuretics;NA;NA;NA;NA;RESERPINA Y DIURÉTICOS
C02LA02;rescinnamine and diuretics;NA;NA;NA;NA;RESCINAMINA Y DIURÉTICOS
C02LA03;deserpidine and diuretics;NA;NA;NA;NA;DESERPIDINA Y DIURÉTICOS
C02LA04;methoserpidine and diuretics;NA;NA;NA;NA;METOSERPIDINA Y DIURÉTICOS
C02LA07;bietaserpine and diuretics;NA;NA;NA;NA;BIETASERPINA Y DIURÉTICOS
C02LA08;rauwolfia alkaloids, whole root and diuretics;NA;NA;NA;NA;RAUWOLFIA ALCALOIDES, RAÍZ ENTERA Y DIURÉTICOS
C02LA09;syrosingopine and diuretics;NA;NA;NA;NA;SIROSINGOPINA Y DIURÉTICOS
C02LA50;combination of rauwolfia alkaloids and diuretics incl. other combinations;NA;NA;NA;NA;COMBINACIÓN DE ALCALOIDES Y DIURÉTICOS DE RAUWOLFIA INCL. OTRAS COMBINACIONES
C02LA51;reserpine and diuretics, combinations with other drugs;NA;NA;NA;NA;RESERPINA Y DIURÉTICOS, COMBINACIONES CON OTROS FÁRMACOS
C02LA52;rescinnamine and diuretics, combinations with other drugs;NA;NA;NA;NA;RESCINAMINA Y DIURÉTICOS, COMBINACIONES CON OTROS FÁRMACOS
C02LA71;reserpine and diuretics, combinations with psycholeptics;NA;NA;NA;NA;RESERPINA Y DIURÉTICOS, COMBINACIONES CON PSICOLÉPTICOS
C02LB;Methyldopa and diuretics in combination;NA;NA;NA;NA;METILDOPA Y DIURÉTICOS EN COMBINACIÓN
C02LB01;methyldopa (levorotatory) and diuretics;NA;NA;NA;NA;METILDOPA (LEVÓGIRO) Y DIURÉTICOS
C02LC;Imidazoline receptor agonists in combination with diuretics;NA;NA;NA;NA;AGONISTAS DEL RECEPTOR DE IMIDAZOLINA EN COMBINACIÓN CON DIURÉTICOS
C02LC01;clonidine and diuretics;NA;NA;NA;NA;CLONIDINA Y DIURÉTICOS
C02LC05;moxonidine and diuretics;NA;NA;NA;NA;MOXONIDINA Y DIURÉTICOS
C02LC51;clonidine and diuretics, combinations with other drugs;NA;NA;NA;NA;CLONIDINA Y DIURÉTICOS, COMBINACIONES CON OTROS FÁRMACOS
C02LE;Alpha-adrenoreceptor antagonists and diuretics;NA;NA;NA;NA;ANTAGONISTAS DE LOS RECEPTORES ALFA-ADRENÉRGICOS Y DIURÉTICOS
C02LE01;prazosin and diuretics;NA;NA;NA;NA;PRAZOSINA Y DIURÉTICOS
C02LF;Guanidine derivatives and diuretics;NA;NA;NA;NA;DERIVADOS Y DIURÉTICOS DE LA GUANIDINA
C02LF01;guanethidine and diuretics;NA;NA;NA;NA;GUANETIDINA Y DIURÉTICOS
C02LG;Hydrazinophthalazine derivatives and diuretics;NA;NA;NA;NA;DERIVADOS DE LA HIDRACINOFTALAZINA Y DIURÉTICOS
C02LG01;dihydralazine and diuretics;NA;NA;NA;NA;DIHIDRALAZINA Y DIURÉTICOS
C02LG02;hydralazine and diuretics;NA;NA;NA;NA;HIDRALAZINA Y DIURÉTICOS
C02LG03;picodralazine and diuretics;NA;NA;NA;NA;PICODRALAZINA Y DIURÉTICOS
C02LG51;dihydralazine and diuretics, combinations with other drugs;NA;NA;NA;NA;DIHIDRALAZINA Y DIURÉTICOS, COMBINACIONES CON OTROS FÁRMACOS
C02LG73;picodralazine and diuretics, combinations with psycholeptics;NA;NA;NA;NA;PICODRALAZINA Y DIURÉTICOS, COMBINACIONES CON PSICOLÉPTICOS
C02LK;Alkaloids, excl. rauwolfia, in combination with diuretics;NA;NA;NA;NA;ALCALOIDES, EXC. RAUWOLFIA, EN COMBINACIÓN CON DIURÉTICOS
C02LK01;veratrum and diuretics;NA;NA;NA;NA;VERATRUM Y DIURÉTICOS
C02LL;MAO inhibitors and diuretics;NA;NA;NA;NA;INHIBIDORES DE LA MAO Y DIURÉTICOS
C02LL01;pargyline and diuretics;NA;NA;NA;NA;PARGIRINA Y DIURÉTICOS
C02LN;Serotonin antagonists and diuretics;NA;NA;NA;NA;ANTAGONISTAS DE LA SEROTONINA Y DIURÉTICOS
C02LX;Other antihypertensives and diuretics;NA;NA;NA;NA;OTROS ANTIHIPERTENSIVOS Y DIURÉTICOS
C02LX01;pinacidil and diuretics;NA;NA;NA;NA;PINACIDIL Y DIURÉTICOS
C02N;COMBINATIONS OF ANTIHYPERTENSIVES IN ATC-GR. C02;NA;NA;NA;NA;COMBINACIONES DE ANTIHIPERTENSIVOS EN ATC-GR. C02
C03;DIURETICS;NA;NA;NA;NA;DIURÉTICOS
C03A;LOW-CEILING DIURETICS, THIAZIDES;NA;NA;NA;NA;DIURÉTICOS DE TECHO BAJO, TIAZIDAS
C03AA;Thiazides, plain;NA;NA;NA;NA;TIAZIDAS, SIMPLES
C03AA01;bendroflumethiazide;2.5;mg;O;NA;BENDROFLUMETIAZIDA
C03AA02;hydroflumethiazide;25;mg;O;NA;HIDROFLUMETIAZIDA
C03AA03;hydrochlorothiazide;25;mg;O;NA;HIDROCLOROTIAZIDA
C03AA04;chlorothiazide;0.5;g;O;NA;CHLOROTHIAZIDE
C03AA05;polythiazide;1;mg;O;NA;POLITIAZIDA
C03AA06;trichlormethiazide;4;mg;O;NA;TRICLOROMETIAZIDA
C03AA07;cyclopenthiazide;0.5;mg;O;NA;CICLOPENTIAZIDA
C03AA08;methyclothiazide;5;mg;O;NA;METILCLOTIAZIDA
C03AA09;cyclothiazide;5;mg;O;NA;CICLOTIAZIDA
C03AA13;mebutizide;NA;NA;NA;NA;MEBUTIZIDA
C03AB;Thiazides and potassium in combination;NA;NA;NA;NA;TIAZIDAS Y POTASIO EN COMBINACIÓN
C03AB01;bendroflumethiazide and potassium;2.5;mg;O;Refers to bendroflumethiazide;BENDROFLUMETIAZIDA Y POTASIO
C03AB02;hydroflumethiazide and potassium;25;mg;O;Refers to hydroflumethiazide;HIDROFLUMETIAZIDA Y POTASIO
C03AB03;hydrochlorothiazide and potassium;25;mg;O;Refers to hydrochlorothiazide;HIDROCLOROTIAZIDA Y POTASIO
C03AB04;chlorothiazide and potassium;0.5;g;O;Refers to chlorothiazide;CLOROTIAZIDA Y POTASIO
C03AB05;polythiazide and potassium;1;mg;O;Refers to polythiazide;POLITIAZIDA Y POTASIO
C03AB06;trichlormethiazide and potassium;4;mg;O;Refers to trichlormethiazide;TRICLOROMETIAZIDA Y POTASIO
C03AB07;cyclopenthiazide and potassium;0.5;mg;O;Refers to cyclopenthiazide;CICLOPENTIAZIDA Y POTASIO
C03AB08;methyclothiazide and potassium;5;mg;O;Refers to methyclothiazide;METILCLOTIAZIDA Y POTASIO
C03AB09;cyclothiazide and potassium;5;mg;O;Refers to cyclothiazide;CICLOTIAZIDA Y POTASIO
C03AH;Thiazides, combinations with psycholeptics and/or analgesics;NA;NA;NA;NA;TIAZIDAS, COMBINACIONES CON PSICOLÉPTICOS Y/O ANALGÉSICOS
C03AH01;chlorothiazide, combinations;NA;NA;NA;NA;CLOROTIAZIDA, COMBINACIONES
C03AH02;hydroflumethiazide, combinations;NA;NA;NA;NA;HIDROFLUMETIAZIDA, COMBINACIONES
C03AX;Thiazides, combinations with other drugs;NA;NA;NA;NA;TIAZIDAS, COMBINACIONES CON OTROS FÁRMACOS
C03AX01;hydrochlorothiazide, combinations;NA;NA;NA;NA;HIDROCLOROTIAZIDA, COMBINACIONES
C03B;LOW-CEILING DIURETICS, EXCL. THIAZIDES;NA;NA;NA;NA;DIURÉTICOS PARA TECHOS BAJOS, EXC. TIAZIDAS
C03BA;Sulfonamides, plain;NA;NA;NA;NA;SULFONAMIDAS, SIMPLES
C03BA02;quinethazone;50;mg;O;NA;QUINETAZONA
C03BA03;clopamide;10;mg;O;NA;CLOPAMIDA
C03BA04;chlortalidone;25;mg;O;NA;CLORTALIDONA
C03BA05;mefruside;25;mg;O;NA;MEFRUSIDE
C03BA07;clofenamide;NA;NA;NA;NA;CLOFENAMIDA
C03BA08;metolazone;5;mg;O;NA;METOLAZONA
C03BA09;meticrane;NA;NA;NA;NA;METICRANE
C03BA10;xipamide;20;mg;O;NA;XIPAMIDA
C03BA11;indapamide;2.5;mg;O;NA;INDAPAMIDA
C03BA12;clorexolone;NA;NA;NA;NA;CLOREXOLONA
C03BA13;fenquizone;NA;NA;NA;NA;FENQUIZONE
C03BA82;clorexolone, combinations with psycholeptics;NA;NA;NA;NA;CLOREXOLONA, COMBINACIONES CON PSICOLÉPTICOS
C03BB;Sulfonamides and potassium in combination;NA;NA;NA;NA;COMBINACIÓN DE SULFONAMIDAS Y POTASIO
C03BB02;quinethazone and potassium;50;mg;O;Refers to quinethazone;QUINETAZONA Y POTASIO
C03BB03;clopamide and potassium;10;mg;O;Refers to clopamide;CLOPAMIDA Y POTASIO
C03BB04;chlortalidone and potassium;25;mg;O;Refers to chlortalidone;CLORTALIDONA Y POTASIO
C03BB05;mefruside and potassium;25;mg;O;Refers to mefruside;MEFRUFIDA Y POTASIO
C03BB07;clofenamide and potassium;NA;NA;NA;NA;CLOFENAMIDA Y POTASIO
C03BC;Mercurial diuretics;NA;NA;NA;NA;DIURÉTICOS MERCURIALES
C03BC01;mersalyl;NA;NA;NA;NA;MERSALYL
C03BD;Xanthine derivatives;NA;NA;NA;NA;DERIVADOS DE LA XANTINA
C03BD01;theobromine;4;g;O;NA;TEOBROMINA
C03BK;Sulfonamides, combinations with other drugs;NA;NA;NA;NA;SULFONAMIDAS, COMBINACIONES CON OTROS FÁRMACOS
C03BX;Other low-ceiling diuretics;NA;NA;NA;NA;OTROS DIURÉTICOS DE TECHO BAJO
C03BX03;cicletanine;NA;NA;NA;NA;CICLETANINA
C03C;HIGH-CEILING DIURETICS;NA;NA;NA;NA;DIURÉTICOS DE TECHO ALTO
C03CA;Sulfonamides, plain;NA;NA;NA;NA;SULFONAMIDAS, SIMPLES
C03CA01;furosemide;40;mg;O;NA;FUROSEMIDA
C03CA01;furosemide;40;mg;P;NA;FUROSEMIDA
C03CA02;bumetanide;1;mg;O;NA;BUMETANIDA
C03CA02;bumetanide;1;mg;P;NA;BUMETANIDA
C03CA03;piretanide;NA;NA;NA;NA;PIRETANIDE
C03CA04;torasemide;15;mg;O;NA;TORASEMIDA
C03CA04;torasemide;15;mg;P;NA;TORASEMIDA
C03CB;Sulfonamides and potassium in combination;NA;NA;NA;NA;COMBINACIÓN DE SULFONAMIDAS Y POTASIO
C03CB01;furosemide and potassium;40;mg;O;Refers to furosemide;FUROSEMIDA Y POTASIO
C03CB02;bumetanide and potassium;1;mg;O;Refers to bumetanide;BUMETANIDA Y POTASIO
C03CC;Aryloxyacetic acid derivatives;NA;NA;NA;NA;DERIVADOS DEL ÁCIDO ARRILOXACÉTICO
C03CC01;etacrynic acid;50;mg;O;NA;ÁCIDO ETACRÍNICO
C03CC01;etacrynic acid;50;mg;P;NA;ÁCIDO ETACRÍNICO
C03CC02;tienilic acid;NA;NA;NA;NA;ÁCIDO TIENÍLICO
C03CD;Pyrazolone derivatives;NA;NA;NA;NA;DERIVADOS DE LA PIRAZOLONA
C03CD01;muzolimine;20;mg;O;NA;MUZOLAMINA
C03CX;Other high-ceiling diuretics;NA;NA;NA;NA;OTROS DIURÉTICOS DE TECHO ALTO
C03CX01;etozolin;NA;NA;NA;NA;ETOZOLINA
C03D;ALDOSTERONE ANTAGONISTS AND OTHER POTASSIUM-SPARING AGENTS;NA;NA;NA;NA;ANTAGONISTAS DE LA ALDOSTERONA Y OTROS AGENTES AHORRADORES DE POTASIO
C03DA;Aldosterone antagonists;NA;NA;NA;NA;ANTAGONISTAS DE LA ALDOSTERONA
C03DA01;spironolactone;75;mg;O;NA;ESPIRONOLACTONA
C03DA02;potassium canrenoate;0.4;g;P;NA;CANRENOATO DE POTASIO
C03DA03;canrenone;NA;NA;NA;NA;CANRENONA
C03DA04;eplerenone;50;mg;O;NA;EPLERENONA
C03DA05;finerenone;20;mg;O;NA;FINERENONE
C03DB;Other potassium-sparing agents;NA;NA;NA;NA;OTROS AGENTES AHORRADORES DE POTASIO
C03DB01;amiloride;10;mg;O;NA;AMILORIDA
C03DB02;triamterene;0.1;g;O;NA;TRIAMTERENO
C03E;DIURETICS AND POTASSIUM-SPARING AGENTS IN COMBINATION;NA;NA;NA;NA;DIURÉTICOS Y AGENTES AHORRADORES DE POTASIO EN COMBINACIÓN
C03EA;Low-ceiling diuretics and potassium-sparing agents;NA;NA;NA;NA;DIURÉTICOS DE TECHO BAJO Y AGENTES AHORRADORES DE POTASIO
C03EA01;hydrochlorothiazide and potassium-sparing agents;NA;NA;NA;NA;HIDROCLOROTIAZIDA Y AGENTES AHORRADORES DE POTASIO
C03EA02;trichlormethiazide and potassium-sparing agents;NA;NA;NA;NA;TRICLOROMETIAZIDA Y AGENTES AHORRADORES DE POTASIO
C03EA03;epitizide and potassium-sparing agents;NA;NA;NA;NA;EPITIZIDA Y AGENTES AHORRADORES DE POTASIO
C03EA04;altizide and potassium-sparing agents;NA;NA;NA;NA;ALTIZIDA Y AGENTES AHORRADORES DE POTASIO
C03EA05;mebutizide and potassium-sparing agents;NA;NA;NA;NA;MEBUTIZIDA Y AGENTES AHORRADORES DE POTASIO
C03EA06;chlortalidone and potassium-sparing agents;NA;NA;NA;NA;CLORTALIDONA Y AGENTES AHORRADORES DE POTASIO
C03EA07;cyclopenthiazide and potassium-sparing agents;NA;NA;NA;NA;CICLOPENTIAZIDA Y AGENTES AHORRADORES DE POTASIO
C03EA12;metolazone and potassium-sparing agents;NA;NA;NA;NA;METOLAZONA Y AGENTES AHORRADORES DE POTASIO
C03EA13;bendroflumethiazide and potassium-sparing agents;NA;NA;NA;NA;BENDROFLUMETIAZIDA Y AGENTES AHORRADORES DE POTASIO
C03EA14;butizide and potassium-sparing agents;NA;NA;NA;NA;BUTIZIDA Y AGENTES AHORRADORES DE POTASIO
C03EB;High-ceiling diuretics and potassium-sparing agents;NA;NA;NA;NA;DIURÉTICOS DE TECHO ALTO Y AGENTES AHORRADORES DE POTASIO
C03EB01;furosemide and potassium-sparing agents;NA;NA;NA;NA;FUROSEMIDA Y AGENTES AHORRADORES DE POTASIO
C03EB02;bumetanide and potassium-sparing agents;NA;NA;NA;NA;BUMETANIDA Y AGENTES AHORRADORES DE POTASIO
C03X;OTHER DIURETICS;NA;NA;NA;NA;OTROS DIURÉTICOS
C03XA;Vasopressin antagonists;NA;NA;NA;NA;ANTAGONISTAS DE LA VASOPRESINA
C03XA01;tolvaptan;30;mg;O;NA;TOLVAPTÁN
C03XA02;conivaptan;NA;NA;NA;NA;CONIVAPTÁN
C04;PERIPHERAL VASODILATORS;NA;NA;NA;NA;VASODILATADORES PERIFÉRICOS
C04A;PERIPHERAL VASODILATORS;NA;NA;NA;NA;VASODILATADORES PERIFÉRICOS
C04AA;2-amino-1-phenylethanol derivatives;NA;NA;NA;NA;DERIVADOS DE 2-AMINO-1-FENILETANOL
C04AA01;isoxsuprine;60;mg;O;NA;ISOXSUPRINA
C04AA01;isoxsuprine;60;mg;P;NA;ISOXSUPRINA
C04AA02;buphenine;30;mg;O;NA;BUFENINA
C04AA31;bamethan;75;mg;O;NA;BAMETHAN
C04AB;Imidazoline derivatives;NA;NA;NA;NA;DERIVADOS DE LA IMIDAZOLINA
C04AB01;phentolamine;10;mg;O;NA;FENTOLAMINA
C04AB01;phentolamine;10;mg;P;NA;FENTOLAMINA
C04AB02;tolazoline;75;mg;O;NA;TOLAZOLINA
C04AC;Nicotinic acid and derivatives;NA;NA;NA;NA;ÁCIDO NICOTÍNICO Y DERIVADOS
C04AC01;nicotinic acid;0.2;g;O;NA;ÁCIDO NICOTÍNICO
C04AC01;nicotinic acid;0.2;g;P;NA;ÁCIDO NICOTÍNICO
C04AC02;nicotinyl alcohol (pyridylcarbinol);0.3;g;O;NA;ALCOHOL NICOTINÍLICO (PIRIDILCARBINOL)
C04AC02;nicotinyl alcohol (pyridylcarbinol);0.3;g;P;NA;ALCOHOL NICOTINÍLICO (PIRIDILCARBINOL)
C04AC03;inositol nicotinate;1.2;g;O;NA;NICOTINATO DE INOSITOL
C04AC07;ciclonicate;NA;NA;NA;NA;CICLONICAR
C04AD;Purine derivatives;NA;NA;NA;NA;DERIVADOS DE PURINAS
C04AD01;pentifylline;NA;NA;NA;NA;PENTIFILINA
C04AD02;xantinol nicotinate;0.9;g;O;NA;NICOTINATO DE XANTINOL
C04AD02;xantinol nicotinate;0.9;g;P;NA;NICOTINATO DE XANTINOL
C04AD03;pentoxifylline;1;g;O;NA;PENTOXIFILINA
C04AD03;pentoxifylline;0.3;g;P;NA;PENTOXIFILINA
C04AD04;etofylline nicotinate;0.3;g;O;NA;NICOTINATO DE ETOFILINA
C04AE;Ergot alkaloids;NA;NA;NA;NA;ALCALOIDES DEL CORNEZUELO DE CENTENO
C04AE01;ergoloid mesylates;3;mg;O;NA;MESILATOS ERGOLOIDES
C04AE01;ergoloid mesylates;3;mg;P;NA;MESILATOS ERGOLOIDES
C04AE02;nicergoline;NA;NA;NA;NA;NICERGOLINA
C04AE04;dihydroergocristine;NA;NA;NA;NA;DIHIDROERGOCRISTINA
C04AE51;ergoloid mesylates, combinations;NA;NA;NA;NA;MESILATOS ERGOLOIDES, COMBINACIONES
C04AE54;dihydroergocristine, combinations;NA;NA;NA;NA;DIHIDROERGOCRISTINA, COMBINACIONES
C04AF;Enzymes;NA;NA;NA;NA;ENZIMAS
C04AF01;kallidinogenase;30;U;O;NA;KALLIDINOGENASA
C04AF01;kallidinogenase;30;U;P;NA;KALLIDINOGENASA
C04AX;Other peripheral vasodilators;NA;NA;NA;NA;OTROS VASODILATADORES PERIFÉRICOS
C04AX01;cyclandelate;0.6;g;O;NA;CICLANDELATO
C04AX02;phenoxybenzamine;30;mg;O;NA;FENOXIBENZAMINA
C04AX07;vincamine;NA;NA;NA;NA;VINCAMINA
C04AX10;moxisylyte;NA;NA;NA;NA;MOXISILITA
C04AX11;bencyclane;NA;NA;NA;NA;BENCYCLANE
C04AX17;vinburnine;NA;NA;NA;NA;VINBURNINE
C04AX19;suloctidil;NA;NA;NA;NA;SULOCTIDIL
C04AX20;buflomedil;0.6;g;O;NA;BUFLOMEDIL
C04AX21;naftidrofuryl;0.6;g;O;NA;NAFTIDROFURYL
C04AX23;butalamine;NA;NA;NA;NA;BUTALAMINA
C04AX24;visnadine;0.6;g;O;NA;VISNADINA
C04AX26;cetiedil;NA;NA;NA;NA;CETIEDIL
C04AX27;cinepazide;NA;NA;NA;NA;CINEPAZIDE
C04AX28;ifenprodil;NA;NA;NA;NA;IFENPRODIL
C04AX30;azapetine;0.15;g;O;NA;AZAPETINE
C04AX32;fasudil;NA;NA;NA;NA;FASUDIL
C04AX33;clazosentan;NA;NA;NA;NA;CLAZOSENTAN
C05;VASOPROTECTIVES;NA;NA;NA;NA;VASOPROTECTORES
C05A;AGENTS FOR TREATMENT OF HEMORRHOIDS AND ANAL FISSURES FOR TOPICAL USE;NA;NA;NA;NA;AGENTES PARA EL TRATAMIENTO DE HEMORROIDES Y FISURAS ANALES DE USO TÓPICO
C05AA;Corticosteroids;NA;NA;NA;NA;CORTICOSTEROIDES
C05AA01;hydrocortisone;NA;NA;NA;NA;HIDROCORTISONA
C05AA04;prednisolone;NA;NA;NA;NA;PREDNISOLONA
C05AA05;betamethasone;NA;NA;NA;NA;BETAMETASONA
C05AA06;fluorometholone;NA;NA;NA;NA;FLUOROMETOLONA
C05AA08;fluocortolone;NA;NA;NA;NA;FLUOCORTOLONA
C05AA09;dexamethasone;NA;NA;NA;NA;DEXAMETASONA
C05AA10;fluocinolone acetonide;NA;NA;NA;NA;ACETÓNIDO DE FLUOCINOLONA
C05AA11;fluocinonide;NA;NA;NA;NA;FLUOCINONIDA
C05AA12;triamcinolone;NA;NA;NA;NA;TRIAMCINOLONA
C05AB;Antibiotics;NA;NA;NA;NA;ANTIBIÓTICOS
C05AD;Local anesthetics;NA;NA;NA;NA;ANESTÉSICOS LOCALES
C05AD01;lidocaine;NA;NA;NA;NA;LIDOCAÍNA
C05AD02;tetracaine;NA;NA;NA;NA;TETRACAINE
C05AD03;benzocaine;NA;NA;NA;NA;BENZOCAÍNA
C05AD04;cinchocaine;NA;NA;NA;NA;CINCHOCAÍNA
C05AD05;procaine;NA;NA;NA;NA;PROCAÍNA
C05AD06;oxetacaine;NA;NA;NA;NA;OXETACAÍNA
C05AD07;pramocaine;NA;NA;NA;NA;PRAMOCAÍNA
C05AE;Muscle relaxants;NA;NA;NA;NA;RELAJANTES MUSCULARES
C05AE01;glyceryl trinitrate;NA;NA;NA;NA;TRINITRATO DE GLICERILO
C05AE02;isosorbide dinitrate;NA;NA;NA;NA;DINITRATO DE ISOSORBIDA
C05AE03;diltiazem;NA;NA;NA;NA;DILTIAZEM
C05AX;Other agents for treatment of hemorrhoids and anal fissures for topical use;NA;NA;NA;NA;OTROS AGENTES PARA EL TRATAMIENTO DE HEMORROIDES Y FISURAS ANALES DE USO TÓPICO
C05AX01;aluminium preparations;NA;NA;NA;NA;PREPARACIONES DE ALUMINIO
C05AX02;bismuth preparations, combinations;NA;NA;NA;NA;PREPARACIONES Y COMBINACIONES DE BISMUTO
C05AX03;other preparations, combinations;NA;NA;NA;NA;OTRAS PREPARACIONES, COMBINACIONES
C05AX04;zinc preparations;NA;NA;NA;NA;PREPARACIONES DE ZINC
C05AX05;tribenoside;NA;NA;NA;NA;TRIBENOSIDE
C05AX06;phenylephrine;NA;NA;NA;NA;FENILEFRINA
C05B;ANTIVARICOSE THERAPY;NA;NA;NA;NA;TERAPIA ANTIVARICOSA
C05BA;Heparins or heparinoids for topical use;NA;NA;NA;NA;HEPARINAS O HEPARINOIDES DE USO TÓPICO
C05BA01;organo-heparinoid;NA;NA;NA;NA;ÓRGANO-HEPARINOIDEO
C05BA02;sodium apolate;NA;NA;NA;NA;APOLATO DE SODIO
C05BA03;heparin;NA;NA;NA;NA;HEPARINA
C05BA04;pentosan polysulfate sodium;NA;NA;NA;NA;PENTOSANO POLISULFATO SÓDICO
C05BA51;heparinoid, combinations;NA;NA;NA;NA;HEPARINOIDE, COMBINACIONES
C05BA53;heparin, combinations;NA;NA;NA;NA;HEPARINA, COMBINACIONES
C05BB;Sclerosing agents for local injection;NA;NA;NA;NA;AGENTES ESCLEROSANTES PARA INYECCIÓN LOCAL
C05BB01;monoethanolamine oleate;NA;NA;NA;NA;OLEATO DE MONOETANOLAMINA
C05BB02;polidocanol;NA;NA;NA;NA;POLIDOCANOL
C05BB03;invert sugar;NA;NA;NA;NA;AZÚCAR INVERTIDO
C05BB04;sodium tetradecyl sulfate;NA;NA;NA;NA;TETRADECIL SULFATO DE SODIO
C05BB05;phenol;NA;NA;NA;NA;FENOL
C05BB56;glucose, combinations;NA;NA;NA;NA;GLUCOSA, COMBINACIONES
C05BX;Other sclerosing agents;NA;NA;NA;NA;OTROS AGENTES ESCLEROSANTES
C05BX01;calcium dobesilate;NA;NA;NA;NA;DOBESILATO DE CALCIO
C05BX51;calcium dobesilate, combinations;NA;NA;NA;NA;DOBESILATO DE CALCIO, COMBINACIONES
C05C;CAPILLARY STABILIZING AGENTS;NA;NA;NA;NA;AGENTES ESTABILIZADORES CAPILARES
C05CA;Bioflavonoids;NA;NA;NA;NA;BIOFLAVONOIDES
C05CA01;rutoside;NA;NA;NA;NA;RUTOSIDE
C05CA02;monoxerutin;NA;NA;NA;NA;MONOXERUTINA
C05CA03;diosmin;NA;NA;NA;NA;DIOSMIN
C05CA04;troxerutin;NA;NA;NA;NA;TROXERUTINA
C05CA05;hidrosmin;NA;NA;NA;NA;HIDROSMINA
C05CA51;rutoside, combinations;NA;NA;NA;NA;RUTOSIDE, COMBINACIONES
C05CA53;diosmin, combinations;NA;NA;NA;NA;DIOSMINA, COMBINACIONES
C05CA54;troxerutin, combinations;NA;NA;NA;NA;TROXERUTINA, COMBINACIONES
C05CX;Other capillary stabilizing agents;NA;NA;NA;NA;OTROS AGENTES ESTABILIZADORES CAPILARES
C05CX01;tribenoside;NA;NA;NA;NA;TRIBENOSIDE
C05CX02;naftazone;NA;NA;NA;NA;NAFTAZONA
C05CX03;Hippocastani semen;NA;NA;NA;NA;SEMEN DE HIPOCASTÁN
C05X;OTHER VASOPROTECTIVES;NA;NA;NA;NA;OTROS VASOPROTECTORES
C05XX;Other vasoprotectives;NA;NA;NA;NA;OTROS VASOPROTECTORES
C05XX01;beperminogene perplasmid;NA;NA;NA;NA;BEPERMINOGENE PERPLÁSMIDO
C07;BETA BLOCKING AGENTS;NA;NA;NA;NA;AGENTES BLOQUEADORES BETA
C07A;BETA BLOCKING AGENTS;NA;NA;NA;NA;AGENTES BLOQUEADORES BETA
C07AA;Beta blocking agents, non-selective;NA;NA;NA;NA;AGENTES BETABLOQUEANTES, NO SELECTIVOS
C07AA01;alprenolol;0.4;g;O;NA;ALPRENOLOL
C07AA01;alprenolol;0.4;g;P;NA;ALPRENOLOL
C07AA02;oxprenolol;0.16;g;O;NA;OXPRENOLOL
C07AA02;oxprenolol;0.16;g;P;NA;OXPRENOLOL
C07AA03;pindolol;15;mg;O;NA;PINDOLOL
C07AA03;pindolol;15;mg;P;NA;PINDOLOL
C07AA05;propranolol;0.16;g;O;NA;PROPRANOLOL
C07AA05;propranolol;0.16;g;P;NA;PROPRANOLOL
C07AA06;timolol;20;mg;O;NA;TIMOLOL
C07AA06;timolol;20;mg;P;NA;TIMOLOL
C07AA07;sotalol;0.16;g;O;NA;SOTALOL
C07AA07;sotalol;0.16;g;P;NA;SOTALOL
C07AA12;nadolol;0.16;g;O;NA;NADOLOL
C07AA14;mepindolol;5;mg;O;NA;MEPINDOLOL
C07AA15;carteolol;10;mg;O;NA;CARTEOLOL
C07AA16;tertatolol;5;mg;O;NA;TERTATOLOL
C07AA17;bopindolol;NA;NA;NA;NA;BOPINDOLOL
C07AA19;bupranolol;NA;NA;NA;NA;BUPRANOLOL
C07AA23;penbutolol;40;mg;O;NA;PENBUTOLOL
C07AA27;cloranolol;NA;NA;NA;NA;CLORANOLOL
C07AB;Beta blocking agents, selective;NA;NA;NA;NA;AGENTES BLOQUEANTES BETA, SELECTIVOS
C07AB01;practolol;0.3;g;O;NA;PRACTOLOL
C07AB01;practolol;20;mg;P;NA;PRACTOLOL
C07AB02;metoprolol;0.15;g;O;NA;METOPROLOL
C07AB02;metoprolol;0.15;g;P;NA;METOPROLOL
C07AB03;atenolol;75;mg;O;NA;ATENOLOL
C07AB03;atenolol;75;mg;P;NA;ATENOLOL
C07AB04;acebutolol;0.4;g;O;NA;ACEBUTOLOL
C07AB04;acebutolol;0.4;g;P;NA;ACEBUTOLOL
C07AB05;betaxolol;20;mg;O;NA;BETAXOLOL
C07AB06;bevantolol;0.3;g;O;NA;BEVANTOLOL
C07AB07;bisoprolol;10;mg;O;NA;BISOPROLOL
C07AB08;celiprolol;0.2;g;O;NA;CELIPROLOL
C07AB09;esmolol;2.5;g;P;NA;ESMOLOL
C07AB10;epanolol;0.2;g;O;NA;EPANOLOL
C07AB11;s-atenolol;50;mg;O;NA;S-ATENOLOL
C07AB12;nebivolol;5;mg;O;NA;NEBIVOLOL
C07AB13;talinolol;0.1;g;O;NA;TALINOLOL
C07AB14;landiolol;NA;NA;NA;NA;LANDIOLOL
C07AG;Alpha and beta blocking agents;NA;NA;NA;NA;AGENTES BLOQUEANTES ALFA Y BETA
C07AG01;labetalol;0.6;g;O;NA;LABETALOL
C07AG01;labetalol;0.6;g;P;NA;LABETALOL
C07AG02;carvedilol;37.5;mg;O;NA;CARVEDILOL
C07B;BETA BLOCKING AGENTS AND THIAZIDES;NA;NA;NA;NA;BETABLOQUEANTES Y TIAZIDAS
C07BA;Beta blocking agents, non-selective, and thiazides;NA;NA;NA;NA;BETABLOQUEANTES, NO SELECTIVOS, Y TIAZIDAS
C07BA02;oxprenolol and thiazides;NA;NA;NA;NA;OXPRENOLOL Y TIAZIDAS
C07BA05;propranolol and thiazides;NA;NA;NA;NA;PROPRANOLOL Y TIAZIDAS
C07BA06;timolol and thiazides;NA;NA;NA;NA;TIMOLOL Y TIAZIDAS
C07BA07;sotalol and thiazides;NA;NA;NA;NA;SOTALOL Y TIAZIDAS
C07BA12;nadolol and thiazides;NA;NA;NA;NA;NADOLOL Y TIAZIDAS
C07BA68;metipranolol and thiazides, combinations;NA;NA;NA;NA;METIPRANOLOL Y TIAZIDAS, COMBINACIONES
C07BB;Beta blocking agents, selective, and thiazides;NA;NA;NA;NA;BETABLOQUEANTES, SELECTIVOS Y TIAZIDAS
C07BB02;metoprolol and thiazides;NA;NA;NA;NA;METOPROLOL Y TIAZIDAS
C07BB03;atenolol and thiazides;NA;NA;NA;NA;ATENOLOL Y TIAZIDAS
C07BB04;acebutolol and thiazides;NA;NA;NA;NA;ACEBUTOLOL Y TIAZIDAS
C07BB06;bevantolol and thiazides;NA;NA;NA;NA;BEVANTOLOL Y TIAZIDAS
C07BB07;bisoprolol and thiazides;NA;NA;NA;NA;BISOPROLOL Y TIAZIDAS
C07BB12;nebivolol and thiazides;NA;NA;NA;NA;NEBIVOLOL Y TIAZIDAS
C07BB52;metoprolol and thiazides, combinations;NA;NA;NA;NA;METOPROLOL Y TIAZIDAS, COMBINACIONES
C07BG;Alpha and beta blocking agents and thiazides;NA;NA;NA;NA;AGENTES BLOQUEANTES ALFA Y BETA Y TIAZIDAS
C07BG01;labetalol and thiazides;NA;NA;NA;NA;LABETALOL Y TIAZIDAS
C07C;BETA BLOCKING AGENTS AND OTHER DIURETICS;NA;NA;NA;NA;BETABLOQUEANTES Y OTROS DIURÉTICOS
C07CA;Beta blocking agents, non-selective, and other diuretics;NA;NA;NA;NA;BETABLOQUEANTES, NO SELECTIVOS, Y OTROS DIURÉTICOS
C07CA02;oxprenolol and other diuretics;NA;NA;NA;NA;OXPRENOLOL Y OTROS DIURÉTICOS
C07CA03;pindolol and other diuretics;NA;NA;NA;NA;PINDOLOL Y OTROS DIURÉTICOS
C07CA17;bopindolol and other diuretics;NA;NA;NA;NA;BOPINDOLOL Y OTROS DIURÉTICOS
C07CA23;penbutolol and other diuretics;NA;NA;NA;NA;PENBUTOLOL Y OTROS DIURÉTICOS
C07CB;Beta blocking agents, selective, and other diuretics;NA;NA;NA;NA;BETABLOQUEANTES, SELECTIVOS Y OTROS DIURÉTICOS
C07CB02;metoprolol and other diuretics;NA;NA;NA;NA;METOPROLOL Y OTROS DIURÉTICOS
C07CB03;atenolol and other diuretics;NA;NA;NA;NA;ATENOLOL Y OTROS DIURÉTICOS
C07CB53;atenolol and other diuretics, combinations;NA;NA;NA;NA;ATENOLOL Y OTROS DIURÉTICOS, COMBINACIONES
C07CG;Alpha and beta blocking agents and other diuretics;NA;NA;NA;NA;BLOQUEANTES ALFA Y BETA Y OTROS DIURÉTICOS
C07CG01;labetalol and other diuretics;NA;NA;NA;NA;LABETALOL Y OTROS DIURÉTICOS
C07D;BETA BLOCKING AGENTS, THIAZIDES AND OTHER DIURETICS;NA;NA;NA;NA;BETABLOQUEANTES, TIAZIDAS Y OTROS DIURÉTICOS
C07DA;Beta blocking agents, non-selective, thiazides and other diuretics;NA;NA;NA;NA;BETABLOQUEANTES, NO SELECTIVOS, TIAZIDAS Y OTROS DIURÉTICOS
C07DA06;timolol, thiazides and other diuretics;NA;NA;NA;NA;TIMOLOL, TIAZIDAS Y OTROS DIURÉTICOS
C07DB;Beta blocking agents, selective, thiazides and other diuretics;NA;NA;NA;NA;BETABLOQUEANTES, SELECTIVOS, TIAZIDAS Y OTROS DIURÉTICOS
C07DB01;atenolol, thiazides and other diuretics;NA;NA;NA;NA;ATENOLOL, TIAZIDAS Y OTROS DIURÉTICOS
C07E;BETA BLOCKING AGENTS AND VASODILATORS;NA;NA;NA;NA;BETABLOQUEANTES Y VASODILATADORES
C07EA;Beta blocking agents, non-selective, and vasodilators;NA;NA;NA;NA;BETABLOQUEANTES, NO SELECTIVOS Y VASODILATADORES
C07EB;Beta blocking agents, selective, and vasodilators;NA;NA;NA;NA;BETABLOQUEANTES, SELECTIVOS Y VASODILATADORES
C07F;BETA BLOCKING AGENTS, OTHER COMBINATIONS;NA;NA;NA;NA;AGENTES BLOQUEANTES BETA, OTRAS COMBINACIONES
C07FB;Beta blocking agents and calcium channel blockers;NA;NA;NA;NA;BETABLOQUEANTES Y BLOQUEADORES DE LOS CANALES DE CALCIO
C07FB02;metoprolol and felodipine;NA;NA;NA;NA;METOPROLOL Y FELODIPINA
C07FB03;atenolol and nifedipine;NA;NA;NA;NA;ATENOLOL Y NIFEDIPINO
C07FB07;bisoprolol and amlodipine;NA;NA;NA;NA;BISOPROLOL Y AMLODIPINO
C07FB12;nebivolol and amlodipine;NA;NA;NA;NA;NEBIVOLOL Y AMLODIPINO
C07FB13;metoprolol and amlodipine;NA;NA;NA;NA;METOPROLOL Y AMLODIPINO
C07FX;Beta blocking agents, other combinations;NA;NA;NA;NA;AGENTES BLOQUEANTES BETA, OTRAS COMBINACIONES
C07FX01;propranolol and other combinations;NA;NA;NA;NA;PROPRONOROL Y OTRAS COMBINACIONES
C07FX02;sotalol and acetylsalicylic acid;NA;NA;NA;NA;SOTALOL Y ÁCIDO ACETILSALICÍLICO
C07FX03;metoprolol and acetylsalicylic acid;NA;NA;NA;NA;METOPROLOL Y ÁCIDO ACETILSALICÍLICO
C07FX04;bisoprolol and acetylsalicylic acid;NA;NA;NA;NA;BISOPROLOL Y ÁCIDO ACETILSALICÍLICO
C07FX05;metoprolol and ivabradine;NA;NA;NA;NA;METOPROLOL E IVABRADINA
C07FX06;carvedilol and ivabradine;NA;NA;NA;NA;CARVEDILOL E IVABRADINA
C08;CALCIUM CHANNEL BLOCKERS;NA;NA;NA;NA;BLOQUEADORES DE LOS CANALES DE CALCIO
C08C;SELECTIVE CALCIUM CHANNEL BLOCKERS WITH MAINLY VASCULAR EFFECTS;NA;NA;NA;NA;BLOQUEANTES SELECTIVOS DE LOS CANALES DE CALCIO CON EFECTOS PRINCIPALMENTE VASCULARES
C08CA;Dihydropyridine derivatives;NA;NA;NA;NA;DERIVADOS DE LA DIHIDROPIRIDINA
C08CA01;amlodipine;5;mg;O;NA;AMLODIPINO
C08CA02;felodipine;5;mg;O;NA;FELODIPINA
C08CA03;isradipine;5;mg;O;NA;ISRADIPINA
C08CA03;isradipine;5;mg;P;NA;ISRADIPINA
C08CA04;nicardipine;90;mg;O;NA;NICARDIPINA
C08CA04;nicardipine;90;mg;P;NA;NICARDIPINA
C08CA05;nifedipine;30;mg;O;NA;NIFEDIPINO
C08CA05;nifedipine;30;mg;P;NA;NIFEDIPINO
C08CA06;nimodipine;0.3;g;O;NA;NIMODIPINO
C08CA06;nimodipine;50;mg;P;NA;NIMODIPINO
C08CA07;nisoldipine;20;mg;O;NA;NISOLDIPINO
C08CA08;nitrendipine;20;mg;O;NA;NITRENDIPINA
C08CA09;lacidipine;4;mg;O;NA;LACIDIPINO
C08CA10;nilvadipine;8;mg;O;NA;NILVADIPINO
C08CA11;manidipine;10;mg;O;NA;MANIDIPINA
C08CA12;barnidipine;10;mg;O;NA;BARNIDIPINA
C08CA13;lercanidipine;10;mg;O;NA;LERCANIDIPINO
C08CA14;cilnidipine;10;mg;O;NA;CILNIDIPINO
C08CA15;benidipine;NA;NA;NA;NA;BENIDIPINA
C08CA16;clevidipine;NA;NA;NA;NA;CLEVIDIPINO
C08CA17;levamlodipine;NA;NA;NA;NA;LEVAMLODIPINO
C08CA51;amlodipine and celecoxib;NA;NA;NA;NA;AMLODIPINO Y CELECOXIB
C08CA55;nifedipine, combinations;NA;NA;NA;NA;NIFEDIPINO, COMBINACIONES
C08CX;Other selective calcium channel blockers with mainly vascular effects;NA;NA;NA;NA;OTROS BLOQUEADORES SELECTIVOS DE LOS CANALES DE CALCIO CON EFECTOS PRINCIPALMENTE VASCULARES
C08CX01;mibefradil;75;mg;O;NA;MIBEFRADIL
C08D;SELECTIVE CALCIUM CHANNEL BLOCKERS WITH DIRECT CARDIAC EFFECTS;NA;NA;NA;NA;BLOQUEADORES SELECTIVOS DE LOS CANALES DE CALCIO CON EFECTOS CARDÍACOS DIRECTOS
C08DA;Phenylalkylamine derivatives;NA;NA;NA;NA;DERIVADOS DE LA FENIALQUILALQUILAMINA
C08DA01;verapamil;0.24;g;O;NA;VERAPAMILO
C08DA01;verapamil;0.24;g;P;NA;VERAPAMILO
C08DA02;gallopamil;NA;NA;NA;NA;GALLOPAMIL
C08DA51;verapamil, combinations;NA;NA;NA;NA;VERAPAMILO, COMBINACIONES
C08DB;Benzothiazepine derivatives;NA;NA;NA;NA;DERIVADOS DE LAS BENZOTIAZEPINAS
C08DB01;diltiazem;0.24;g;O;NA;DILTIAZEM
C08E;NON-SELECTIVE CALCIUM CHANNEL BLOCKERS;NA;NA;NA;NA;BLOQUEADORES NO SELECTIVOS DE LOS CANALES DE CALCIO
C08EA;Phenylalkylamine derivatives;NA;NA;NA;NA;DERIVADOS DE LA FENIALQUILALQUILAMINA
C08EA01;fendiline;NA;NA;NA;NA;FENDILINA
C08EA02;bepridil;0.3;g;O;NA;BEPRIDIL
C08EX;Other non-selective calcium channel blockers;NA;NA;NA;NA;OTROS BLOQUEANTES NO SELECTIVOS DE LOS CANALES DE CALCIO
C08EX01;lidoflazine;0.18;g;O;NA;LIDOFLAZINA
C08EX02;perhexiline;0.2;g;O;NA;PERHEXILINA
C08G;CALCIUM CHANNEL BLOCKERS AND DIURETICS;NA;NA;NA;NA;BLOQUEADORES DE LOS CANALES DE CALCIO Y DIURÉTICOS
C08GA;Calcium channel blockers and diuretics;NA;NA;NA;NA;BLOQUEADORES DE LOS CANALES DE CALCIO Y DIURÉTICOS
C08GA01;nifedipine and diuretics;NA;NA;NA;NA;NIFEDIPINO Y DIURÉTICOS
C08GA02;amlodipine and diuretics;NA;NA;NA;NA;AMLODIPINO Y DIURÉTICOS
C09;AGENTS ACTING ON THE RENIN-ANGIOTENSIN SYSTEM;NA;NA;NA;NA;AGENTES QUE ACTÚAN SOBRE EL SISTEMA RENINA-ANGIOTENSINA
C09A;ACE INHIBITORS, PLAIN;NA;NA;NA;NA;INHIBIDORES DE LA ENZIMA CONVERTIDORA DE ANGIOTENSINA
C09AA;ACE inhibitors, plain;NA;NA;NA;NA;INHIBIDORES DE LA ENZIMA CONVERTIDORA DE ANGIOTENSINA (IECA)
C09AA01;captopril;50;mg;O;NA;CAPTOPRIL
C09AA02;enalapril;10;mg;O;NA;ENALAPRIL
C09AA02;enalapril;10;mg;P;NA;ENALAPRIL
C09AA03;lisinopril;10;mg;O;NA;LISINOPRIL
C09AA04;perindopril;4;mg;O;NA;PERINDOPRIL
C09AA05;ramipril;2.5;mg;O;NA;RAMIPRIL
C09AA06;quinapril;15;mg;O;NA;QUINAPRIL
C09AA06;quinapril;15;mg;P;NA;QUINAPRIL
C09AA07;benazepril;7.5;mg;O;NA;BENAZEEPRIL
C09AA08;cilazapril;2.5;mg;O;NA;CILAZAPRIL
C09AA09;fosinopril;15;mg;O;NA;FOSINOPRIL
C09AA10;trandolapril;2;mg;O;NA;TRANDOLAPRIL
C09AA11;spirapril;6;mg;O;NA;SPIRAPRIL
C09AA12;delapril;30;mg;O;NA;DELAPRIL
C09AA13;moexipril;15;mg;O;NA;MOEXIPRIL
C09AA14;temocapril;10;mg;O;NA;TEMOCAPRIL
C09AA15;zofenopril;30;mg;O;NA;ZOFENOPRIL
C09AA16;imidapril;10;mg;O;NA;A MEDIADOS DE ABRIL
C09B;ACE INHIBITORS, COMBINATIONS;NA;NA;NA;NA;INHIBIDORES DE LA ENZIMA CONVERTIDORA DE ANGIOTENSINA
C09BA;ACE inhibitors and diuretics;NA;NA;NA;NA;INHIBIDORES DE LA ENZIMA CONVERTIDORA DE ANGIOTENSINA Y DIURÉTICOS
C09BA01;captopril and diuretics;NA;NA;NA;NA;CAPTOPRIL Y DIURÉTICOS
C09BA02;enalapril and diuretics;NA;NA;NA;NA;ENALAPRIL Y DIURÉTICOS
C09BA03;lisinopril and diuretics;NA;NA;NA;NA;LISINOPRIL Y DIURÉTICOS
C09BA04;perindopril and diuretics;NA;NA;NA;NA;PERINDOPRIL Y DIURÉTICOS
C09BA05;ramipril and diuretics;NA;NA;NA;NA;RAMIPRIL Y DIURÉTICOS
C09BA06;quinapril and diuretics;NA;NA;NA;NA;QUINAPRIL Y DIURÉTICOS
C09BA07;benazepril and diuretics;NA;NA;NA;NA;BENACEPRRIL Y DIURÉTICOS
C09BA08;cilazapril and diuretics;NA;NA;NA;NA;CILAZAPRIL Y DIURÉTICOS
C09BA09;fosinopril and diuretics;NA;NA;NA;NA;FOSINOPRIL Y DIURÉTICOS
C09BA12;delapril and diuretics;NA;NA;NA;NA;DELAPRIL Y DIURÉTICOS
C09BA13;moexipril and diuretics;NA;NA;NA;NA;MOEXIPRIL Y DIURÉTICOS
C09BA15;zofenopril and diuretics;NA;NA;NA;NA;ZOFENOPRIL Y DIURÉTICOS
C09BB;ACE inhibitors and calcium channel blockers;NA;NA;NA;NA;INHIBIDORES DE LA ENZIMA CONVERTIDORA DE ANGIOTENSINA (IECA) Y BLOQUEADORES DE LOS CANALES DE CALCIO
C09BB02;enalapril and lercanidipine;NA;NA;NA;NA;ENALAPRIL Y LERCANIDIPINO
C09BB03;lisinopril and amlodipine;NA;NA;NA;NA;LISINOPRIL Y AMLODIPINO
C09BB04;perindopril and amlodipine;NA;NA;NA;NA;PERINDOPRIL Y AMLODIPINO
C09BB05;ramipril and felodipine;NA;NA;NA;NA;RAMIPRIL Y FELODIPINA
C09BB06;enalapril and nitrendipine;NA;NA;NA;NA;ENALAPRIL Y NITRENDIPINA
C09BB07;ramipril and amlodipine;NA;NA;NA;NA;RAMIPRIL Y AMLODIPINO
C09BB10;trandolapril and verapamil;NA;NA;NA;NA;TRANDOLAPRIL Y VERAPAMILO
C09BB12;delapril and manidipine;NA;NA;NA;NA;DELAPRIL Y MANIDIPINA
C09BB13;benazepril and amlodipine;NA;NA;NA;NA;BENACEPRIL Y AMLODIPINO
C09BX;ACE inhibitors, other combinations;NA;NA;NA;NA;INHIBIDORES DE LA ENZIMA CONVERTIDORA DE ANGIOTENSINA (IECA) Y OTRAS COMBINACIONES
C09BX01;perindopril, amlodipine and indapamide;NA;NA;NA;NA;PERINDOPRIL, AMLODIPINO E INDAPAMIDA
C09BX02;perindopril and bisoprolol;NA;NA;NA;NA;PERINOPRIL Y BISOPROLOL
C09BX03;ramipril, amlodipine and hydrochlorothiazide;NA;NA;NA;NA;RAMIPRIL, AMLODIPINO E HIDROCLOROTIAZIDA
C09BX04;perindopril, bisoprolol and amlodipine;NA;NA;NA;NA;PERINDOPRIL, BISOPROLOL Y AMLODIPINO
C09BX05;ramipril and bisoprolol;NA;NA;NA;NA;RAMIPRIL Y BISOPROLOL
C09BX06;perindopril, bisoprolol, amlodipine and indapamide;NA;NA;NA;NA;PERINDOPRIL, BISOPROLOL, AMLODIPINO E INDAPAMIDA
C09BX07;zofenopril and nebivolol;NA;NA;NA;NA;ZOFENOPRIL Y NEBIVOLOL
C09C;ANGIOTENSIN II RECEPTOR BLOCKERS (ARBs), PLAIN;NA;NA;NA;NA;ANTAGONISTAS DE LOS RECEPTORES DE ANGIOTENSINA II (BRA) SIMPLES
C09CA;Angiotensin II receptor blockers (ARBs), plain;NA;NA;NA;NA;ANTAGONISTAS DE LOS RECEPTORES DE ANGIOTENSINA II (BRA), SIMPLES
C09CA01;losartan;50;mg;O;NA;LOSARTÁN
C09CA02;eprosartan;0.6;g;O;NA;EPROSARTÁN
C09CA03;valsartan;80;mg;O;NA;VALSARTÁN
C09CA04;irbesartan;0.15;g;O;NA;IRBESARTÁN
C09CA05;tasosartan;NA;NA;NA;NA;TASOSARTÁN
C09CA06;candesartan;8;mg;O;NA;CANDESARTÁN
C09CA07;telmisartan;40;mg;O;NA;TELMISARTÁN
C09CA08;olmesartan medoxomil;20;mg;O;NA;OLMESARTÁN MEDOXOMIL
C09CA09;azilsartan medoxomil;40;mg;O;NA;AZILSARTAN MEDOXOMIL
C09CA10;fimasartan;60;mg;O;NA;FIMASARTÁN
C09D;ANGIOTENSIN II RECEPTOR BLOCKERS (ARBs), COMBINATIONS;NA;NA;NA;NA;ANTAGONISTAS DE LOS RECEPTORES DE ANGIOTENSINA II (BRA), COMBINACIONES
C09DA;Angiotensin II receptor blockers (ARBs) and diuretics;NA;NA;NA;NA;BLOQUEADORES DE LOS RECEPTORES DE ANGIOTENSINA II (BRA) Y DIURÉTICOS
C09DA01;losartan and diuretics;NA;NA;NA;NA;LOSARTÁN Y DIURÉTICOS
C09DA02;eprosartan and diuretics;NA;NA;NA;NA;EPROSARTÁN Y DIURÉTICOS
C09DA03;valsartan and diuretics;NA;NA;NA;NA;VALSARTÁN Y DIURÉTICOS
C09DA04;irbesartan and diuretics;NA;NA;NA;NA;IRBESARTÁN Y DIURÉTICOS
C09DA06;candesartan and diuretics;NA;NA;NA;NA;CANDESARTÁN Y DIURÉTICOS
C09DA07;telmisartan and diuretics;NA;NA;NA;NA;TELMISARTÁN Y DIURÉTICOS
C09DA08;olmesartan medoxomil and diuretics;NA;NA;NA;NA;OLMESARTÁN, MEDOXOMILO Y DIURÉTICOS
C09DA09;azilsartan medoxomil and diuretics;NA;NA;NA;NA;AZILSARTÁN, MEDOXOMILO Y DIURÉTICOS
C09DA10;fimasartan and diuretics;NA;NA;NA;NA;FIMASARTÁN Y DIURÉTICOS
C09DB;Angiotensin II receptor blockers (ARBs) and calcium channel blockers;NA;NA;NA;NA;BLOQUEADORES DE LOS RECEPTORES DE ANGIOTENSINA II (BRA) Y BLOQUEADORES DE LOS CANALES DE CALCIO
C09DB01;valsartan and amlodipine;NA;NA;NA;NA;VALSARTÁN Y AMLODIPINO
C09DB02;olmesartan medoxomil and amlodipine;NA;NA;NA;NA;OLMESARTÁN, MEDOXOMIL Y AMLODIPINO
C09DB04;telmisartan and amlodipine;NA;NA;NA;NA;TELMISARTÁN Y AMLODIPINO
C09DB05;irbesartan and amlodipine;NA;NA;NA;NA;IRBESARTÁN Y AMLODIPINO
C09DB06;losartan and amlodipine;NA;NA;NA;NA;LOSARTÁN Y AMLODIPINO
C09DB07;candesartan and amlodipine;NA;NA;NA;NA;CANDESARTÁN Y AMLODIPINO
C09DB08;valsartan and lercanidipine;NA;NA;NA;NA;VALSARTÁN Y LERCANIDIPINO
C09DB09;fimasartan and amlodipine;NA;NA;NA;NA;FIMASARTÁN Y AMLODIPINO
C09DX;Angiotensin II receptor blockers (ARBs), other combinations;NA;NA;NA;NA;ANTAGONISTAS DE LOS RECEPTORES DE ANGIOTENSINA II (BRA), OTRAS COMBINACIONES
C09DX01;valsartan, amlodipine and hydrochlorothiazide;NA;NA;NA;NA;VALSARTÁN, AMLODIPINO E HIDROCLOROTIAZIDA
C09DX02;valsartan and aliskiren;NA;NA;NA;NA;VALSARTÁN Y ALISKIREN
C09DX03;olmesartan medoxomil, amlodipine and hydrochlorothiazide;NA;NA;NA;NA;OLMESARTÁN, MEDOXOMILO, AMLODIPINO E HIDROCLOROTIAZIDA
C09DX04;valsartan and sacubitril;NA;NA;NA;NA;VALSARTÁN Y SACUBITRIL
C09DX05;valsartan and nebivolol;NA;NA;NA;NA;VALSARTÁN Y NEBIVOLOL
C09DX06;candesartan, amlodipine and hydrochlorothiazide;NA;NA;NA;NA;CANDESARTÁN, AMLODIPINO E HIDROCLOROTIAZIDA
C09DX07;irbesartan, amlodipine and hydrochlorothiazide;NA;NA;NA;NA;IRBESARTÁN, AMLODIPINO E HIDROCLOROTIAZIDA
C09DX08;telmisartan, amlodipine and hydrochlorothiazide;NA;NA;NA;NA;TELMISARTÁN, AMLODIPINO E HIDROCLOROTIAZIDA
C09X;OTHER AGENTS ACTING ON THE RENIN-ANGIOTENSIN SYSTEM;NA;NA;NA;NA;OTROS AGENTES QUE ACTÚAN SOBRE EL SISTEMA RENINA-ANGIOTENSINA
C09XA;Renin-inhibitors;NA;NA;NA;NA;INHIBIDORES DE LA RENINA
C09XA01;remikiren;NA;NA;NA;NA;REMIKIREN
C09XA02;aliskiren;0.15;g;O;NA;ALISKIREN
C09XA52;aliskiren and hydrochlorothiazide;NA;NA;NA;NA;ALISKIREN E HIDROCLOROTIAZIDA
C09XA53;aliskiren and amlodipine;NA;NA;NA;NA;ALISKIREN Y AMLODIPINO
C09XA54;aliskiren, amlodipine and hydrochlorothiazide;NA;NA;NA;NA;ALISKIREN, AMLODIPINO E HIDROCLOROTIAZIDA
C10;LIPID MODIFYING AGENTS;NA;NA;NA;NA;AGENTES MODIFICADORES DE LÍPIDOS
C10A;LIPID MODIFYING AGENTS, PLAIN;NA;NA;NA;NA;AGENTES MODIFICADORES DE LÍPIDOS SIMPLES
C10AA;HMG CoA reductase inhibitors;NA;NA;NA;NA;INHIBIDORES DE LA HMG COA REDUCTASA
C10AA01;simvastatin;30;mg;O;NA;SIMVASTATINA
C10AA02;lovastatin;45;mg;O;NA;LOVASTATINA
C10AA03;pravastatin;30;mg;O;NA;PRAVASTATINA
C10AA04;fluvastatin;60;mg;O;NA;FLUVASTATINA
C10AA05;atorvastatin;20;mg;O;NA;ATORVASTATINA
C10AA06;cerivastatin;0.2;mg;O;NA;CERIVASTATINA
C10AA07;rosuvastatin;10;mg;O;NA;ROSUVASTATINA
C10AA08;pitavastatin;2;mg;O;NA;PITAVASTATINA
C10AB;Fibrates;NA;NA;NA;NA;FIBRATOS
C10AB01;clofibrate;2;g;O;NA;CLOFIBRATO
C10AB02;bezafibrate;0.6;g;O;NA;BEZAFIBRATO
C10AB03;aluminium clofibrate;NA;NA;NA;NA;CLOFIBRATO DE ALUMINIO
C10AB04;gemfibrozil;1.2;g;O;NA;GEMDE FIBROZILO
C10AB05;fenofibrate;0.2;g;O;micronised;FENOFIBRATO
C10AB06;simfibrate;NA;NA;NA;NA;SIMFIBRATO
C10AB07;ronifibrate;NA;NA;NA;NA;RONIFIBRATO
C10AB08;ciprofibrate;0.1;g;O;NA;CIPROFIBRATO
C10AB09;etofibrate;NA;NA;NA;NA;ETOFIBRATO
C10AB10;clofibride;NA;NA;NA;NA;CLOFIBRIDE
C10AB11;choline fenofibrate;0.135;g;O;Refers to fenofibric acid;FENOFIBRATO DE COLINA
C10AB12;pemafibrate;NA;NA;NA;NA;PEMAFIBRATO
C10AC;Bile acid sequestrants;NA;NA;NA;NA;SECUESTRANTES DE ÁCIDOS BILIARES
C10AC01;colestyramine;14;g;O;NA;COLESTIRAMINA
C10AC02;colestipol;20;g;O;NA;COLESTIPOL
C10AC03;colextran;NA;NA;NA;NA;COLEXTRANO
C10AC04;colesevelam;3.75;g;O;NA;COLESEVELAM
C10AD;Nicotinic acid and derivatives;NA;NA;NA;NA;ÁCIDO NICOTÍNICO Y DERIVADOS
C10AD01;niceritrol;1.5;g;O;NA;NICERITROL
C10AD02;nicotinic acid;2;g;O;NA;ÁCIDO NICOTÍNICO
C10AD03;nicofuranose;NA;NA;NA;NA;NICOFURANOSA
C10AD04;aluminium nicotinate;NA;NA;NA;NA;NICOTINATO DE ALUMINIO
C10AD05;nicotinyl alcohol (pyridylcarbinol);0.9;g;O;NA;ALCOHOL NICOTINÍLICO (PIRIDILCARBINOL)
C10AD06;acipimox;0.5;g;O;NA;ACIPIMOX
C10AD52;nicotinic acid, combinations;NA;NA;NA;NA;ÁCIDO NICOTÍNICO, COMBINACIONES
C10AX;Other lipid modifying agents;NA;NA;NA;NA;OTROS AGENTES MODIFICADORES DE LÍPIDOS
C10AX01;dextrothyroxine;4;mg;O;NA;DEXTROTIROXINA
C10AX02;probucol;NA;NA;NA;NA;PROBUCOL
C10AX03;tiadenol;NA;NA;NA;NA;TIADENOL
C10AX05;meglutol;NA;NA;NA;NA;MEGLUTOL
C10AX06;omega-3-triglycerides incl. other esters and acids;4;g;O;NA;OMEGA-3-TRIGLICÉRIDOS, INCLUIDOS OTROS ÉSTERES Y ÁCIDOS
C10AX07;magnesium pyridoxal 5-phosphate glutamate;NA;NA;NA;NA;PIRIDOXAL DE MAGNESIO 5-FOSFATO GLUTAMATO
C10AX08;policosanol;NA;NA;NA;NA;POLICOSANOL
C10AX09;ezetimibe;10;mg;O;NA;EZETIMIBA
C10AX10;alipogene tiparvovec;NA;NA;NA;NA;ALIPOGENE TIPARVOVEC
C10AX11;mipomersen;NA;NA;NA;NA;MIPOMERSEN
C10AX12;lomitapide;40;mg;O;NA;LOMITAPIDE
C10AX13;evolocumab;10;mg;P;NA;EVOLOCUMAB
C10AX14;alirocumab;5.4;mg;P;NA;ALIROCUMAB
C10AX15;bempedoic acid;0.18;g;O;NA;ÁCIDO BEMPEDOICO
C10AX16;inclisiran;1.6;mg;P;NA;INCLISIRAN
C10AX17;evinacumab;NA;NA;NA;NA;EVINACUMAB
C10AX18;volanesorsen;20;mg;P;NA;VOLANESORSEN
C10B;LIPID MODIFYING AGENTS, COMBINATIONS;NA;NA;NA;NA;AGENTES MODIFICADORES DE LÍPIDOS, COMBINACIONES
C10BA;Combinations of various lipid modifying agents;NA;NA;NA;NA;COMBINACIONES DE VARIOS AGENTES MODIFICADORES DE LÍPIDOS
C10BA01;lovastatin and nicotinic acid;NA;NA;NA;NA;LOVASTATINA Y ÁCIDO NICOTÍNICO
C10BA02;simvastatin and ezetimibe;NA;NA;NA;NA;SIMVASTATINA Y EZETIMIBA
C10BA03;pravastatin and fenofibrate;NA;NA;NA;NA;PRAVASTATINA Y FENOFIBRATO
C10BA04;simvastatin and fenofibrate;NA;NA;NA;NA;SIMVASTATINA Y FENOFIBRATO
C10BA05;atorvastatin and ezetimibe;NA;NA;NA;NA;ATORVASTATINA Y EZETIMIBA
C10BA06;rosuvastatin and ezetimibe;NA;NA;NA;NA;ROSUVASTATINA Y EZETIMIBA
C10BA07;rosuvastatin and omega-3 fatty acids;NA;NA;NA;NA;ROSUVASTATINA Y ÁCIDOS GRASOS OMEGA-3
C10BA08;atorvastatin and omega-3 fatty acids;NA;NA;NA;NA;ATORVASTATINA Y ÁCIDOS GRASOS OMEGA-3
C10BA09;rosuvastatin and fenofibrate;NA;NA;NA;NA;ROSUVASTATINA Y FENOFIBRATO
C10BA10;bempedoic acid and ezetimibe;NA;NA;NA;NA;ÁCIDO BEMPEDOICO Y EZETIMIBA
C10BA11;pravastatin and ezetimibe;NA;NA;NA;NA;PRAVASTATINA Y EZETIMIBA
C10BA12;pravastatin, ezetimibe and fenofibrate;NA;NA;NA;NA;PRAVASTATINA, EZETIMIBA Y FENOFIBRATO
C10BX;Lipid modifying agents in combination with other drugs;NA;NA;NA;NA;AGENTES MODIFICADORES DE LÍPIDOS EN COMBINACIÓN CON OTROS FÁRMACOS
C10BX01;simvastatin and acetylsalicylic acid;30;mg;O;Refers to simvastatin;SIMVASTATINA Y ÁCIDO ACETILSALICÍLICO
C10BX02;pravastatin and acetylsalicylic acid;NA;NA;NA;NA;PRAVASTATINA Y ÁCIDO ACETILSALICÍLICO
C10BX03;atorvastatin and amlodipine;NA;NA;NA;NA;ATORVASTATINA Y AMLODIPINO
C10BX04;simvastatin, acetylsalicylic acid and ramipril;NA;NA;NA;NA;SIMVASTATINA, ÁCIDO ACETILSALICÍLICO Y RAMIPRIL
C10BX05;rosuvastatin and acetylsalicylic acid;NA;NA;NA;NA;ROSUVASTATINA Y ÁCIDO ACETILSALICÍLICO
C10BX06;atorvastatin, acetylsalicylic acid and ramipril;NA;NA;NA;NA;ATORVASTATINA, ÁCIDO ACETILSALICÍLICO Y RAMIPRIL
C10BX07;rosuvastatin, amlodipine and lisinopril;NA;NA;NA;NA;ROSUVASTATINA, AMLODIPINO Y LISINOPRIL
C10BX08;atorvastatin and acetylsalicylic acid;NA;NA;NA;NA;ATORVASTATINA Y ÁCIDO ACETILSALICÍLICO
C10BX09;rosuvastatin and amlodipine;NA;NA;NA;NA;ROSUVASTATINA Y AMLODIPINO
C10BX10;rosuvastatin and valsartan;NA;NA;NA;NA;ROSUVASTATINA Y VALSARTÁN
C10BX11;atorvastatin, amlodipine and perindopril;NA;NA;NA;NA;ATORVASTATINA, AMLODIPINO Y PERINDOPRIL
C10BX12;atorvastatin, acetylsalicylic acid and perindopril;NA;NA;NA;NA;ATORVASTATINA, ÁCIDO ACETILSALICÍLICO Y PERINDOPRIL
C10BX13;rosuvastatin, perindopril and indapamide;NA;NA;NA;NA;ROSUVASTATINA, PERINDOPRIL E INDAPAMIDA
C10BX14;rosuvastatin, amlodipine and perindopril;NA;NA;NA;NA;ROSUVASTATINA, AMLODIPINO Y PERINDOPRIL
C10BX15;atorvastatin and perindopril;NA;NA;NA;NA;ATORVASTATINA Y PERINDOPRIL
C10BX16;rosuvastatin and fimasartan;NA;NA;NA;NA;ROSUVASTATINA Y FIMASARTÁN
C10BX17;rosuvastatin and ramipril;NA;NA;NA;NA;ROSUVASTATINA Y RAMIPRIL
C10BX18;atorvastatin, amlodipine and ramipril;NA;NA;NA;NA;ATORVASTATINA, AMLODIPINO Y RAMIPRIL
C10BX19;atorvastatin, amlodipine and candesartan;NA;NA;NA;NA;ATORVASTATINA, AMLODIPINO Y CANDESARTÁN
C10BX20;rosuvastatin and telmisartan;NA;NA;NA;NA;ROSUVASTATINA Y TELMISARTÁN
C10BX21;rosuvastatin and perindopril;NA;NA;NA;NA;ROSUVASTATINA Y PERINDOPRIL
D;DERMATOLOGICALS;NA;NA;NA;NA;DERMATOLÓGICOS
D01;ANTIFUNGALS FOR DERMATOLOGICAL USE;NA;NA;NA;NA;ANTIFÚNGICOS DE USO DERMATOLÓGICO
D01A;ANTIFUNGALS FOR TOPICAL USE;NA;NA;NA;NA;ANTIFÚNGICOS DE USO TÓPICO
D01AA;Antibiotics;NA;NA;NA;NA;ANTIBIÓTICOS
D01AA01;nystatin;NA;NA;NA;NA;NISTATINA
D01AA02;natamycin;NA;NA;NA;NA;NATAMICINA
D01AA03;hachimycin;NA;NA;NA;NA;HACHIMYCIN
D01AA04;pecilocin;NA;NA;NA;NA;PECILOCINA
D01AA06;mepartricin;NA;NA;NA;NA;MEPARTRICINA
D01AA07;pyrrolnitrin;NA;NA;NA;NA;PIRROLNITRINA
D01AA08;griseofulvin;NA;NA;NA;NA;GRISEOFULVINA
D01AA20;combinations;NA;NA;NA;NA;COMBINACIONES
D01AC;Imidazole and triazole derivatives;NA;NA;NA;NA;DERIVADOS DEL IMIDAZOL Y TRIAZOL
D01AC01;clotrimazole;NA;NA;NA;NA;CLOTRIMAZOL
D01AC02;miconazole;NA;NA;NA;NA;MICONAZOL
D01AC03;econazole;NA;NA;NA;NA;ECONAZOL
D01AC04;chlormidazole;NA;NA;NA;NA;CLORMIDAZOL
D01AC05;isoconazole;NA;NA;NA;NA;ISOCONAZOL
D01AC06;tiabendazole;NA;NA;NA;NA;TIABENDAZOL
D01AC07;tioconazole;NA;NA;NA;NA;TIOCONAZOL
D01AC08;ketoconazole;NA;NA;NA;NA;KETOCONAZOL
D01AC09;sulconazole;NA;NA;NA;NA;SULCONAZOL
D01AC10;bifonazole;NA;NA;NA;NA;BIFONAZOL
D01AC11;oxiconazole;NA;NA;NA;NA;OXICONAZOL
D01AC12;fenticonazole;NA;NA;NA;NA;FENTICONAZOL
D01AC13;omoconazole;NA;NA;NA;NA;OMOCONAZOL
D01AC14;sertaconazole;NA;NA;NA;NA;SERTACONAZOL
D01AC15;fluconazole;NA;NA;NA;NA;FLUCONAZOL
D01AC16;flutrimazole;NA;NA;NA;NA;FLUTRIMAZOL
D01AC17;eberconazole;NA;NA;NA;NA;EBERCONAZOL
D01AC18;luliconazole;NA;NA;NA;NA;LULICONAZOL
D01AC19;efinaconazole;NA;NA;NA;NA;EFINACONAZOL
D01AC20;imidazoles/triazoles in combination with corticosteroids;NA;NA;NA;NA;IMIDAZOLES/TRIAZOLES EN COMBINACIÓN CON CORTICOSTEROIDES
D01AC21;neticonazole;NA;NA;NA;NA;NETICONAZOL
D01AC22;lanoconazole;NA;NA;NA;NA;LANOCONAZOL
D01AC52;miconazole, combinations;NA;NA;NA;NA;MICONAZOL, COMBINACIONES
D01AC60;bifonazole, combinations;NA;NA;NA;NA;BIFONAZOL, COMBINACIONES
D01AE;Other antifungals for topical use;NA;NA;NA;NA;OTROS ANTIFÚNGICOS DE USO TÓPICO
D01AE01;bromochlorosalicylanilide;NA;NA;NA;NA;BROMOCLOROLICILILANILIDA
D01AE02;methylrosaniline;NA;NA;NA;NA;METILROSANILINA
D01AE03;tribromometacresol;NA;NA;NA;NA;TRIBROMOMETACRESOL
D01AE04;undecylenic acid;NA;NA;NA;NA;ÁCIDO UNDECILÉNICO
D01AE05;polynoxylin;NA;NA;NA;NA;POLINOXILINA
D01AE06;2-(4-chlorphenoxy)-ethanol;NA;NA;NA;NA;2-(4-CLORFENOXI)-ETANOL
D01AE07;chlorphenesin;NA;NA;NA;NA;CLORFENESINA
D01AE08;ticlatone;NA;NA;NA;NA;TICLATONE
D01AE09;sulbentine;NA;NA;NA;NA;SULBENTINA
D01AE10;ethyl hydroxybenzoate;NA;NA;NA;NA;HIDROXIBENZOATO DE ETILO
D01AE11;haloprogin;NA;NA;NA;NA;HALOPROGINA
D01AE12;salicylic acid;NA;NA;NA;NA;ÁCIDO SALICÍLICO
D01AE13;selenium sulfide;NA;NA;NA;NA;SULFURO DE SELENIO
D01AE14;ciclopirox;NA;NA;NA;NA;CICLOPIROX
D01AE15;terbinafine;NA;NA;NA;NA;TERBINAFINA
D01AE16;amorolfine;NA;NA;NA;NA;AMOROLFINE
D01AE17;dimazole;NA;NA;NA;NA;DIMAZOL
D01AE18;tolnaftate;NA;NA;NA;NA;TOLNAFTATO
D01AE19;tolciclate;NA;NA;NA;NA;TOLCICLATE
D01AE20;combinations;NA;NA;NA;NA;COMBINACIONES
D01AE21;flucytosine;NA;NA;NA;NA;FLUCITOSINA
D01AE22;naftifine;NA;NA;NA;NA;NAFTIFINE
D01AE23;butenafine;NA;NA;NA;NA;BUTENAFINA
D01AE24;tavaborole;NA;NA;NA;NA;TAVABOROLE
D01AE25;liranaftate;NA;NA;NA;NA;LIRANAFTATO
D01AE54;undecylenic acid, combinations;NA;NA;NA;NA;ÁCIDO UNDECILÉNICO, COMBINACIONES
D01B;ANTIFUNGALS FOR SYSTEMIC USE;NA;NA;NA;NA;ANTIFÚNGICOS DE USO SISTÉMICO
D01BA;Antifungals for systemic use;NA;NA;NA;NA;ANTIFÚNGICOS DE USO SISTÉMICO
D01BA01;griseofulvin;0.5;g;O;NA;GRISEOFULVINA
D01BA02;terbinafine;0.25;g;O;NA;TERBINAFINA
D01BA03;fosravuconazole;0.1;g;O;Expressed as ravuconazole;FOSRAVUCONAZOL
D02;EMOLLIENTS AND PROTECTIVES;NA;NA;NA;NA;EMOLIENTES Y PROTECTORES
D02A;EMOLLIENTS AND PROTECTIVES;NA;NA;NA;NA;EMOLIENTES Y PROTECTORES
D02AA;Silicone products;NA;NA;NA;NA;PRODUCTOS DE SILICONA
D02AB;Zinc products;NA;NA;NA;NA;PRODUCTOS DE ZINC
D02AC;Soft paraffin and fat products;NA;NA;NA;NA;PRODUCTOS BLANDOS DE PARAFINA Y GRASAS
D02AD;Liquid plasters;NA;NA;NA;NA;APÓSITOS LÍQUIDOS
D02AE;Carbamide products;NA;NA;NA;NA;PRODUCTOS DE CARBAMIDA
D02AE01;carbamide;NA;NA;NA;NA;CARBAMIDA
D02AE51;carbamide, combinations;NA;NA;NA;NA;CARBAMIDA, COMBINACIONES
D02AF;Salicylic acid preparations;NA;NA;NA;NA;PREPARACIONES DE ÁCIDO SALICÍLICO
D02AX;Other emollients and protectives;NA;NA;NA;NA;OTROS EMOLIENTES Y PROTECTORES
D02B;PROTECTIVES AGAINST UV-RADIATION;NA;NA;NA;NA;PROTECTORES CONTRA LA RADIACIÓN UV
D02BA;Protectives against UV-radiation for topical use;NA;NA;NA;NA;PROTECTORES CONTRA LA RADIACIÓN UV PARA USO TÓPICO
D02BA01;aminobenzoic acid;NA;NA;NA;NA;ÁCIDO AMINOBENZOICO
D02BA02;octinoxate;NA;NA;NA;NA;OCTINOXATO
D02BB;Protectives against UV-radiation for systemic use;NA;NA;NA;NA;PROTECTORES CONTRA LA RADIACIÓN UV PARA USO SISTÉMICO
D02BB01;betacarotene;0.1;g;O;NA;BETACAROTENO
D02BB02;afamelanotide;NA;NA;NA;NA;AFAMELANOTIDA
D03;PREPARATIONS FOR TREATMENT OF WOUNDS AND ULCERS;NA;NA;NA;NA;PREPARACIONES PARA EL TRATAMIENTO DE HERIDAS Y ÚLCERAS
D03A;CICATRIZANTS;NA;NA;NA;NA;CICATRIZANTES
D03AA;Cod-liver oil ointments;NA;NA;NA;NA;UNGÜENTOS DE ACEITE DE HÍGADO DE BACALAO
D03AX;Other cicatrizants;NA;NA;NA;NA;OTROS CICATRIZANTES
D03AX01;cadexomer iodine;NA;NA;NA;NA;CADEXÓMERO YODO
D03AX02;dextranomer;NA;NA;NA;NA;DEXTRÓNOMO
D03AX03;dexpanthenol;NA;NA;NA;NA;DEXPANTENOL
D03AX04;calcium pantothenate;NA;NA;NA;NA;PANTOTENATO DE CALCIO
D03AX05;hyaluronic acid;NA;NA;NA;NA;ÁCIDO HIALURÓNICO
D03AX06;becaplermin;NA;NA;NA;NA;BECAPLERMIN
D03AX09;crilanomer;NA;NA;NA;NA;CRILANOMER
D03AX10;enoxolone;NA;NA;NA;NA;ENOXOLONA
D03AX11;sodium chlorite;NA;NA;NA;NA;CLORITO DE SODIO
D03AX12;trolamine;NA;NA;NA;NA;TROLAMINA
D03AX13;Betulae cortex;NA;NA;NA;NA;CORTEZA DE LAS BÉNTULAS
D03AX14;Centella asiatica herba, incl. combinations;NA;NA;NA;NA;CENTELLA ASIÁTICA HERBA, INCL. COMBINACIONES
D03AX15;trafermin;NA;NA;NA;NA;TRAFERMINA
D03AX16;beremagene geperpavec;NA;NA;NA;NA;BEREMAGENE GEPERPAVEC
D03B;ENZYMES;NA;NA;NA;NA;ENZIMAS
D03BA;Proteolytic enzymes;NA;NA;NA;NA;ENZIMAS PROTEOLÍTICAS
D03BA01;trypsin;NA;NA;NA;NA;TRIPSINA
D03BA02;collagenase;NA;NA;NA;NA;COLAGENASA
D03BA03;bromelains;NA;NA;NA;NA;BROMELINAS
D03BA52;collagenase, combinations;NA;NA;NA;NA;COLAGENASA, COMBINACIONES
D04;ANTIPRURITICS, INCL. ANTIHISTAMINES, ANESTHETICS, ETC.;NA;NA;NA;NA;ANTIPRURIGINOSOS, INCL. ANTIHISTAMÍNICOS, ANESTÉSICOS, ETC.
D04A;ANTIPRURITICS, INCL. ANTIHISTAMINES, ANESTHETICS, ETC.;NA;NA;NA;NA;ANTIPRURIGINOSOS, INCL. ANTIHISTAMÍNICOS, ANESTÉSICOS, ETC.
D04AA;Antihistamines for topical use;NA;NA;NA;NA;ANTIHISTAMÍNICOS DE USO TÓPICO
D04AA01;thonzylamine;NA;NA;NA;NA;TIONZILAMINA
D04AA02;mepyramine;NA;NA;NA;NA;MEPIRAMINA
D04AA03;thenalidine;NA;NA;NA;NA;TENALIDINA
D04AA04;tripelennamine;NA;NA;NA;NA;TRIPELENNAMINA
D04AA09;chloropyramine;NA;NA;NA;NA;CLOROPIRAMINA
D04AA10;promethazine;NA;NA;NA;NA;PROMETAZINA
D04AA12;tolpropamine;NA;NA;NA;NA;TOLPROPAMINA
D04AA13;dimetindene;NA;NA;NA;NA;DIMETINDENE
D04AA14;clemastine;NA;NA;NA;NA;CLEMASTINA
D04AA15;bamipine;NA;NA;NA;NA;BAMIPINE
D04AA16;pheniramine;NA;NA;NA;NA;FENIRAMINA
D04AA22;isothipendyl;NA;NA;NA;NA;ISOTIPENDILO
D04AA32;diphenhydramine;NA;NA;NA;NA;DIFENHIDRAMINA
D04AA33;diphenhydramine methylbromide;NA;NA;NA;NA;DIFENHIDRAMINA METILBROMURO
D04AA34;chlorphenoxamine;NA;NA;NA;NA;CLORFENOXAMINA
D04AB;Anesthetics for topical use;NA;NA;NA;NA;ANESTÉSICOS PARA USO TÓPICO
D04AB01;lidocaine;NA;NA;NA;NA;LIDOCAÍNA
D04AB02;cinchocaine;NA;NA;NA;NA;CINCHOCAÍNA
D04AB03;oxybuprocaine;NA;NA;NA;NA;OXIBUPROCAÍNA
D04AB04;benzocaine;NA;NA;NA;NA;BENZOCAÍNA
D04AB05;quinisocaine;NA;NA;NA;NA;QUINISOCAÍNA
D04AB06;tetracaine;NA;NA;NA;NA;TETRACAINE
D04AB07;pramocaine;NA;NA;NA;NA;PRAMOCAÍNA
D04AX;Other antipruritics;NA;NA;NA;NA;OTROS ANTIPRURIGINOSOS
D04AX01;doxepin;NA;NA;NA;NA;DOXEPINA
D05;ANTIPSORIATICS;NA;NA;NA;NA;ANTIPSORIATICS
D05A;ANTIPSORIATICS FOR TOPICAL USE;NA;NA;NA;NA;ANTIPSORIÁSICOS DE USO TÓPICO
D05AA;Tars;NA;NA;NA;NA;TARS
D05AC;Antracen derivatives;NA;NA;NA;NA;DERIVADOS DE ANTRACEN
D05AC01;dithranol;NA;NA;NA;NA;DITHRANOL
D05AC51;dithranol, combinations;NA;NA;NA;NA;DITRANOL, COMBINACIONES
D05AD;Psoralens for topical use;NA;NA;NA;NA;PSORALENOS DE USO TÓPICO
D05AD01;trioxysalen;NA;NA;NA;NA;TRIOXYSALEN
D05AD02;methoxsalen;NA;NA;NA;NA;METOXSALEN
D05AX;Other antipsoriatics for topical use;NA;NA;NA;NA;OTROS ANTIPSORIÁSICOS DE USO TÓPICO
D05AX01;fumaric acid;NA;NA;NA;NA;ÁCIDO FUMÁRICO
D05AX02;calcipotriol;NA;NA;NA;NA;CALCIPOTRIOL
D05AX03;calcitriol;NA;NA;NA;NA;CALCITRIOL
D05AX04;tacalcitol;NA;NA;NA;NA;TACALCITOL
D05AX05;tazarotene;NA;NA;NA;NA;TAZAROTENO
D05AX06;roflumilast;NA;NA;NA;NA;ROFLUMILAST
D05AX07;tapinarof;NA;NA;NA;NA;TAPINAROF
D05AX52;calcipotriol, combinations;NA;NA;NA;NA;CALCIPOTRIOL, COMBINACIONES
D05AX55;tazarotene and ulobetasol;NA;NA;NA;NA;TAZAROTENO Y ULOBETASOL
D05B;ANTIPSORIATICS FOR SYSTEMIC USE;NA;NA;NA;NA;ANTIPSORIÁSICOS DE USO SISTÉMICO
D05BA;Psoralens for systemic use;NA;NA;NA;NA;PSORALENOS DE USO SISTÉMICO
D05BA01;trioxysalen;10;mg;O;NA;TRIOXYSALEN
D05BA02;methoxsalen;10;mg;O;NA;METOXSALEN
D05BA03;bergapten;NA;NA;NA;NA;BERGAPTEN
D05BB;Retinoids for treatment of psoriasis;NA;NA;NA;NA;RETINOIDES PARA EL TRATAMIENTO DE LA PSORIASIS
D05BB01;etretinate;35;mg;O;NA;ETRETINATO
D05BB02;acitretin;35;mg;O;NA;ACITRETINA
D05BX;Other antipsoriatics for systemic use;NA;NA;NA;NA;OTROS ANTIPSORIÁSICOS DE USO SISTÉMICO
D05BX51;fumaric acid derivatives, combinations;NA;NA;NA;NA;DERIVADOS DEL ÁCIDO FUMÁRICO, COMBINACIONES
D06;ANTIBIOTICS AND CHEMOTHERAPEUTICS FOR DERMATOLOGICAL USE;NA;NA;NA;NA;ANTIBIÓTICOS Y QUIMIOTERÁPICOS DE USO DERMATOLÓGICO
D06A;ANTIBIOTICS FOR TOPICAL USE;NA;NA;NA;NA;ANTIBIÓTICOS DE USO TÓPICO
D06AA;Tetracycline and derivatives;NA;NA;NA;NA;TETRACICLINA Y DERIVADOS
D06AA01;demeclocycline;NA;NA;NA;NA;DEMECLOCICLINA
D06AA02;chlortetracycline;NA;NA;NA;NA;CLORTETRACICLINA
D06AA03;oxytetracycline;NA;NA;NA;NA;OXITETRACICLINA
D06AA04;tetracycline;NA;NA;NA;NA;TETRACICLINA
D06AX;Other antibiotics for topical use;NA;NA;NA;NA;OTROS ANTIBIÓTICOS DE USO TÓPICO
D06AX01;fusidic acid;NA;NA;NA;NA;ÁCIDO FUSÍDICO
D06AX02;chloramphenicol;NA;NA;NA;NA;CLORANFENICOL
D06AX04;neomycin;NA;NA;NA;NA;NEOMICINA
D06AX05;bacitracin;NA;NA;NA;NA;BACITRACINA
D06AX07;gentamicin;NA;NA;NA;NA;GENTAMICINA
D06AX08;tyrothricin;NA;NA;NA;NA;TIROTRICINA
D06AX09;mupirocin;NA;NA;NA;NA;MUPIROCINA
D06AX10;virginiamycin;NA;NA;NA;NA;VIRGINIAMICINA
D06AX11;rifaximin;NA;NA;NA;NA;RIFAXIMINA
D06AX12;amikacin;NA;NA;NA;NA;AMIKACINA
D06AX13;retapamulin;NA;NA;NA;NA;RETAPAMULINA
D06AX14;ozenoxacin;NA;NA;NA;NA;OZENOXACINA
D06AX15;rifamycin;NA;NA;NA;NA;RIFAMICINA
D06B;CHEMOTHERAPEUTICS FOR TOPICAL USE;NA;NA;NA;NA;QUIMIOTERÁPICOS DE USO TÓPICO
D06BA;Sulfonamides;NA;NA;NA;NA;SULFONAMIDAS
D06BA01;silver sulfadiazine;NA;NA;NA;NA;SULFADIAZINA DE PLATA
D06BA02;sulfathiazole;NA;NA;NA;NA;SULFATIAZOL
D06BA03;mafenide;NA;NA;NA;NA;MAFENIDE
D06BA04;sulfamethizole;NA;NA;NA;NA;SULFAMETHIZOL
D06BA05;sulfanilamide;NA;NA;NA;NA;SULFANILAMIDA
D06BA06;sulfamerazine;NA;NA;NA;NA;SULFAMERAZINA
D06BA51;silver sulfadiazine, combinations;NA;NA;NA;NA;SULFADIAZINA DE PLATA, COMBINACIONES
D06BB;Antivirals;NA;NA;NA;NA;ANTIVIRALES
D06BB01;idoxuridine;NA;NA;NA;NA;IDOXURIDINA
D06BB02;tromantadine;NA;NA;NA;NA;TROMANTADINA
D06BB03;aciclovir;NA;NA;NA;NA;ACICLOVIR
D06BB04;podophyllotoxin;NA;NA;NA;NA;PODOFILOTOXINA
D06BB05;inosine;NA;NA;NA;NA;INOSINA
D06BB06;penciclovir;NA;NA;NA;NA;PENCICLOVIR
D06BB07;lysozyme;NA;NA;NA;NA;LISOZIMA
D06BB08;ibacitabine;NA;NA;NA;NA;IBACITATINA
D06BB09;edoxudine;NA;NA;NA;NA;EDOXUDINA
D06BB10;imiquimod;NA;NA;NA;NA;IMIQUIMOD
D06BB11;docosanol;NA;NA;NA;NA;DOCOSANOL
D06BB12;sinecatechins;NA;NA;NA;NA;SINECATEQUINAS
D06BB53;aciclovir, combinations;NA;NA;NA;NA;ACICLOVIR, COMBINACIONES
D06BX;Other chemotherapeutics;NA;NA;NA;NA;OTROS QUIMIOTERÁPICOS
D06BX01;metronidazole;NA;NA;NA;NA;METRONIDAZOL
D06BX02;ingenol mebutate;NA;NA;NA;NA;MEBUTATO DE INGENOL
D06BX03;tirbanibulin;NA;NA;NA;NA;TIRBANIBULINA
D06C;ANTIBIOTICS AND CHEMOTHERAPEUTICS, COMBINATIONS;NA;NA;NA;NA;ANTIBIÓTICOS Y QUIMIOTERÁPICOS, COMBINACIONES
D07;CORTICOSTEROIDS, DERMATOLOGICAL PREPARATIONS;NA;NA;NA;NA;CORTICOSTEROIDES, PREPARACIONES DERMATOLÓGICAS
D07A;CORTICOSTEROIDS, PLAIN;NA;NA;NA;NA;CORTICOSTEROIDES SIMPLES
D07AA;Corticosteroids, weak (group I);NA;NA;NA;NA;CORTICOSTEROIDES DÉBILES (GRUPO I)
D07AA01;methylprednisolone;NA;NA;NA;NA;METILPREDNISOLONA
D07AA02;hydrocortisone;NA;NA;NA;NA;HIDROCORTISONA
D07AA03;prednisolone;NA;NA;NA;NA;PREDNISOLONA
D07AB;Corticosteroids, moderately potent (group II);NA;NA;NA;NA;CORTICOSTEROIDES MODERADAMENTE POTENTES (GRUPO II)
D07AB01;clobetasone;NA;NA;NA;NA;CLOBETASONA
D07AB02;hydrocortisone butyrate;NA;NA;NA;NA;BUTIRATO DE HIDROCORTISONA
D07AB03;flumetasone;NA;NA;NA;NA;FLUMETASONA
D07AB04;fluocortin;NA;NA;NA;NA;FLUOCORTINA
D07AB05;fluperolone;NA;NA;NA;NA;FLUPEROLONA
D07AB06;fluorometholone;NA;NA;NA;NA;FLUOROMETOLONA
D07AB07;fluprednidene;NA;NA;NA;NA;FLUPREDNIDENE
D07AB08;desonide;NA;NA;NA;NA;DESONIDA
D07AB09;triamcinolone;NA;NA;NA;NA;TRIAMCINOLONA
D07AB10;alclometasone;NA;NA;NA;NA;ALCLOMETASONA
D07AB11;hydrocortisone buteprate;NA;NA;NA;NA;BUTEPRATO DE HIDROCORTISONA
D07AB19;dexamethasone;NA;NA;NA;NA;DEXAMETASONA
D07AB21;clocortolone;NA;NA;NA;NA;CLOCORTOLONA
D07AB30;combinations of corticosteroids;NA;NA;NA;NA;COMBINACIONES DE CORTICOIDES
D07AC;Corticosteroids, potent (group III);NA;NA;NA;NA;CORTICOSTEROIDES POTENTES (GRUPO III)
D07AC01;betamethasone;NA;NA;NA;NA;BETAMETASONA
D07AC02;fluclorolone;NA;NA;NA;NA;FLUCLOROLONA
D07AC03;desoximetasone;NA;NA;NA;NA;DESOXIMETASONA
D07AC04;fluocinolone acetonide;NA;NA;NA;NA;ACETÓNIDO DE FLUOCINOLONA
D07AC05;fluocortolone;NA;NA;NA;NA;FLUOCORTOLONA
D07AC06;diflucortolone;NA;NA;NA;NA;DIFLUCORTOLONA
D07AC07;fludroxycortide;NA;NA;NA;NA;FLUDROXICORTIDA
D07AC08;fluocinonide;NA;NA;NA;NA;FLUOCINONIDA
D07AC09;budesonide;NA;NA;NA;NA;BUDESONIDA
D07AC10;diflorasone;NA;NA;NA;NA;DIFLORASONE
D07AC11;amcinonide;NA;NA;NA;NA;AMCINONIDA
D07AC12;halometasone;NA;NA;NA;NA;HALOMETASONA
D07AC13;mometasone;NA;NA;NA;NA;MOMETASONA
D07AC14;methylprednisolone aceponate;NA;NA;NA;NA;ACEPONATO DE METILPREDNISOLONA
D07AC15;beclometasone;NA;NA;NA;NA;BECLOMETASONA
D07AC16;hydrocortisone aceponate;NA;NA;NA;NA;ACEPONATO DE HIDROCORTISONA
D07AC17;fluticasone;NA;NA;NA;NA;FLUTICASONA
D07AC18;prednicarbate;NA;NA;NA;NA;PREDNICARBATO
D07AC19;difluprednate;NA;NA;NA;NA;DIFLUPREDNATO
D07AC21;ulobetasol;NA;NA;NA;NA;ULOBETASOL
D07AD;Corticosteroids, very potent (group IV);NA;NA;NA;NA;CORTICOSTEROIDES MUY POTENTES (GRUPO IV)
D07AD01;clobetasol;NA;NA;NA;NA;CLOBETASOL
D07AD02;halcinonide;NA;NA;NA;NA;HALCINONIDA
D07B;CORTICOSTEROIDS, COMBINATIONS WITH ANTISEPTICS;NA;NA;NA;NA;CORTICOIDES, COMBINACIONES CON ANTISÉPTICOS
D07BA;Corticosteroids, weak, combinations with antiseptics;NA;NA;NA;NA;CORTICOSTEROIDES, DÉBILES, COMBINACIONES CON ANTISÉPTICOS
D07BA01;prednisolone and antiseptics;NA;NA;NA;NA;PREDNISOLONA Y ANTISÉPTICOS
D07BA04;hydrocortisone and antiseptics;NA;NA;NA;NA;HIDROCORTISONA Y ANTISÉPTICOS
D07BB;Corticosteroids, moderately potent, combinations with antiseptics;NA;NA;NA;NA;CORTICOSTEROIDES, MODERADAMENTE POTENTES, COMBINACIONES CON ANTISÉPTICOS
D07BB01;flumetasone and antiseptics;NA;NA;NA;NA;FLUMETASONA Y ANTISÉPTICOS
D07BB02;desonide and antiseptics;NA;NA;NA;NA;DESONIDA Y ANTISÉPTICOS
D07BB03;triamcinolone and antiseptics;NA;NA;NA;NA;TRIAMCINOLONA Y ANTISÉPTICOS
D07BB04;hydrocortisone butyrate and antiseptics;NA;NA;NA;NA;BUTIRATO DE HIDROCORTISONA Y ANTISÉPTICOS
D07BC;Corticosteroids, potent, combinations with antiseptics;NA;NA;NA;NA;CORTICOSTEROIDES, POTENTES, COMBINACIONES CON ANTISÉPTICOS
D07BC01;betamethasone and antiseptics;NA;NA;NA;NA;BETAMETASONA Y ANTISÉPTICOS
D07BC02;fluocinolone acetonide and antiseptics;NA;NA;NA;NA;ACETÓNIDO DE FLUOCINOLONA Y ANTISÉPTICOS
D07BC03;fluocortolone and antiseptics;NA;NA;NA;NA;FLUOCORTOLONA Y ANTISÉPTICOS
D07BC04;diflucortolone and antiseptics;NA;NA;NA;NA;DIFLUCORTOLONA Y ANTISÉPTICOS
D07BD;Corticosteroids, very potent, combinations with antiseptics;NA;NA;NA;NA;CORTICOIDES, MUY POTENTES, COMBINACIONES CON ANTISÉPTICOS
D07C;CORTICOSTEROIDS, COMBINATIONS WITH ANTIBIOTICS;NA;NA;NA;NA;CORTICOSTEROIDES, COMBINACIONES CON ANTIBIÓTICOS
D07CA;Corticosteroids, weak, combinations with antibiotics;NA;NA;NA;NA;CORTICOSTEROIDES DÉBILES, COMBINACIONES CON ANTIBIÓTICOS
D07CA01;hydrocortisone and antibiotics;NA;NA;NA;NA;HIDROCORTISONA Y ANTIBIÓTICOS
D07CA02;methylprednisolone and antibiotics;NA;NA;NA;NA;METILPREDNISOLONA Y ANTIBIÓTICOS
D07CA03;prednisolone and antibiotics;NA;NA;NA;NA;PREDNISOLONA Y ANTIBIÓTICOS
D07CB;Corticosteroids, moderately potent, combinations with antibiotics;NA;NA;NA;NA;CORTICOSTEROIDES, MODERADAMENTE POTENTES, COMBINACIONES CON ANTIBIÓTICOS
D07CB01;triamcinolone and antibiotics;NA;NA;NA;NA;TRIAMCINOLONA Y ANTIBIÓTICOS
D07CB02;fluprednidene and antibiotics;NA;NA;NA;NA;FLUPREDNIDENE Y ANTIBIÓTICOS
D07CB03;fluorometholone and antibiotics;NA;NA;NA;NA;FLUOROMETOLONA Y ANTIBIÓTICOS
D07CB04;dexamethasone and antibiotics;NA;NA;NA;NA;DEXAMETASONA Y ANTIBIÓTICOS
D07CB05;flumetasone and antibiotics;NA;NA;NA;NA;FLUMETASONA Y ANTIBIÓTICOS
D07CC;Corticosteroids, potent, combinations with antibiotics;NA;NA;NA;NA;CORTICOSTEROIDES, POTENTES, COMBINACIONES CON ANTIBIÓTICOS
D07CC01;betamethasone and antibiotics;NA;NA;NA;NA;BETAMETASONA Y ANTIBIÓTICOS
D07CC02;fluocinolone acetonide and antibiotics;NA;NA;NA;NA;ACETÓNIDO DE FLUOCINOLONA Y ANTIBIÓTICOS
D07CC03;fludroxycortide and antibiotics;NA;NA;NA;NA;FLUDROXICORTIDA Y ANTIBIÓTICOS
D07CC04;beclometasone and antibiotics;NA;NA;NA;NA;BECLOMETASONA Y ANTIBIÓTICOS
D07CC05;fluocinonide and antibiotics;NA;NA;NA;NA;FLUOCINONIDA Y ANTIBIÓTICOS
D07CC06;fluocortolone and antibiotics;NA;NA;NA;NA;FLUOCORTOLONA Y ANTIBIÓTICOS
D07CD;Corticosteroids, very potent, combinations with antibiotics;NA;NA;NA;NA;CORTICOIDES, MUY POTENTES, COMBINACIONES CON ANTIBIÓTICOS
D07CD01;clobetasol and antibiotics;NA;NA;NA;NA;CLOBETASOL Y ANTIBIÓTICOS
D07X;CORTICOSTEROIDS, OTHER COMBINATIONS;NA;NA;NA;NA;CORTICOSTEROIDES, OTRAS COMBINACIONES
D07XA;Corticosteroids, weak, other combinations;NA;NA;NA;NA;CORTICOSTEROIDES DÉBILES, OTRAS COMBINACIONES
D07XA01;hydrocortisone;NA;NA;NA;NA;HIDROCORTISONA
D07XA02;prednisolone;NA;NA;NA;NA;PREDNISOLONA
D07XB;Corticosteroids, moderately potent, other combinations;NA;NA;NA;NA;CORTICOSTEROIDES, MODERADAMENTE POTENTES, OTRAS COMBINACIONES
D07XB01;flumetasone;NA;NA;NA;NA;FLUMETASONA
D07XB02;triamcinolone;NA;NA;NA;NA;TRIAMCINOLONA
D07XB03;fluprednidene;NA;NA;NA;NA;FLUPREDNIDENE
D07XB04;fluorometholone;NA;NA;NA;NA;FLUOROMETOLONA
D07XB05;dexamethasone;NA;NA;NA;NA;DEXAMETASONA
D07XB30;combinations of corticosteroids;NA;NA;NA;NA;COMBINACIONES DE CORTICOIDES
D07XC;Corticosteroids, potent, other combinations;NA;NA;NA;NA;CORTICOSTEROIDES, POTENTES, OTRAS COMBINACIONES
D07XC01;betamethasone;NA;NA;NA;NA;BETAMETASONA
D07XC02;desoximetasone;NA;NA;NA;NA;DESOXIMETASONA
D07XC03;mometasone;NA;NA;NA;NA;MOMETASONA
D07XC04;diflucortolone;NA;NA;NA;NA;DIFLUCORTOLONA
D07XC05;fluocortolone;NA;NA;NA;NA;FLUOCORTOLONA
D07XD;Corticosteroids, very potent, other combinations;NA;NA;NA;NA;CORTICOSTEROIDES, MUY POTENTES, OTRAS COMBINACIONES
D08;ANTISEPTICS AND DISINFECTANTS;NA;NA;NA;NA;ANTISÉPTICOS Y DESINFECTANTES
D08A;ANTISEPTICS AND DISINFECTANTS;NA;NA;NA;NA;ANTISÉPTICOS Y DESINFECTANTES
D08AA;Acridine derivatives;NA;NA;NA;NA;DERIVADOS DE LA ACRIDINA
D08AA01;ethacridine lactate;NA;NA;NA;NA;LACTATO DE ETACRIDINA
D08AA02;aminoacridine;NA;NA;NA;NA;AMINOACRIDINA
D08AA03;euflavine;NA;NA;NA;NA;EUFLAVINA
D08AB;Aluminium agents;NA;NA;NA;NA;AGENTES DE ALUMINIO
D08AC;Biguanides and amidines;NA;NA;NA;NA;BIGUANIDAS Y AMIDINAS
D08AC01;dibrompropamidine;NA;NA;NA;NA;DIBROMPROPAMIDINA
D08AC02;chlorhexidine;NA;NA;NA;NA;CLORHEXIDINA
D08AC03;propamidine;NA;NA;NA;NA;PROPAMIDINA
D08AC04;hexamidine;NA;NA;NA;NA;HEXAMIDINA
D08AC05;polihexanide;NA;NA;NA;NA;POLIHEXANIDA
D08AC52;chlorhexidine, combinations;NA;NA;NA;NA;CLORHEXIDINA, COMBINACIONES
D08AD;Boric acid products;NA;NA;NA;NA;PRODUCTOS DE ÁCIDO BÓRICO
D08AE;Phenol and derivatives;NA;NA;NA;NA;FENOL Y DERIVADOS
D08AE01;hexachlorophene;NA;NA;NA;NA;HEXACLOROFENO
D08AE02;policresulen;NA;NA;NA;NA;POLICRESULEN
D08AE03;phenol;NA;NA;NA;NA;FENOL
D08AE04;triclosan;NA;NA;NA;NA;TRICLOSÁN
D08AE05;chloroxylenol;NA;NA;NA;NA;CLOROXILENOL
D08AE06;biphenylol;NA;NA;NA;NA;BIFENILOL
D08AF;Nitrofuran derivatives;NA;NA;NA;NA;DERIVADOS DEL NITROFURANO
D08AF01;nitrofural;NA;NA;NA;NA;NITROFURAL
D08AG;Iodine products;NA;NA;NA;NA;PRODUCTOS DE YODO
D08AG01;iodine/octylphenoxypolyglycolether;NA;NA;NA;NA;YODO/OCTILFENOXIPOLIGLICOLÉTER
D08AG02;povidone-iodine;NA;NA;NA;NA;POVIDONA YODADA
D08AG03;iodine;NA;NA;NA;NA;YODO
D08AG04;diiodohydroxypropane;NA;NA;NA;NA;DIYODOHIDROXIPROPANO
D08AH;Quinoline derivatives;NA;NA;NA;NA;DERIVADOS DE LA QUINOLINA
D08AH01;dequalinium;NA;NA;NA;NA;DEQUALINIUM
D08AH02;chlorquinaldol;NA;NA;NA;NA;CLORQUINALDOL
D08AH03;oxyquinoline;NA;NA;NA;NA;OXIQUINOLINA
D08AH30;clioquinol;NA;NA;NA;NA;CLIOQUINOL
D08AJ;Quaternary ammonium compounds;NA;NA;NA;NA;COMPUESTOS DE AMONIO CUATERNARIO
D08AJ01;benzalkonium;NA;NA;NA;NA;BENZALCONIO
D08AJ02;cetrimonium;NA;NA;NA;NA;CETRIMONIO
D08AJ03;cetylpyridinium;NA;NA;NA;NA;CETILPIRIDINIO
D08AJ04;cetrimide;NA;NA;NA;NA;CETRIMIDA
D08AJ05;benzoxonium chloride;NA;NA;NA;NA;CLORURO DE BENZOXONIO
D08AJ06;didecyldimethylammonium chloride;NA;NA;NA;NA;CLORURO DE DIDECILDIMETILAMINIO
D08AJ08;benzethonium chloride;NA;NA;NA;NA;CLORURO DE BENCETONIO
D08AJ10;decamethoxine;NA;NA;NA;NA;DECAMETOXINA
D08AJ57;octenidine, combinations;NA;NA;NA;NA;OCTENIDINA, COMBINACIONES
D08AJ58;benzethonium chloride, combinations;NA;NA;NA;NA;CLORURO DE BENCETONIO, COMBINACIONES
D08AJ59;dodeclonium bromide, combinations;NA;NA;NA;NA;BROMURO DE DODECLONIO, COMBINACIONES
D08AK;Mercurial products;NA;NA;NA;NA;PRODUCTOS MERCURIAL
D08AK01;mercuric amidochloride;NA;NA;NA;NA;AMIDOCLORURO DE MERCURIO
D08AK02;phenylmercuric borate;NA;NA;NA;NA;BORATO DE FENILMERCÚRICO
D08AK03;mercuric chloride;NA;NA;NA;NA;CLORURO DE MERCURIO
D08AK04;merbromin;NA;NA;NA;NA;MERBROMINA
D08AK05;mercury, metallic;NA;NA;NA;NA;DE MERCURIO METÁLICO
D08AK06;thiomersal;NA;NA;NA;NA;TIOMERSAL
D08AK30;mercuric iodide;NA;NA;NA;NA;YODURO DE MERCURIO
D08AL;Silver compounds;NA;NA;NA;NA;COMPUESTOS DE PLATA
D08AL01;silver nitrate;NA;NA;NA;NA;NITRATO DE PLATA
D08AL30;silver;NA;NA;NA;NA;PLATA
D08AX;Other antiseptics and disinfectants;NA;NA;NA;NA;OTROS ANTISÉPTICOS Y DESINFECTANTES
D08AX01;hydrogen peroxide;NA;NA;NA;NA;PERÓXIDO DE HIDRÓGENO
D08AX02;eosin;NA;NA;NA;NA;EOSINA
D08AX03;propanol;NA;NA;NA;NA;PROPANOL
D08AX04;tosylchloramide sodium;NA;NA;NA;NA;TOSILCLORAMIDA SÓDICA
D08AX05;isopropanol;NA;NA;NA;NA;ISOPROPANOL
D08AX06;potassium permanganate;NA;NA;NA;NA;PERMANGANATO DE POTASIO
D08AX07;sodium hypochlorite;NA;NA;NA;NA;HIPOCLORITO DE SODIO
D08AX08;ethanol;NA;NA;NA;NA;ETANOL
D08AX53;propanol, combinations;NA;NA;NA;NA;PROPANOL, COMBINACIONES
D09;MEDICATED DRESSINGS;NA;NA;NA;NA;APÓSITOS MEDICINALES
D09A;MEDICATED DRESSINGS;NA;NA;NA;NA;APÓSITOS MEDICINALES
D09AA;Medicated dressings with antiinfectives;NA;NA;NA;NA;APÓSITOS MEDICINALES CON ANTIINFECCIOSOS
D09AA01;framycetin;NA;NA;NA;NA;FRAMICETINA
D09AA02;fusidic acid;NA;NA;NA;NA;ÁCIDO FUSÍDICO
D09AA03;nitrofural;NA;NA;NA;NA;NITROFURAL
D09AA04;phenylmercuric nitrate;NA;NA;NA;NA;NITRATO DE FENILMERCURIO
D09AA05;benzododecinium;NA;NA;NA;NA;BENZODODECINIO
D09AA06;triclosan;NA;NA;NA;NA;TRICLOSÁN
D09AA07;cetylpyridinium;NA;NA;NA;NA;CETILPIRIDINIO
D09AA08;aluminium chlorohydrate;NA;NA;NA;NA;CLORHIDRATO DE ALUMINIO
D09AA09;povidone-iodine;NA;NA;NA;NA;POVIDONA YODADA
D09AA10;clioquinol;NA;NA;NA;NA;CLIOQUINOL
D09AA11;benzalkonium;NA;NA;NA;NA;BENZALCONIO
D09AA12;chlorhexidine;NA;NA;NA;NA;CLORHEXIDINA
D09AA13;iodoform;NA;NA;NA;NA;YODOFORMO
D09AB;Zinc bandages;NA;NA;NA;NA;VENDAJES DE ZINC
D09AB01;zinc bandage without supplements;NA;NA;NA;NA;VENDAJE DE ZINC SIN SUPLEMENTOS
D09AB02;zinc bandage with supplements;NA;NA;NA;NA;VENDAJE DE ZINC CON SUPLEMENTOS
D09AX;Soft paraffin dressings;NA;NA;NA;NA;APÓSITOS DE PARAFINA BLANDA
D10;ANTI-ACNE PREPARATIONS;NA;NA;NA;NA;PREPARACIONES ANTI-ACNÉ
D10A;ANTI-ACNE PREPARATIONS FOR TOPICAL USE;NA;NA;NA;NA;PREPARACIONES ANTIACNÉ PARA USO TÓPICO
D10AA;Corticosteroids, combinations for treatment of acne;NA;NA;NA;NA;CORTICOSTEROIDES, COMBINACIONES PARA EL TRATAMIENTO DEL ACNÉ
D10AA01;fluorometholone;NA;NA;NA;NA;FLUOROMETOLONA
D10AA02;methylprednisolone;NA;NA;NA;NA;METILPREDNISOLONA
D10AA03;dexamethasone;NA;NA;NA;NA;DEXAMETASONA
D10AB;Preparations containing sulfur;NA;NA;NA;NA;PREPARACIONES QUE CONTIENEN AZUFRE
D10AB01;bithionol;NA;NA;NA;NA;BITHIONOL
D10AB02;sulfur;NA;NA;NA;NA;AZUFRE
D10AB03;tioxolone;NA;NA;NA;NA;TIOXOLONA
D10AB05;mesulfen;NA;NA;NA;NA;MESULFENO
D10AD;Retinoids for topical use in acne;NA;NA;NA;NA;RETINOIDES DE USO TÓPICO EN EL ACNÉ
D10AD01;tretinoin;NA;NA;NA;NA;TRETINOÍNA
D10AD02;retinol;NA;NA;NA;NA;RETINOL
D10AD03;adapalene;NA;NA;NA;NA;ADAPALENO
D10AD04;isotretinoin;NA;NA;NA;NA;ISOTRETINOÍNA
D10AD05;motretinide;NA;NA;NA;NA;MOTRETINIDA
D10AD06;trifarotene;NA;NA;NA;NA;TRIFAROTENO
D10AD51;tretinoin, combinations;NA;NA;NA;NA;TRETINOÍNA, COMBINACIONES
D10AD53;adapalene, combinations;NA;NA;NA;NA;ADAPALENO, COMBINACIONES
D10AD54;isotretinoin, combinations;NA;NA;NA;NA;ISOTRETINOÍNA, COMBINACIONES
D10AE;Peroxides;NA;NA;NA;NA;PERÓXIDOS
D10AE01;benzoyl peroxide;NA;NA;NA;NA;PERÓXIDO DE BENZOILO
D10AE51;benzoyl peroxide, combinations;NA;NA;NA;NA;PERÓXIDO DE BENZOILO, COMBINACIONES
D10AF;Antiinfectives for treatment of acne;NA;NA;NA;NA;ANTIINFECCIOSOS PARA EL TRATAMIENTO DEL ACNÉ
D10AF01;clindamycin;NA;NA;NA;NA;CLINDAMICINA
D10AF02;erythromycin;NA;NA;NA;NA;ERITROMICINA
D10AF03;chloramphenicol;NA;NA;NA;NA;CLORANFENICOL
D10AF04;meclocycline;NA;NA;NA;NA;MECLOCICLINA
D10AF05;nadifloxacin;NA;NA;NA;NA;NADIFLOXACINA
D10AF06;sulfacetamide;NA;NA;NA;NA;SULFACETAMIDA
D10AF07;minocycline;NA;NA;NA;NA;MINOCICLINA
D10AF51;clindamycin, combinations;NA;NA;NA;NA;CLINDAMICINA, COMBINACIONES
D10AF52;erythromycin, combinations;NA;NA;NA;NA;ERITROMICINA, COMBINACIONES
D10AX;Other anti-acne preparations for topical use;NA;NA;NA;NA;OTROS PREPARADOS ANTIACNÉ DE USO TÓPICO
D10AX01;aluminium chloride;NA;NA;NA;NA;CLORURO DE ALUMINIO
D10AX02;resorcinol;NA;NA;NA;NA;RESORCINOL
D10AX03;azelaic acid;NA;NA;NA;NA;ÁCIDO AZELAICO
D10AX04;aluminium oxide;NA;NA;NA;NA;ÓXIDO DE ALUMINIO
D10AX05;dapsone;NA;NA;NA;NA;DAPSONA
D10AX06;clascoterone;NA;NA;NA;NA;CLASCOTERONA
D10AX30;various combinations;NA;NA;NA;NA;VARIAS COMBINACIONES
D10B;ANTI-ACNE PREPARATIONS FOR SYSTEMIC USE;NA;NA;NA;NA;PREPARACIONES ANTIACNÉ PARA USO SISTÉMICO
D10BA;Retinoids for treatment of acne;NA;NA;NA;NA;RETINOIDES PARA EL TRATAMIENTO DEL ACNÉ
D10BA01;isotretinoin;30;mg;O;NA;ISOTRETINOÍNA
D10BX;Other anti-acne preparations for systemic use;NA;NA;NA;NA;OTROS PREPARADOS ANTIACNÉ DE USO SISTÉMICO
D10BX01;ichtasol;NA;NA;NA;NA;ICHTASOL
D11;OTHER DERMATOLOGICAL PREPARATIONS;NA;NA;NA;NA;OTROS PREPARADOS DERMATOLÓGICOS
D11A;OTHER DERMATOLOGICAL PREPARATIONS;NA;NA;NA;NA;OTROS PREPARADOS DERMATOLÓGICOS
D11AA;Antihidrotics;NA;NA;NA;NA;ANTIHIDRÓTICOS
D11AA01;glycopyrronium;NA;NA;NA;NA;GLICOPIRRONIO
D11AC;Medicated shampoos;NA;NA;NA;NA;CHAMPÚS MEDICINALES
D11AC01;cetrimide;NA;NA;NA;NA;CETRIMIDA
D11AC02;cadmium compounds;NA;NA;NA;NA;COMPUESTOS DE CADMIO
D11AC03;selenium compounds;NA;NA;NA;NA;COMPUESTOS DE SELENIO
D11AC06;povidone-iodine;NA;NA;NA;NA;POVIDONA YODADA
D11AC08;sulfur compounds;NA;NA;NA;NA;COMPUESTOS DE AZUFRE
D11AC09;xenysalate;NA;NA;NA;NA;XENYSALATE
D11AC30;others;NA;NA;NA;NA;OTROS
D11AE;Androgens for topical use;NA;NA;NA;NA;ANDRÓGENOS PARA USO TÓPICO
D11AE01;metandienone;NA;NA;NA;NA;METANDIENONA
D11AF;Wart and anti-corn preparations;NA;NA;NA;NA;PREPARACIONES VERRUGOSAS Y ANTICALLOS
D11AH;Agents for dermatitis, excluding corticosteroids;NA;NA;NA;NA;AGENTES PARA LA DERMATITIS, EXCLUIDOS LOS CORTICOSTEROIDES
D11AH01;tacrolimus;NA;NA;NA;NA;TACROLIMUS
D11AH02;pimecrolimus;NA;NA;NA;NA;PIMECROLIMUS
D11AH03;cromoglicic acid;NA;NA;NA;NA;ÁCIDO CROMOGLÍCICO
D11AH04;alitretinoin;20;mg;O;NA;ALITRETINOÍNA
D11AH05;dupilumab;21.4;mg;P;NA;DUPILUMAB
D11AH06;crisaborole;NA;NA;NA;NA;CRISABOROLE
D11AH07;tralokinumab;16.1;mg;P;NA;TRALOKINUMAB
D11AH08;abrocitinib;0.15;g;O;NA;ABROCITINIB
D11AH09;ruxolitinib;NA;NA;NA;NA;RUXOLITINIB
D11AH10;lebrikizumab;NA;NA;NA;NA;LEBRIKIZUMAB
D11AH11;delgocitinib;NA;NA;NA;NA;DELGOCITINIB
D11AH12;nemolizumab;NA;NA;NA;NA;NEMOLIZUMAB
D11AX;Other dermatologicals;NA;NA;NA;NA;OTROS DERMATOLÓGICOS
D11AX01;minoxidil;NA;NA;NA;NA;MINOXIDIL
D11AX02;gamolenic acid;0.4;g;O;NA;ÁCIDO GAMOLÉNICO
D11AX03;calcium gluconate;NA;NA;NA;NA;GLUCONATO DE CALCIO
D11AX04;lithium succinate;NA;NA;NA;NA;SUCCINATO DE LITIO
D11AX05;magnesium sulfate;NA;NA;NA;NA;SULFATO DE MAGNESIO
D11AX06;mequinol;NA;NA;NA;NA;MEQUINOL
D11AX08;tiratricol;NA;NA;NA;NA;TIRATRICOL
D11AX09;oxaceprol;NA;NA;NA;NA;DE OXACEPROL
D11AX10;finasteride;1;mg;O;NA;FINASTERIDA
D11AX11;hydroquinone;NA;NA;NA;NA;HIDROQUINONA
D11AX12;pyrithione zinc;NA;NA;NA;NA;PIRITIONATO DE ZINC
D11AX13;monobenzone;NA;NA;NA;NA;MONOBENZONA
D11AX16;eflornithine;NA;NA;NA;NA;EFLORNITINA
D11AX18;diclofenac;NA;NA;NA;NA;DICLOFENACO
D11AX21;brimonidine;NA;NA;NA;NA;BRIMONIDINA
D11AX22;ivermectin;NA;NA;NA;NA;IVERMECTINA
D11AX23;aminobenzoate potassium;NA;NA;NA;NA;AMINOBENZOATO DE POTASIO
D11AX24;deoxycholic acid;NA;NA;NA;NA;ÁCIDO DESOXICÓLICO
D11AX25;hydrogen peroxide;NA;NA;NA;NA;PERÓXIDO DE HIDRÓGENO
D11AX26;caffeine;NA;NA;NA;NA;CAFEÍNA
D11AX27;oxymetazoline;NA;NA;NA;NA;OXIMETAZOLINA
D11AX52;gamolenic acid, combinations;NA;NA;NA;NA;ÁCIDO GAMOLÉNICO, COMBINACIONES
D11AX57;collagen, combinations;NA;NA;NA;NA;COLÁGENO, COMBINACIONES
G;GENITO URINARY SYSTEM AND SEX HORMONES;NA;NA;NA;NA;GENITO SISTEMA URINARIO Y HORMONAS SEXUALES
G01;GYNECOLOGICAL ANTIINFECTIVES AND ANTISEPTICS;NA;NA;NA;NA;ANTIINFECCIOSOS Y ANTISÉPTICOS GINECOLÓGICOS
G01A;ANTIINFECTIVES AND ANTISEPTICS, EXCL. COMBINATIONS WITH CORTICOSTEROIDS;NA;NA;NA;NA;ANTIINFECCIOSOS Y ANTISÉPTICOS, EXC. COMBINACIONES CON CORTICOSTEROIDES
G01AA;Antibiotics;NA;NA;NA;NA;ANTIBIÓTICOS
G01AA01;nystatin;0.1;MU;V;NA;NISTATINA
G01AA02;natamycin;25;mg;V;NA;NATAMICINA
G01AA03;amphotericin B;0.2;g;V;NA;ANFOTERICINA B
G01AA04;candicidin;6;mg;V;NA;CANDICIDINA
G01AA05;chloramphenicol;NA;NA;NA;NA;CLORANFENICOL
G01AA06;hachimycin;NA;NA;NA;NA;HACHIMYCIN
G01AA07;oxytetracycline;NA;NA;NA;NA;OXITETRACICLINA
G01AA08;carfecillin;NA;NA;NA;NA;CARFECILINA
G01AA09;mepartricin;NA;NA;NA;NA;MEPARTRICINA
G01AA10;clindamycin;0.1;g;V;NA;CLINDAMICINA
G01AA11;pentamycin;NA;NA;NA;NA;PENTAMICINA
G01AA51;nystatin, combinations;NA;NA;NA;NA;NISTATINA, COMBINACIONES
G01AB;Arsenic compounds;NA;NA;NA;NA;COMPUESTOS DE ARSÉNICO
G01AB01;acetarsol;0.5;g;V;NA;ACETARSOL
G01AC;Quinoline derivatives;NA;NA;NA;NA;DERIVADOS DE LA QUINOLINA
G01AC01;diiodohydroxyquinoline;0.2;g;V;NA;DIYODOHIDROXIQUINOLEÍNA
G01AC02;clioquinol;NA;NA;NA;NA;CLIOQUINOL
G01AC03;chlorquinaldol;0.2;g;V;NA;CLORQUINALDOL
G01AC05;dequalinium;20;mg;V;NA;DEQUALINIUM
G01AC06;broxyquinoline;0.1;g;V;NA;BROXIQUINOLINA
G01AC30;oxyquinoline;NA;NA;NA;NA;OXIQUINOLINA
G01AD;Organic acids;NA;NA;NA;NA;ÁCIDOS ORGÁNICOS
G01AD01;lactic acid;NA;NA;NA;NA;ÁCIDO LÁCTICO
G01AD02;acetic acid;NA;NA;NA;NA;ÁCIDO ACÉTICO
G01AD03;ascorbic acid;0.25;g;V;NA;ÁCIDO ASCÓRBICO
G01AE;Sulfonamides;NA;NA;NA;NA;SULFONAMIDAS
G01AE01;sulfatolamide;NA;NA;NA;NA;SULFATOLAMIDA
G01AE10;combinations of sulfonamides;NA;NA;NA;NA;COMBINACIONES DE SULFONAMIDAS
G01AF;Imidazole derivatives;NA;NA;NA;NA;DERIVADOS DEL IMIDAZOL
G01AF01;metronidazole;0.5;g;V;NA;METRONIDAZOL
G01AF02;clotrimazole;0.1;g;V;NA;CLOTRIMAZOL
G01AF04;miconazole;0.1;g;V;NA;MICONAZOL
G01AF05;econazole;0.1;g;V;NA;ECONAZOL
G01AF06;ornidazole;NA;NA;NA;NA;ORNIDAZOL
G01AF07;isoconazole;0.6;g;V;NA;ISOCONAZOL
G01AF08;tioconazole;0.3;g;V;Single dose treatment;TIOCONAZOL
G01AF11;ketoconazole;0.4;g;V;NA;KETOCONAZOL
G01AF12;fenticonazole;0.1;g;V;NA;FENTICONAZOL
G01AF13;azanidazole;NA;NA;NA;NA;AZANIDAZOL
G01AF14;propenidazole;NA;NA;NA;NA;PROPENIDAZOL
G01AF15;butoconazole;0.1;g;V;NA;BUTOCONAZOL
G01AF16;omoconazole;NA;NA;NA;NA;OMOCONAZOL
G01AF17;oxiconazole;NA;NA;NA;NA;OXICONAZOL
G01AF18;flutrimazole;NA;NA;NA;NA;FLUTRIMAZOL
G01AF19;sertaconazole;NA;NA;NA;NA;SERTACONAZOL
G01AF20;combinations of imidazole derivatives;NA;NA;NA;NA;COMBINACIONES DE DERIVADOS DEL IMIDAZOL
G01AF21;tinidazole;0.2;g;V;NA;TINIDAZOL
G01AF55;econazole, combinations;NA;NA;NA;NA;ECONAZOL, COMBINACIONES
G01AG;Triazole derivatives;NA;NA;NA;NA;DERIVADOS DEL TRIAZOL
G01AG02;terconazole;80;mg;V;NA;TERCONAZOL
G01AX;Other antiinfectives and antiseptics;NA;NA;NA;NA;OTROS ANTIINFECCIOSOS Y ANTISÉPTICOS
G01AX01;clodantoin;0.1;g;V;NA;CLODANTOÍNA
G01AX02;inosine;NA;NA;NA;NA;INOSINA
G01AX03;policresulen;90;mg;V;NA;POLICRESULEN
G01AX05;nifuratel;0.6;g;O;NA;NIFURATEL
G01AX05;nifuratel;0.6;g;V;NA;NIFURATEL
G01AX06;furazolidone;NA;NA;NA;NA;FURAZOLIDONA
G01AX09;methylrosaniline;NA;NA;NA;NA;METILROSANILINA
G01AX11;povidone-iodine;0.2;g;V;NA;POVIDONA YODADA
G01AX12;ciclopirox;NA;NA;NA;NA;CICLOPIROX
G01AX13;protiofate;NA;NA;NA;NA;PROTIOFATO
G01AX14;lactobacillus;NA;NA;NA;NA;LACTOBACILLUS
G01AX15;copper usnate;NA;NA;NA;NA;USNATO DE COBRE
G01AX16;hexetidine;NA;NA;NA;NA;HEXETIDINA
G01AX17;dapivirine;NA;NA;NA;NA;DAPIVIRINA
G01AX66;octenidine, combinations;NA;NA;NA;NA;OCTENIDINA, COMBINACIONES
G01B;ANTIINFECTIVES/ANTISEPTICS IN COMBINATION WITH CORTICOSTEROIDS;NA;NA;NA;NA;ANTIINFECCIOSOS/ANTISÉPTICOS EN COMBINACIÓN CON CORTICOIDES
G01BA;Antibiotics and corticosteroids;NA;NA;NA;NA;ANTIBIÓTICOS Y CORTICOIDES
G01BC;Quinoline derivatives and corticosteroids;NA;NA;NA;NA;DERIVADOS DE LA QUINOLINA Y CORTICOIDES
G01BD;Antiseptics and corticosteroids;NA;NA;NA;NA;ANTISÉPTICOS Y CORTICOIDES
G01BE;Sulfonamides and corticosteroids;NA;NA;NA;NA;SULFONAMIDAS Y CORTICOIDES
G01BF;Imidazole derivatives and corticosteroids;NA;NA;NA;NA;DERIVADOS DEL IMIDAZOL Y CORTICOIDES
G02;OTHER GYNECOLOGICALS;NA;NA;NA;NA;OTROS GINECOLÓGICOS
G02A;UTEROTONICS;NA;NA;NA;NA;UTEROTÓNICOS
G02AB;Ergot alkaloids;NA;NA;NA;NA;ALCALOIDES DEL CORNEZUELO DE CENTENO
G02AB01;methylergometrine;0.2;mg;O;NA;METILERGOMETRINA
G02AB01;methylergometrine;0.2;mg;P;NA;METILERGOMETRINA
G02AB02;ergot alkaloids;NA;NA;NA;NA;ALCALOIDES DEL CORNEZUELO DE CENTENO
G02AB03;ergometrine;0.2;mg;O;NA;ERGOMETRINA
G02AB03;ergometrine;0.2;mg;P;NA;ERGOMETRINA
G02AC;Ergot alkaloids and oxytocin incl. analogues, in combination;NA;NA;NA;NA;ALCALOIDES DEL CORNEZUELO DE CENTENO Y OXITOCINA, INCL. ANÁLOGOS, EN COMBINACIÓN
G02AC01;methylergometrine and oxytocin;NA;NA;NA;NA;METILERGOMETRINA Y OXITOCINA
G02AD;Prostaglandins;NA;NA;NA;NA;PROSTAGLANDINAS
G02AD01;dinoprost;25;mg;P;NA;DINOPROST
G02AD02;dinoprostone;0.5;mg;O;NA;DINOPROSTONA
G02AD02;dinoprostone;0.5;mg;V;NA;DINOPROSTONA
G02AD03;gemeprost;1;mg;V;Single dose treatment;GEMEPROST
G02AD04;carboprost;2.5;mg;P;Single dose treatment;CARBOPROST
G02AD05;sulprostone;0.5;mg;P;NA;SULPROSTONA
G02AD06;misoprostol;0.2;mg;O;NA;MISOPROSTOL
G02AD06;misoprostol;0.2;mg;V;vaginal insert, refers to the content of one vaginal insert;MISOPROSTOL
G02AX;Other uterotonics;NA;NA;NA;NA;OTROS UTEROTÓNICOS
G02B;CONTRACEPTIVES FOR TOPICAL USE;NA;NA;NA;NA;ANTICONCEPTIVOS DE USO TÓPICO
G02BA;Intrauterine contraceptives;NA;NA;NA;NA;ANTICONCEPTIVOS INTRAUTERINOS
G02BA01;plastic IUD;NA;NA;NA;NA;DIU DE PLÁSTICO
G02BA02;plastic IUD with copper;NA;NA;NA;NA;DIU DE PLÁSTICO CON COBRE
G02BA03;plastic IUD with progestogen;NA;NA;NA;NA;DIU DE PLÁSTICO CON PROGESTÁGENO
G02BB;Intravaginal contraceptives;NA;NA;NA;NA;ANTICONCEPTIVOS INTRAVAGINALES
G02BB01;vaginal ring with progestogen and estrogen;NA;NA;NA;NA;ANILLO VAGINAL CON PROGESTÁGENO Y ESTRÓGENO
G02BB02;vaginal ring with progestogen;NA;NA;NA;NA;ANILLO VAGINAL CON PROGESTÁGENO
G02C;OTHER GYNECOLOGICALS;NA;NA;NA;NA;OTROS GINECOLÓGICOS
G02CA;Sympathomimetics, labour repressants;NA;NA;NA;NA;SIMPATICOMIMÉTICOS, REPRESORES DEL TRABAJO
G02CA01;ritodrine;40;mg;O;NA;RITODRINA
G02CA01;ritodrine;40;mg;P;NA;RITODRINA
G02CA02;buphenine;30;mg;P;NA;BUFENINA
G02CA03;fenoterol;NA;NA;NA;NA;FENOTEROL
G02CB;Prolactine inhibitors;NA;NA;NA;NA;INHIBIDORES DE LA PROLACTINA
G02CB01;bromocriptine;5;mg;O;NA;BROMOCRIPTINA
G02CB01;bromocriptine;5;mg;P;NA;BROMOCRIPTINA
G02CB02;lisuride;0.6;mg;O;NA;LISURIDE
G02CB03;cabergoline;0.5;mg;O;NA;CABERGOLINA
G02CB04;quinagolide;75;mcg;O;NA;QUINAGOLIDE
G02CB05;metergoline;NA;NA;NA;NA;METERGOLINE
G02CB06;terguride;NA;NA;NA;NA;TERGURIDE
G02CC;Antiinflammatory products for vaginal administration;NA;NA;NA;NA;PRODUCTOS ANTIINFLAMATORIOS PARA ADMINISTRACIÓN VAGINAL
G02CC01;ibuprofen;NA;NA;NA;NA;IBUPROFENO
G02CC02;naproxen;NA;NA;NA;NA;NAPROXENO
G02CC03;benzydamine;NA;NA;NA;NA;BENCIDAMINA
G02CC04;flunoxaprofen;NA;NA;NA;NA;FLUNOXAPROFENO
G02CX;Other gynecologicals;NA;NA;NA;NA;OTROS GINECOLÓGICOS
G02CX01;atosiban;165;mg;P;NA;ATOSIBAN
G02CX02;flibanserin;NA;NA;NA;NA;FLIBANSERINA
G02CX03;Agni casti fructus;NA;NA;NA;NA;AGNI CASTI FRUCTUS
G02CX04;Cimicifugae rhizoma;NA;NA;NA;NA;RIZOMA DE CIMICIFUGAE
G02CX05;bremelanotide;NA;NA;NA;NA;BREMELANOTIDE
G02CX06;fezolinetant;NA;NA;NA;NA;FEZOLINETANT
G03;SEX HORMONES AND MODULATORS OF THE GENITAL SYSTEM;NA;NA;NA;NA;HORMONAS SEXUALES Y MODULADORES DEL SISTEMA GENITAL
G03A;HORMONAL CONTRACEPTIVES FOR SYSTEMIC USE;NA;NA;NA;NA;ANTICONCEPTIVOS HORMONALES DE USO SISTÉMICO
G03AA;Progestogens and estrogens, fixed combinations;NA;NA;NA;NA;PROGESTÁGENOS Y ESTRÓGENOS, COMBINACIONES FIJAS
G03AA01;etynodiol and ethinylestradiol;NA;NA;NA;NA;ETINODIOL Y ETINILESTRADIOL
G03AA02;quingestanol and ethinylestradiol;NA;NA;NA;NA;QUINGESTANOL Y ETINILESTRADIOL
G03AA03;lynestrenol and ethinylestradiol;NA;NA;NA;NA;LYNESTRENOL Y ETINILESTRADIOL
G03AA04;megestrol and ethinylestradiol;NA;NA;NA;NA;MEGESTROL Y ETINILESTRADIOL
G03AA05;norethisterone and ethinylestradiol;NA;NA;NA;NA;NORETISTERONA Y ETINILESTRADIOL
G03AA06;norgestrel and ethinylestradiol;NA;NA;NA;NA;NORGESTREL Y ETINILESTRADIOL
G03AA07;levonorgestrel and ethinylestradiol;NA;NA;NA;NA;LEVONORGESTREL Y ETINILESTRADIOL
G03AA08;medroxyprogesterone and ethinylestradiol;NA;NA;NA;NA;MEDROXIPROGESTERONA Y ETINILESTRADIOL
G03AA09;desogestrel and ethinylestradiol;NA;NA;NA;NA;DESOGESTREL Y ETINILESTRADIOL
G03AA10;gestodene and ethinylestradiol;NA;NA;NA;NA;GESTODENO Y ETINILESTRADIOL
G03AA11;norgestimate and ethinylestradiol;NA;NA;NA;NA;NORGESTIMATE Y ETINILESTRADIOL
G03AA12;drospirenone and ethinylestradiol;NA;NA;NA;NA;DROSPIRENONA Y ETINILESTRADIOL
G03AA13;norelgestromin and ethinylestradiol;NA;NA;NA;NA;NORELGESTROMINA Y ETINILESTRADIOL
G03AA14;nomegestrol and estradiol;NA;NA;NA;NA;NOMEGESTROL Y ESTRADIOL
G03AA15;chlormadinone and ethinylestradiol;NA;NA;NA;NA;CLORMADINONA Y ETINILESTRADIOL
G03AA16;dienogest and ethinylestradiol;NA;NA;NA;NA;DIENOGEST Y ETINILESTRADIOL
G03AA17;medroxyprogesterone and estradiol;NA;NA;NA;NA;MEDROXIPROGESTERONA Y ESTRADIOL
G03AA18;drospirenone and estetrol;NA;NA;NA;NA;DROPRENINONA Y ESTETROL
G03AB;Progestogens and estrogens, sequential preparations;NA;NA;NA;NA;PROGESTÁGENOS Y ESTRÓGENOS, PREPARACIONES SECUENCIALES
G03AB01;megestrol and ethinylestradiol;NA;NA;NA;NA;MEGESTROL Y ETINILESTRADIOL
G03AB02;lynestrenol and ethinylestradiol;NA;NA;NA;NA;LYNESTRENOL Y ETINILESTRADIOL
G03AB03;levonorgestrel and ethinylestradiol;NA;NA;NA;NA;LEVONORGESTREL Y ETINILESTRADIOL
G03AB04;norethisterone and ethinylestradiol;NA;NA;NA;NA;NORETISTERONA Y ETINILESTRADIOL
G03AB05;desogestrel and ethinylestradiol;NA;NA;NA;NA;DESOGESTREL Y ETINILESTRADIOL
G03AB06;gestodene and ethinylestradiol;NA;NA;NA;NA;GESTODENO Y ETINILESTRADIOL
G03AB07;chlormadinone and ethinylestradiol;NA;NA;NA;NA;CLORMADINONA Y ETINILESTRADIOL
G03AB08;dienogest and estradiol;NA;NA;NA;NA;DIENOGEST Y ESTRADIOL
G03AB09;norgestimate and ethinylestradiol;NA;NA;NA;NA;NORGESTIMATE Y ETINILESTRADIOL
G03AC;Progestogens;NA;NA;NA;NA;PROGESTÁGENOS
G03AC01;norethisterone;2.5;mg;P;NA;NORETISTERONA
G03AC02;lynestrenol;NA;NA;NA;NA;LYNESTRENOL
G03AC03;levonorgestrel;NA;NA;NA;NA;LEVONORGESTREL
G03AC04;quingestanol;NA;NA;NA;NA;QUINGESTANOL
G03AC05;megestrol;NA;NA;NA;NA;MEGESTROL
G03AC06;medroxyprogesterone;1.67;mg;P;NA;MEDROXIPROGESTERONA
G03AC07;norgestrienone;NA;NA;NA;NA;NORGESTRIENONA
G03AC08;etonogestrel;68;mcg;s.c. implant;NA;ETONOGESTREL
G03AC09;desogestrel;NA;NA;NA;NA;DESOGESTREL
G03AC10;drospirenone;NA;NA;NA;NA;DROSPIRENONA
G03AD;Emergency contraceptives;NA;NA;NA;NA;ANTICONCEPTIVOS DE EMERGENCIA
G03AD01;levonorgestrel;1.5;mg;O;NA;LEVONORGESTREL
G03AD02;ulipristal;30;mg;O;NA;ULIPRISTAL
G03B;ANDROGENS;NA;NA;NA;NA;ANDRÓGENOS
G03BA;3-oxoandrosten (4) derivatives;NA;NA;NA;NA;DERIVADOS DEL 3-OXOANDROSTEN (4)
G03BA01;fluoxymesterone;5;mg;O;NA;FLUOXIMESTERONA
G03BA02;methyltestosterone;25;mg;O;NA;METILTESTOSTERONA
G03BA03;testosterone;0.12;g;O;NA;TESTOSTERONA
G03BA03;testosterone;18;mg;P;NA;TESTOSTERONA
G03BA03;testosterone;0.12;g;R;NA;TESTOSTERONA
G03BA03;testosterone;60;mg;SL;NA;TESTOSTERONA
G03BA03;testosterone;50;mg;TD;gel;TESTOSTERONA
G03BA03;testosterone;3;mg;TD;NA;TESTOSTERONA
G03BB;5-androstanon (3) derivatives;NA;NA;NA;NA;5-ANDROSTANON (3) DERIVADOS
G03BB01;mesterolone;50;mg;O;NA;MESTEROLONA
G03BB02;androstanolone;NA;NA;NA;NA;ANDROSTANOLONA
G03C;ESTROGENS;NA;NA;NA;NA;ESTRÓGENOS
G03CA;Natural and semisynthetic estrogens, plain;NA;NA;NA;NA;ESTRÓGENOS NATURALES Y SEMISINTÉTICOS, SIMPLES
G03CA01;ethinylestradiol;25;mcg;O;NA;ETINILESTRADIOL
G03CA03;estradiol;0.3;mg;N;NA;ESTRADIOL
G03CA03;estradiol;2;mg;O;NA;ESTRADIOL
G03CA03;estradiol;1;mg;P;depot short duration;ESTRADIOL
G03CA03;estradiol;0.3;mg;P;depot long duration;ESTRADIOL
G03CA03;estradiol;5;mg;R;NA;ESTRADIOL
G03CA03;estradiol;50;mcg;TD;patch, refer to amount delivered per 24 hours;ESTRADIOL
G03CA03;estradiol;1;mg;TD;gel;ESTRADIOL
G03CA03;estradiol;1.53;mg;TD;spray;ESTRADIOL
G03CA03;estradiol;25;mcg;V;NA;ESTRADIOL
G03CA03;estradiol;7.5;mcg;V;vaginal ring,  refers to amount delivered per 24 hours;ESTRADIOL
G03CA04;estriol;2;mg;O;NA;ESTRIOL
G03CA04;estriol;2;mg;P;NA;ESTRIOL
G03CA04;estriol;0.2;mg;V;NA;ESTRIOL
G03CA06;chlorotrianisene;24;mg;O;NA;CLOROTRIANISENO
G03CA07;estrone;1;mg;O;NA;ESTRONA
G03CA09;promestriene;NA;NA;NA;NA;PROMESTRIENE
G03CA53;estradiol, combinations;NA;NA;NA;NA;ESTRADIOL, COMBINACIONES
G03CA57;conjugated estrogens;0.625;mg;O;NA;ESTRÓGENOS CONJUGADOS
G03CA57;conjugated estrogens;0.625;mg;V;NA;ESTRÓGENOS CONJUGADOS
G03CB;Synthetic estrogens, plain;NA;NA;NA;NA;ESTRÓGENOS SINTÉTICOS, SIMPLES
G03CB01;dienestrol;2.5;mg;O;NA;DIENESTROL
G03CB01;dienestrol;0.2;mg;V;NA;DIENESTROL
G03CB02;diethylstilbestrol;0.2;mg;O;NA;DIETILESTILBESTROL
G03CB02;diethylstilbestrol;1;mg;V;NA;DIETILESTILBESTROL
G03CB03;methallenestril;9;mg;O;NA;METALELASTRALLO
G03CB04;moxestrol;NA;NA;NA;NA;MOXESTROL
G03CC;Estrogens, combinations with other drugs;NA;NA;NA;NA;ESTRÓGENOS, COMBINACIONES CON OTROS MEDICAMENTOS
G03CC02;dienestrol;NA;NA;NA;NA;DIENESTROL
G03CC03;methallenestril;NA;NA;NA;NA;METALELASTRALLO
G03CC04;estrone;NA;NA;NA;NA;ESTRONA
G03CC05;diethylstilbestrol;NA;NA;NA;NA;DIETILESTILBESTROL
G03CC06;estriol;NA;NA;NA;NA;ESTRIOL
G03CC07;conjugated estrogens and bazedoxifene;NA;NA;NA;NA;ESTRÓGENOS CONJUGADOS Y BAZEDOXIFENO
G03CX;Other estrogens;NA;NA;NA;NA;OTROS ESTRÓGENOS
G03CX01;tibolone;2.5;mg;O;NA;TIBOLONE
G03D;PROGESTOGENS;NA;NA;NA;NA;PROGESTÁGENOS
G03DA;Pregnen (4) derivatives;NA;NA;NA;NA;DERIVADOS DE PREGNEN (4)
G03DA01;gestonorone;30;mg;P;NA;GESTONORONONE
G03DA02;medroxyprogesterone;5;mg;O;NA;MEDROXIPROGESTERONA
G03DA02;medroxyprogesterone;7;mg;P;NA;MEDROXIPROGESTERONA
G03DA03;hydroxyprogesterone;10;mg;P;NA;HIDROXIPROGESTERONA
G03DA04;progesterone;0.3;g;O;NA;PROGESTERONA
G03DA04;progesterone;5;mg;P;NA;PROGESTERONA
G03DA04;progesterone;0.2;g;R;NA;PROGESTERONA
G03DA04;progesterone;90;mg;V;NA;PROGESTERONA
G03DB;Pregnadien derivatives;NA;NA;NA;NA;DERIVADOS DE PREGNADIEN
G03DB01;dydrogesterone;10;mg;O;NA;DIDROGESTERONA
G03DB02;megestrol;5;mg;O;NA;MEGESTROL
G03DB03;medrogestone;NA;NA;NA;NA;MEDROGESTONA
G03DB04;nomegestrol;NA;NA;NA;NA;NOMEGESTROL
G03DB05;demegestone;NA;NA;NA;NA;DEMEGESTONA
G03DB06;chlormadinone;NA;NA;NA;NA;CLORMADINONA
G03DB07;promegestone;NA;NA;NA;NA;PROMEGESTONA
G03DB08;dienogest;2;mg;O;NA;DIENOGEST
G03DC;Estren derivatives;NA;NA;NA;NA;DERIVADOS DE ESTREN
G03DC01;allylestrenol;10;mg;O;NA;ALILESTRENOL
G03DC02;norethisterone;5;mg;O;NA;NORETISTERONA
G03DC03;lynestrenol;5;mg;O;NA;LYNESTRENOL
G03DC04;ethisterone;5;mg;O;NA;ETISTERONA
G03DC06;etynodiol;NA;NA;NA;NA;ETYNODIOL
G03DC31;methylestrenolone;5;mg;O;NA;METILESTRENOLONA
G03E;ANDROGENS AND FEMALE SEX HORMONES IN COMBINATION;NA;NA;NA;NA;ANDRÓGENOS Y HORMONAS SEXUALES FEMENINAS EN COMBINACIÓN
G03EA;Androgens and estrogens;NA;NA;NA;NA;ANDRÓGENOS Y ESTRÓGENOS
G03EA01;methyltestosterone and estrogen;NA;NA;NA;NA;METILTESTOSTERONA Y ESTRÓGENO
G03EA02;testosterone and estrogen;NA;NA;NA;NA;TESTOSTERONA Y ESTRÓGENO
G03EA03;prasterone and estrogen;NA;NA;NA;NA;PRASTERONA Y ESTRÓGENO
G03EB;Androgen, progestogen and estrogen in combination;NA;NA;NA;NA;ANDRÓGENO, PROGESTÁGENO Y ESTRÓGENO EN COMBINACIÓN
G03EK;Androgens and female sex hormones in combination with other drugs;NA;NA;NA;NA;ANDRÓGENOS Y HORMONAS SEXUALES FEMENINAS EN COMBINACIÓN CON OTROS FÁRMACOS
G03EK01;methyltestosterone;NA;NA;NA;NA;METILTESTOSTERONA
G03F;PROGESTOGENS AND ESTROGENS IN COMBINATION;NA;NA;NA;NA;PROGESTÁGENOS Y ESTRÓGENOS EN COMBINACIÓN
G03FA;Progestogens and estrogens, fixed combinations;NA;NA;NA;NA;PROGESTÁGENOS Y ESTRÓGENOS, COMBINACIONES FIJAS
G03FA01;norethisterone and estrogen;NA;NA;NA;NA;NORETISTERONA Y ESTRÓGENOS
G03FA02;hydroxyprogesterone and estrogen;NA;NA;NA;NA;HIDROXIPROGESTERONA Y ESTRÓGENO
G03FA03;ethisterone and estrogen;NA;NA;NA;NA;ETISTERONA Y ESTRÓGENO
G03FA04;progesterone and estrogen;NA;NA;NA;NA;PROGESTERONA Y ESTRÓGENO
G03FA05;methylnortestosterone and estrogen;NA;NA;NA;NA;METILNORTESTOSTERONA Y ESTRÓGENO
G03FA06;etynodiol and estrogen;NA;NA;NA;NA;ETYNDODOL Y ESTRÓGENO
G03FA07;lynestrenol and estrogen;NA;NA;NA;NA;LYNESTRENOL Y ESTRÓGENO
G03FA08;megestrol and estrogen;NA;NA;NA;NA;MEGESTROL Y ESTRÓGENO
G03FA09;noretynodrel and estrogen;NA;NA;NA;NA;NORETYNODREL Y ESTRÓGENO
G03FA10;norgestrel and estrogen;NA;NA;NA;NA;NORGESTREL Y ESTRÓGENOS
G03FA11;levonorgestrel and estrogen;NA;NA;NA;NA;LEVONORGESTREL Y ESTRÓGENO
G03FA12;medroxyprogesterone and estrogen;NA;NA;NA;NA;MEDROXIPROGESTERONA Y ESTRÓGENOS
G03FA13;norgestimate and estrogen;NA;NA;NA;NA;NORGESTIMATE Y EL ESTRÓGENO
G03FA14;dydrogesterone and estrogen;NA;NA;NA;NA;DIDROGESTERONA Y ESTRÓGENOS
G03FA15;dienogest and estrogen;NA;NA;NA;NA;DIENOGEST Y ESTRÓGENO
G03FA16;trimegestone and estrogen;NA;NA;NA;NA;TRIMEGESTONA Y ESTRÓGENO
G03FA17;drospirenone and estrogen;NA;NA;NA;NA;DROPRENINONA Y ESTRÓGENO
G03FB;Progestogens and estrogens, sequential preparations;NA;NA;NA;NA;PROGESTÁGENOS Y ESTRÓGENOS, PREPARACIONES SECUENCIALES
G03FB01;norgestrel and estrogen;NA;NA;NA;NA;NORGESTREL Y ESTRÓGENOS
G03FB02;lynestrenol and estrogen;NA;NA;NA;NA;LYNESTRENOL Y ESTRÓGENO
G03FB03;chlormadinone and estrogen;NA;NA;NA;NA;CLORMADINONA Y ESTRÓGENO
G03FB04;megestrol and estrogen;NA;NA;NA;NA;MEGESTROL Y ESTRÓGENO
G03FB05;norethisterone and estrogen;NA;NA;NA;NA;NORETISTERONA Y ESTRÓGENOS
G03FB06;medroxyprogesterone and estrogen;NA;NA;NA;NA;MEDROXIPROGESTERONA Y ESTRÓGENOS
G03FB07;medrogestone and estrogen;NA;NA;NA;NA;MEDROGESTONA Y ESTRÓGENO
G03FB08;dydrogesterone and estrogen;NA;NA;NA;NA;DIDROGESTERONA Y ESTRÓGENOS
G03FB09;levonorgestrel and estrogen;NA;NA;NA;NA;LEVONORGESTREL Y ESTRÓGENO
G03FB10;desogestrel and estrogen;NA;NA;NA;NA;DESOGESTREL Y ESTRÓGENOS
G03FB11;trimegestone and estrogen;NA;NA;NA;NA;TRIMEGESTONA Y ESTRÓGENO
G03FB12;nomegestrol and estrogen;NA;NA;NA;NA;NOMEGESTROL Y ESTRÓGENO
G03G;GONADOTROPINS AND OTHER OVULATION STIMULANTS;NA;NA;NA;NA;GONADOTROPINAS Y OTROS ESTIMULANTES DE LA OVULACIÓN
G03GA;Gonadotropins;NA;NA;NA;NA;GONADOTROPINAS
G03GA01;chorionic gonadotrophin;250;U;P;NA;GONADOTROPINA CORIÓNICA
G03GA02;human menopausal gonadotrophin;75;U;P;NA;GONADOTROPINA MENOPÁUSICA HUMANA
G03GA03;serum gonadotrophin;750;U;P;NA;GONADOTROPINA SÉRICA
G03GA04;urofollitropin;75;U;P;NA;UROFOLITROPINA
G03GA05;follitropin alfa;75;U;P;NA;FOLITTROPINA ALFA
G03GA06;follitropin beta;75;U;P;NA;FOLITROPINA BETA
G03GA07;lutropin alfa;75;U;P;NA;LUTROPINA ALFA
G03GA08;choriogonadotropin alfa;0.25;mg;P;NA;CORIOGONADOTROPINA ALFA
G03GA09;corifollitropin alfa;0.15;mg;P;NA;CORIFOLITROPINA ALFA
G03GA10;follitropin delta;12;mcg;P;NA;FOLTITROPINA DELTA
G03GA30;combinations;NA;NA;NA;NA;COMBINACIONES
G03GB;Ovulation stimulants, synthetic;NA;NA;NA;NA;ESTIMULANTES DE LA OVULACIÓN SINTÉTICOS
G03GB01;cyclofenil;0.14;g;O;NA;CICLOFENIL
G03GB02;clomifene;9;mg;O;NA;CLOMIFENO
G03GB03;epimestrol;10;mg;O;NA;EPIMESTROL
G03H;ANTIANDROGENS;NA;NA;NA;NA;ANTIANDRÓGENOS
G03HA;Antiandrogens, plain;NA;NA;NA;NA;ANTIANDRÓGENOS SIMPLES
G03HA01;cyproterone;0.1;g;O;NA;CIPROTERONA
G03HA01;cyproterone;0.1;g;P;NA;CIPROTERONA
G03HB;Antiandrogens and estrogens;NA;NA;NA;NA;ANTIANDRÓGENOS Y ESTRÓGENOS
G03HB01;cyproterone and estrogen;NA;NA;NA;NA;CIPROTERONA Y ESTRÓGENO
G03X;OTHER SEX HORMONES AND MODULATORS OF THE GENITAL SYSTEM;NA;NA;NA;NA;OTRAS HORMONAS SEXUALES Y MODULADORES DEL APARATO GENITAL
G03XA;Antigonadotropins and similar agents;NA;NA;NA;NA;ANTÍGONADOTROPINAS Y AGENTES SIMILARES
G03XA01;danazol;0.6;g;O;NA;DANAZOL
G03XA02;gestrinone;0.7;mg;O;NA;GESTRINONA
G03XB;Progesterone receptor modulators;NA;NA;NA;NA;MODULADORES DE LOS RECEPTORES DE PROGESTERONA
G03XB01;mifepristone;0.2;g;O;NA;MIFEPRISTONA
G03XB02;ulipristal;5;mg;O;NA;ULIPRISTAL
G03XB51;mifepristone, combinations;0.2;g;O;Refers to mifepristone;MIFEPRISTONA, COMBINACIONES
G03XC;Selective estrogen receptor modulators;NA;NA;NA;NA;MODULADORES SELECTIVOS DE LOS RECEPTORES DE ESTRÓGENOS
G03XC01;raloxifene;60;mg;O;NA;RALOXIFENO
G03XC02;bazedoxifene;20;mg;O;NA;BAZEDOXIFENO
G03XC03;lasofoxifene;0.5;mg;O;NA;LASOFOXIFENO
G03XC04;ormeloxifene;NA;NA;NA;NA;ORMELOXIFENO
G03XC05;ospemifene;NA;NA;NA;NA;OSPEMIFENO
G03XX;Other sex hormones and modulators of the genital system;NA;NA;NA;NA;OTRAS HORMONAS SEXUALES Y MODULADORES DEL APARATO GENITAL
G03XX01;prasterone;6.5;mg;V;NA;PRASTERONA
G04;UROLOGICALS;NA;NA;NA;NA;UROLÓGICOS
G04B;UROLOGICALS;NA;NA;NA;NA;UROLÓGICOS
G04BA;Acidifiers;NA;NA;NA;NA;ACIDIFICANTES
G04BA01;ammonium chloride;8.5;g;O;NA;CLORURO DE AMONIO
G04BA03;calcium chloride;NA;NA;NA;NA;CLORURO DE CALCIO
G04BC;Urinary concrement solvents;NA;NA;NA;NA;DISOLVENTES DE HORMIGÓN URINARIO
G04BD;Drugs for urinary frequency and incontinence;NA;NA;NA;NA;MEDICAMENTOS PARA LA FRECUENCIA URINARIA Y LA INCONTINENCIA
G04BD01;emepronium;0.5;g;O;NA;EMEPRONIO
G04BD01;emepronium;75;mg;P;NA;EMEPRONIO
G04BD02;flavoxate;0.8;g;O;NA;FLAVOXATO
G04BD03;meladrazine;0.45;g;O;NA;MELADARAZINA
G04BD04;oxybutynin;15;mg;O;NA;OXIBUTININA
G04BD04;oxybutynin;3.9;mg;TD;NA;OXIBUTININA
G04BD05;terodiline;50;mg;O;NA;TERODILINA
G04BD06;propiverine;30;mg;O;NA;PROPIVERRINA
G04BD07;tolterodine;4;mg;O;NA;TOLTERODINA
G04BD08;solifenacin;5;mg;O;NA;SOLIFENACINA
G04BD09;trospium;40;mg;O;NA;TROSPIO
G04BD10;darifenacin;7.5;mg;O;NA;DARIFENACINA
G04BD11;fesoterodine;4;mg;O;NA;FESOTERODINA
G04BD12;mirabegron;50;mg;O;NA;MIRABEGRON
G04BD13;desfesoterodine;3.5;mg;O;NA;DESFESOTERODINA
G04BD14;imidafenacin;NA;NA;NA;NA;IMIDAFENACINA
G04BD15;vibegron;75;mg;O;NA;VIBEGRON
G04BE;Drugs used in erectile dysfunction;NA;NA;NA;NA;MEDICAMENTOS UTILIZADOS EN LA DISFUNCIÓN ERÉCTIL
G04BE01;alprostadil;20;mcg;P;NA;ALPROSTADIL
G04BE01;alprostadil;0.25;mg;urethral;NA;ALPROSTADIL
G04BE02;papaverine;NA;NA;NA;NA;PAPAVERINA
G04BE03;sildenafil;50;mg;O;NA;SILDENAFIL
G04BE04;yohimbine;15;mg;O;NA;YOHIMBINA
G04BE06;moxisylyte;NA;NA;NA;NA;MOXISILITA
G04BE07;apomorphine;2;mg;SL;NA;APOMORFINA
G04BE08;tadalafil;10;mg;O;NA;TADALAFILO
G04BE09;vardenafil;10;mg;O;NA;VARDENAFIL
G04BE10;avanafil;0.1;g;O;NA;AVANAFIL
G04BE11;udenafil;NA;NA;NA;NA;UDENAFIL
G04BE30;combinations;NA;NA;NA;NA;COMBINACIONES
G04BE52;papaverine, combinations;NA;NA;NA;NA;PAPAVERINE, COMBINACIONES
G04BX;Other urologicals;NA;NA;NA;NA;OTROS UROLÓGICOS
G04BX01;magnesium hydroxide;0.5;g;O;NA;HIDRÓXIDO DE MAGNESIO
G04BX03;acetohydroxamic acid;0.75;g;O;NA;ÁCIDO ACETOHIDROXÁMICO
G04BX06;phenazopyridine;0.6;g;O;NA;FENAZOPIRIDINA
G04BX10;succinimide;NA;NA;NA;NA;SUCCINIMIDA
G04BX11;collagen;NA;NA;NA;NA;COLÁGENO
G04BX12;phenyl salicylate;2;g;O;NA;SALICILATO DE FENILO
G04BX13;dimethyl sulfoxide;NA;NA;NA;NA;DIMETILSULFÓXIDO
G04BX14;dapoxetine;30;mg;O;NA;DAPOXETINA
G04BX15;pentosan polysulfate sodium;0.3;g;O;NA;PENTOSANO POLISULFATO SÓDICO
G04BX16;tiopronin;0.8;g;O;NA;TIOPRONINA
G04BX17;sodium salicylate and methenamine;NA;NA;NA;NA;SALICILATO DE SODIO Y METENAMINA
G04C;DRUGS USED IN BENIGN PROSTATIC HYPERTROPHY;NA;NA;NA;NA;FÁRMACOS UTILIZADOS EN LA HIPERTROFIA PROSTÁTICA BENIGNA
G04CA;Alpha-adrenoreceptor antagonists;NA;NA;NA;NA;ANTAGONISTAS DE LOS RECEPTORES ALFA-ADRENÉRGICOS
G04CA01;alfuzosin;7.5;mg;O;NA;ALFUZOSINA
G04CA02;tamsulosin;0.4;mg;O;NA;TAMSULOSINA
G04CA03;terazosin;5;mg;O;NA;TERAZOSINA
G04CA04;silodosin;8;mg;O;NA;SILODOSINA
G04CA51;alfuzosin and finasteride;NA;NA;NA;NA;ALFUZOSINA Y FINASTERIDA
G04CA52;tamsulosin and dutasteride;NA;NA;NA;NA;TAMSULOSINA Y DUTASTERIDA
G04CA53;tamsulosin and solifenacin;NA;NA;NA;NA;TAMSULOSINA Y SOLIFENACINA
G04CA54;tamsulosin and tadalafil;NA;NA;NA;NA;TAMSULOSINA Y TADALAFILO
G04CA55;doxazosin and finasteride;NA;NA;NA;NA;DOXAZOSINA Y FINASTERIDA
G04CB;Testosterone-5-alpha reductase inhibitors;NA;NA;NA;NA;INHIBIDORES DE LA TESTOSTERONA-5-ALFA REDUCTASA
G04CB01;finasteride;5;mg;O;NA;FINASTERIDA
G04CB02;dutasteride;0.5;mg;O;NA;DUTASTERIDE
G04CB51;finasteride and tadalafil;NA;NA;NA;NA;FINASTERIDA Y TADALAFILO
G04CX;Other drugs used in benign prostatic hypertrophy;NA;NA;NA;NA;OTROS FÁRMACOS UTILIZADOS EN LA HIPERTROFIA PROSTÁTICA BENIGNA
G04CX01;Prunus africanae cortex;NA;NA;NA;NA;CORTEZA DE PRUNUS AFRICANAE
G04CX02;Sabalis serrulatae fructus;NA;NA;NA;NA;SABALIS SERRULATAE FRUCTUS
G04CX03;mepartricin;NA;NA;NA;NA;MEPARTRICINA
G04CX04;fexapotide;NA;NA;NA;NA;FEXAPOTIDA
H;SYSTEMIC HORMONAL PREPARATIONS, EXCL. SEX HORMONES AND INSULINS;NA;NA;NA;NA;PREPARACIONES HORMONALES SISTÉMICAS, EXC. HORMONAS SEXUALES E INSULINAS
H01;PITUITARY AND HYPOTHALAMIC HORMONES AND ANALOGUES;NA;NA;NA;NA;HORMONAS HIPOFISARIAS E HIPOTALÁMICAS Y ANÁLOGOS
H01A;ANTERIOR PITUITARY LOBE HORMONES AND ANALOGUES;NA;NA;NA;NA;HORMONAS DEL LÓFILO PITUITARIO ANTERIOR Y ANÁLOGOS
H01AA;ACTH;NA;NA;NA;NA;ACTH
H01AA01;corticotropin;25;U;P;NA;CORTICOTROPINA
H01AA02;tetracosactide;0.25;mg;P;NA;TETRACOSACTIDA
H01AB;Thyrotropin;NA;NA;NA;NA;TIROTROPINA
H01AB01;thyrotropin alfa;0.9;mg;P;NA;TIROTROPINA ALFA
H01AC;Somatropin and somatropin agonists;NA;NA;NA;NA;SOMATROPINA Y AGONISTAS DE LA SOMATROPINA
H01AC01;somatropin;2;U;P;NA;SOMATOTROPINA
H01AC02;somatrem;NA;NA;NA;NA;SOMATREM
H01AC03;mecasermin;2;mg;P;NA;MECASERMIN
H01AC04;sermorelin;NA;NA;NA;NA;SERMORELINA
H01AC05;mecasermin rinfabate;NA;NA;NA;NA;MECASERMIN RINFABATE
H01AC06;tesamorelin;NA;NA;NA;NA;TESAMORELIN
H01AC07;somapacitan;NA;NA;NA;NA;SOMAPACITAN
H01AC08;somatrogon;NA;NA;NA;NA;SOMATROGON
H01AC09;lonapegsomatropin;NA;NA;NA;NA;LONAPEGSOMATROPINA
H01AX;Other anterior pituitary lobe hormones and analogues;NA;NA;NA;NA;OTRAS HORMONAS DEL LÓFILO ANTERIOR DE LA HIPÓFISIS Y ANÁLOGOS
H01AX01;pegvisomant;10;mg;P;NA;PEGVISOMANT
H01B;POSTERIOR PITUITARY LOBE HORMONES;NA;NA;NA;NA;HORMONAS DEL LÓBULO HIPOFISARIO POSTERIOR
H01BA;Vasopressin and analogues;NA;NA;NA;NA;VASOPRESINA Y ANÁLOGOS
H01BA01;vasopressin (argipressin);40;U;P;NA;VASOPRESINA (ARGIPRESSINA)
H01BA02;desmopressin;25;mcg;N;NA;DESMOPRESINA
H01BA02;desmopressin;0.4;mg;O;NA;DESMOPRESINA
H01BA02;desmopressin;4;mcg;P;NA;DESMOPRESINA
H01BA02;desmopressin;0.24;mg;SL;base;DESMOPRESINA
H01BA03;lypressin;20;U;N;NA;LIPRESINA
H01BA03;lypressin;20;U;P;NA;LIPRESINA
H01BA04;terlipressin;12;mg;P;NA;TERLIPRESINA
H01BA05;ornipressin;5;U;P;NA;ORNIPRESINA
H01BB;Oxytocin and analogues;NA;NA;NA;NA;OXITOCINA Y ANÁLOGOS
H01BB01;demoxytocin;100;U;O;NA;DEMOXITOCINA
H01BB02;oxytocin;15;U;N;NA;OXITOCINA
H01BB02;oxytocin;200;U;O;NA;OXITOCINA
H01BB02;oxytocin;15;U;P;NA;OXITOCINA
H01BB03;carbetocin;0.1;mg;P;NA;CARBETOCINA
H01C;HYPOTHALAMIC HORMONES;NA;NA;NA;NA;HORMONAS HIPOTALÁMICAS
H01CA;Gonadotropin-releasing hormones;NA;NA;NA;NA;HORMONAS LIBERADORAS DE GONADOTROPINAS
H01CA01;gonadorelin;NA;NA;NA;NA;GONADORELINA
H01CA02;nafarelin;0.4;mg;N;NA;NAFARELIN
H01CB;Somatostatin and analogues;NA;NA;NA;NA;SOMATOSTATINA Y ANÁLOGOS
H01CB01;somatostatin;6;mg;P;NA;SOMATOSTATINA
H01CB02;octreotide;0.7;mg;P;NA;OCTREOTIDA
H01CB03;lanreotide;3;mg;P;NA;LANREOTIDA
H01CB04;vapreotide;NA;NA;NA;NA;VAPREOTIDA
H01CB05;pasireotide;1.2;mg;P;NA;PASIREOTIDA
H01CC;Anti-gonadotropin-releasing hormones;NA;NA;NA;NA;HORMONAS LIBERADORAS DE GONADOTROPINA
H01CC01;ganirelix;0.25;mg;P;NA;GANIRELIX
H01CC02;cetrorelix;0.25;mg;P;NA;CETRORELIX
H01CC03;elagolix;NA;NA;NA;NA;ELAGOLIX
H01CC04;linzagolix;NA;NA;NA;NA;LINZAGOLIX
H01CC53;elagolix, estradiol and norethisterone;NA;NA;NA;NA;ELAGOLIK, ESTRADIOL Y NORETISTERONA
H01CC54;relugolix, estradiol and norethisterone;NA;NA;NA;NA;RELUGOLIX, ESTRADIOL Y NORETISTERONA
H02;CORTICOSTEROIDS FOR SYSTEMIC USE;NA;NA;NA;NA;CORTICOIDES DE USO SISTÉMICO
H02A;CORTICOSTEROIDS FOR SYSTEMIC USE, PLAIN;NA;NA;NA;NA;CORTICOSTEROIDES DE USO SISTÉMICO, SIMPLES
H02AA;Mineralocorticoids;NA;NA;NA;NA;MINERALOCORTICOIDES
H02AA01;aldosterone;NA;NA;NA;NA;ALDOSTERONA
H02AA02;fludrocortisone;0.1;mg;O;NA;FLUDROCORTISONA
H02AA03;desoxycortone;5;mg;O;NA;DESOXICORTONA
H02AA03;desoxycortone;5;mg;P;NA;DESOXICORTONA
H02AB;Glucocorticoids;NA;NA;NA;NA;GLUCOCORTICOIDES
H02AB01;betamethasone;1.5;mg;O;NA;BETAMETASONA
H02AB01;betamethasone;1.5;mg;P;NA;BETAMETASONA
H02AB01;betamethasone;0.4;mg;P;depot;BETAMETASONA
H02AB02;dexamethasone;1.5;mg;O;NA;DEXAMETASONA
H02AB02;dexamethasone;1.5;mg;P;NA;DEXAMETASONA
H02AB03;fluocortolone;10;mg;O;NA;FLUOCORTOLONA
H02AB04;methylprednisolone;7.5;mg;O;NA;METILPREDNISOLONA
H02AB04;methylprednisolone;20;mg;P;NA;METILPREDNISOLONA
H02AB05;paramethasone;4;mg;O;NA;PARAMETASONA
H02AB05;paramethasone;4;mg;P;NA;PARAMETASONA
H02AB06;prednisolone;10;mg;O;NA;PREDNISOLONA
H02AB06;prednisolone;10;mg;P;NA;PREDNISOLONA
H02AB07;prednisone;10;mg;O;NA;PREDNISONA
H02AB08;triamcinolone;7.5;mg;O;NA;TRIAMCINOLONA
H02AB08;triamcinolone;7.5;mg;P;NA;TRIAMCINOLONA
H02AB09;hydrocortisone;30;mg;O;NA;HIDROCORTISONA
H02AB09;hydrocortisone;30;mg;P;NA;HIDROCORTISONA
H02AB10;cortisone;37.5;mg;O;NA;CORTISONA
H02AB10;cortisone;37.5;mg;P;NA;CORTISONA
H02AB11;prednylidene;12;mg;O;NA;PREDNYLIDENE
H02AB12;rimexolone;20;mg;P;intraarticular;RIMEXOLONA
H02AB13;deflazacort;15;mg;O;NA;DEFLAZACORT
H02AB14;cloprednol;NA;NA;NA;NA;CLOPREDNOL
H02AB15;meprednisone;NA;NA;NA;NA;MEPREDNISONA
H02AB17;cortivazol;NA;NA;NA;NA;CORTIVAZOL
H02AB18;vamorolone;NA;NA;NA;NA;VAMOROLONA
H02B;CORTICOSTEROIDS FOR SYSTEMIC USE, COMBINATIONS;NA;NA;NA;NA;CORTICOIDES DE USO SISTÉMICO, COMBINACIONES
H02BX;Corticosteroids for systemic use, combinations;NA;NA;NA;NA;CORTICOIDES DE USO SISTÉMICO, COMBINACIONES
H02BX01;methylprednisolone, combinations;NA;NA;NA;NA;METILPREDNISOLONA, COMBINACIONES
H02C;ANTIADRENAL PREPARATIONS;NA;NA;NA;NA;PREPARACIONES ANTISUPRARRENALES
H02CA;Anticorticosteroids;NA;NA;NA;NA;ANTICORTICOIDES
H02CA01;trilostane;0.36;g;O;NA;TRILOSTANO
H02CA02;osilodrostat;10;mg;O;NA;OSILODROSTATO
H02CA03;ketoconazole;0.6;g;O;NA;KETOCONAZOL
H02CA04;levoketoconazole;NA;NA;NA;NA;LEVOKETOCONAZOL
H03;THYROID THERAPY;NA;NA;NA;NA;TERAPIA TIROIDEA
H03A;THYROID PREPARATIONS;NA;NA;NA;NA;PREPARACIONES PARA LA TIROIDES
H03AA;Thyroid hormones;NA;NA;NA;NA;HORMONAS TIROIDEAS
H03AA01;levothyroxine sodium;0.15;mg;O;NA;LEVOTIROXINA SÓDICA
H03AA01;levothyroxine sodium;0.15;mg;P;NA;LEVOTIROXINA SÓDICA
H03AA02;liothyronine sodium;60;mcg;O;NA;LIOTIRONINA SÓDICA
H03AA02;liothyronine sodium;60;mcg;P;NA;LIOTIRONINA SÓDICA
H03AA03;combinations of levothyroxine and liothyronine;NA;NA;NA;NA;COMBINACIONES DE LEVOTIROXINA Y LIOTIRONINA
H03AA04;tiratricol;NA;NA;NA;NA;TIRATRICOL
H03AA05;thyroid gland preparations;0.1;g;O;NA;PREPARACIONES DE LA GLÁNDULA TIROIDES
H03AA51;levothyroxine sodium and iodine compounds;NA;NA;NA;NA;COMPUESTOS DE LEVOTIROXINA, SODIO Y YODO
H03B;ANTITHYROID PREPARATIONS;NA;NA;NA;NA;PREPARACIONES ANTITIROIDEAS
H03BA;Thiouracils;NA;NA;NA;NA;TIOURACILOS
H03BA01;methylthiouracil;0.1;g;O;NA;METILTIOURACILO
H03BA02;propylthiouracil;0.1;g;O;NA;PROPILTIOURACILO
H03BA03;benzylthiouracil;NA;NA;NA;NA;BENCILTIOURACILO
H03BB;Sulfur-containing imidazole derivatives;NA;NA;NA;NA;DERIVADOS DEL IMIDAZOL QUE CONTIENEN AZUFRE
H03BB01;carbimazole;15;mg;O;NA;CARBIMAZOL
H03BB02;thiamazole;10;mg;O;NA;TIAMAZOL
H03BB52;thiamazole, combinations;NA;NA;NA;NA;TIAMAZOL, COMBINACIONES
H03BC;Perchlorates;NA;NA;NA;NA;PERCLORATOS
H03BC01;potassium perchlorate;NA;NA;NA;NA;PERCLORATO DE POTASIO
H03BX;Other antithyroid preparations;NA;NA;NA;NA;OTRAS PREPARACIONES ANTITIROIDEAS
H03BX01;diiodotyrosine;NA;NA;NA;NA;DIYODOTIROSINA
H03BX02;dibromotyrosine;NA;NA;NA;NA;DIBROMOTIROSINA
H03C;IODINE THERAPY;NA;NA;NA;NA;TERAPIA CON YODO
H03CA;Iodine therapy;NA;NA;NA;NA;TERAPIA CON YODO
H03CA;Iodine therapy;0.33;g;O;NA;TERAPIA CON YODO
H03CA;Iodine therapy;0.33;g;P;NA;TERAPIA CON YODO
H04;PANCREATIC HORMONES;NA;NA;NA;NA;HORMONAS PÁNCREAS
H04A;GLYCOGENOLYTIC HORMONES;NA;NA;NA;NA;HORMONAS GLUCOGENOLÍTICAS
H04AA;Glycogenolytic hormones;NA;NA;NA;NA;HORMONAS GLUCOGENOLÍTICAS
H04AA01;glucagon;3;mg;N;NA;GLUCAGÓN
H04AA01;glucagon;1;mg;P;NA;GLUCAGÓN
H04AA02;dasiglucagon;NA;NA;NA;NA;DASIGLUCAGON
H05;CALCIUM HOMEOSTASIS;NA;NA;NA;NA;HOMEOSTASIS DEL CALCIO
H05A;PARATHYROID HORMONES AND ANALOGUES;NA;NA;NA;NA;HORMONAS PARATIROIDEAS Y ANÁLOGOS
H05AA;Parathyroid hormones and analogues;NA;NA;NA;NA;HORMONAS PARATIROIDEAS Y ANÁLOGOS
H05AA01;parathyroid gland extract;NA;NA;NA;NA;EXTRACTO DE GLÁNDULA PARATIROIDES
H05AA02;teriparatide;20;mcg;P;NA;TERIPARATIDA
H05AA03;parathyroid hormone;0.1;mg;P;NA;HORMONA PARATIROIDEA
H05AA04;abaloparatide;NA;NA;NA;NA;ABALOPARATIDA
H05AA05;palopegteriparatide;NA;NA;NA;NA;PALOPEGTERIPARATIDA
H05B;ANTI-PARATHYROID AGENTS;NA;NA;NA;NA;AGENTES ANTIPARATIROIDEOS
H05BA;Calcitonin preparations;NA;NA;NA;NA;PREPARACIONES DE CALCITONINA
H05BA01;calcitonin (salmon synthetic);200;U;N;NA;CALCITANINA (SALMÓN SINTÉTICO)
H05BA01;calcitonin (salmon synthetic);100;U;P;NA;CALCITANINA (SALMÓN SINTÉTICO)
H05BA02;calcitonin (pork natural);100;U;P;NA;CALCITANINA (CARNE DE CERDO NATURAL)
H05BA03;calcitonin (human synthetic);100;U;P;NA;CALCITANINA (SINTÉTICA HUMANA)
H05BA04;elcatonin;NA;NA;NA;NA;ELCATONINA
H05BX;Other anti-parathyroid agents;NA;NA;NA;NA;OTROS AGENTES ANTIPARATIROIDEOS
H05BX01;cinacalcet;60;mg;O;NA;CINACALCET
H05BX02;paricalcitol;2;mcg;O;NA;PARICALCITOL
H05BX02;paricalcitol;2;mcg;P;NA;PARICALCITOL
H05BX03;doxercalciferol;NA;NA;NA;NA;DOXERCALCIFEROL
H05BX04;etelcalcetide;2.1;mg;P;NA;ETELCALCETIDE
H05BX05;calcifediol;30;mcg;O;NA;CALCIFEDIOL
H05BX06;evocalcet;2.5;mg;O;NA;EVOCALCET
J;ANTIINFECTIVES FOR SYSTEMIC USE;NA;NA;NA;NA;ANTIINFECCIOSOS DE USO SISTÉMICO
J01;ANTIBACTERIALS FOR SYSTEMIC USE;NA;NA;NA;NA;ANTIBACTERIANOS DE USO SISTÉMICO
J01A;TETRACYCLINES;NA;NA;NA;NA;TETRACICLINAS
J01AA;Tetracyclines;NA;NA;NA;NA;TETRACICLINAS
J01AA01;demeclocycline;0.6;g;O;NA;DEMECLOCICLINA
J01AA02;doxycycline;0.1;g;O;NA;DOXICICLINA
J01AA02;doxycycline;0.1;g;P;NA;DOXICICLINA
J01AA03;chlortetracycline;1;g;O;NA;CLORTETRACICLINA
J01AA04;lymecycline;0.6;g;O;NA;LIMECICLINA
J01AA04;lymecycline;0.6;g;P;NA;LIMECICLINA
J01AA05;metacycline;0.6;g;O;NA;METACICLINA
J01AA06;oxytetracycline;1;g;O;NA;OXITETRACICLINA
J01AA06;oxytetracycline;1;g;P;NA;OXITETRACICLINA
J01AA07;tetracycline;1;g;O;NA;TETRACICLINA
J01AA07;tetracycline;1;g;P;NA;TETRACICLINA
J01AA08;minocycline;0.2;g;O;NA;MINOCICLINA
J01AA08;minocycline;0.2;g;P;NA;MINOCICLINA
J01AA09;rolitetracycline;0.35;g;P;NA;ROLITETRACICLINA
J01AA10;penimepicycline;NA;NA;NA;NA;PENIMEPICICLINA
J01AA11;clomocycline;1;g;O;NA;CLOMOCICLINA
J01AA12;tigecycline;0.1;g;P;NA;TIGECICLINA
J01AA13;eravacycline;0.14;g;P;NA;ERAVACICLINA
J01AA14;sarecycline;0.1;g;O;NA;SARECICLINA
J01AA15;omadacycline;0.3;g;O;NA;OMADACICLINA
J01AA15;omadacycline;0.1;g;P;NA;OMADACICLINA
J01AA20;combinations of tetracyclines;NA;NA;NA;NA;COMBINACIONES DE TETRACICLINAS
J01AA56;oxytetracycline, combinations;NA;NA;NA;NA;OXITETRACICLINA, COMBINACIONES
J01B;AMPHENICOLS;NA;NA;NA;NA;AMPHENICOLS
J01BA;Amphenicols;NA;NA;NA;NA;ANFENICOLES
J01BA01;chloramphenicol;3;g;O;NA;CLORANFENICOL
J01BA01;chloramphenicol;3;g;P;NA;CLORANFENICOL
J01BA02;thiamphenicol;1.5;g;O;NA;TIANFENICOL
J01BA02;thiamphenicol;1.5;g;P;NA;TIANFENICOL
J01BA52;thiamphenicol, combinations;NA;NA;NA;NA;TIANFENICOL, COMBINACIONES
J01C;BETA-LACTAM ANTIBACTERIALS, PENICILLINS;NA;NA;NA;NA;BETALACTÁMICOS ANTIBACTERIANOS, PENICILINAS
J01CA;Penicillins with extended spectrum;NA;NA;NA;NA;PENICILINAS DE ESPECTRO EXTENDIDO
J01CA01;ampicillin;2;g;O;NA;AMPICILINA
J01CA01;ampicillin;6;g;P;NA;AMPICILINA
J01CA01;ampicillin;2;g;R;NA;AMPICILINA
J01CA02;pivampicillin;1.05;g;O;NA;PIVAMPICILINA
J01CA03;carbenicillin;12;g;P;NA;CARBENICILINA
J01CA04;amoxicillin;1.5;g;O;NA;AMOXICILINA
J01CA04;amoxicillin;3;g;P;NA;AMOXICILINA
J01CA05;carindacillin;4;g;O;NA;CARINDICILLINA
J01CA06;bacampicillin;1.2;g;O;NA;BACAMPICILINA
J01CA07;epicillin;2;g;O;NA;EPICILINA
J01CA07;epicillin;2;g;P;NA;EPICILINA
J01CA08;pivmecillinam;0.6;g;O;NA;PIVMECILLINAM
J01CA09;azlocillin;12;g;P;NA;AZLOCILINA
J01CA10;mezlocillin;6;g;P;NA;MEZLOCILINA
J01CA11;mecillinam;1.2;g;P;NA;MECILINAM
J01CA12;piperacillin;14;g;P;NA;PIPERACILINA
J01CA13;ticarcillin;15;g;P;NA;TICARCILINA
J01CA14;metampicillin;1.5;g;O;NA;METAMPICILINA
J01CA14;metampicillin;1.5;g;P;NA;METAMPICILINA
J01CA15;talampicillin;2;g;O;NA;TALAMPICILINA
J01CA16;sulbenicillin;15;g;P;NA;SULBENICILLINA
J01CA17;temocillin;4;g;P;NA;TEMOCILLINA
J01CA18;hetacillin;2;g;O;NA;HETACILLINA
J01CA19;aspoxicillin;4;g;P;NA;ASPOXICILINA
J01CA20;combinations;NA;NA;NA;NA;COMBINACIONES
J01CA51;ampicillin, combinations;NA;NA;NA;NA;AMPICILINA, COMBINACIONES
J01CE;Beta-lactamase sensitive penicillins;NA;NA;NA;NA;PENICILINAS SENSIBLES A LOS BETALACTAMASAS
J01CE01;benzylpenicillin;3.6;g;P;NA;BENZILPENICILINA
J01CE02;phenoxymethylpenicillin;2;g;O;NA;FENOXIMETILPENICILINA
J01CE03;propicillin;0.9;g;O;NA;PROPICILLINA
J01CE04;azidocillin;1.5;g;O;NA;AZIDOCILLINA
J01CE05;pheneticillin;1;g;O;NA;FENETICILINA
J01CE06;penamecillin;1.05;g;O;NA;PENEMICILINA
J01CE07;clometocillin;1;g;O;NA;CLOMETOCILLINA
J01CE08;benzathine benzylpenicillin;3.6;g;P;Expressed as benzylpenicillin;BENZATÍNICA BENCILPENICILINA
J01CE09;procaine benzylpenicillin;0.6;g;P;NA;PROCAÍNA BENCILPENICILINA
J01CE10;benzathine phenoxymethylpenicillin;2;g;O;NA;BENZATÍNICA FENOXIMETILPENICILINA
J01CE30;combinations;NA;NA;NA;NA;COMBINACIONES
J01CF;Beta-lactamase resistant penicillins;NA;NA;NA;NA;PENICILINAS RESISTENTES A BETALACTAMASAS
J01CF01;dicloxacillin;2;g;O;NA;DICLOXACILINA
J01CF01;dicloxacillin;2;g;P;NA;DICLOXACILINA
J01CF02;cloxacillin;2;g;O;NA;CLOXACILINA
J01CF02;cloxacillin;2;g;P;NA;CLOXACILINA
J01CF03;meticillin;4;g;P;NA;METICILINA
J01CF04;oxacillin;2;g;O;NA;OXACILINA
J01CF04;oxacillin;2;g;P;NA;OXACILINA
J01CF05;flucloxacillin;2;g;O;NA;FLUCLOXACILINA
J01CF05;flucloxacillin;2;g;P;NA;FLUCLOXACILINA
J01CF06;nafcillin;3;g;P;NA;NAFCILINA
J01CG;Beta-lactamase inhibitors;NA;NA;NA;NA;INHIBIDORES DE BETALACTAMASAS
J01CG01;sulbactam;1;g;P;NA;SULBACTAM
J01CG02;tazobactam;NA;NA;NA;NA;TAZOBACTAM
J01CR;Combinations of penicillins, incl. beta-lactamase inhibitors;NA;NA;NA;NA;COMBINACIONES DE PENICILINAS, INCL. INHIBIDORES DE LA BETALACTAMASA
J01CR01;ampicillin and beta-lactamase inhibitor;6;g;P;Refers to ampicillin;INHIBIDOR DE LA AMPICILINA Y LA BETALACTAMASA
J01CR02;amoxicillin and beta-lactamase inhibitor;1.5;g;O;Refers to amoxicillin;AMOXICILINA E INHIBIDOR DE BETALACTAMASAS
J01CR02;amoxicillin and beta-lactamase inhibitor;3;g;P;Refers to amoxicillin;AMOXICILINA E INHIBIDOR DE BETALACTAMASAS
J01CR03;ticarcillin and beta-lactamase inhibitor;15;g;P;Refers to ticarcillin;INHIBIDOR DE LA TICICILINA Y LA BETALACTAMASAS
J01CR04;sultamicillin;1.5;g;O;NA;SULTAMICILINA
J01CR05;piperacillin and beta-lactamase inhibitor;14;g;P;Refers to piperacillin;PIPERACILINA E INHIBIDOR DE LA BETALACTAMASA
J01CR50;combinations of penicillins;NA;NA;NA;NA;COMBINACIONES DE PENICILINAS
J01D;OTHER BETA-LACTAM ANTIBACTERIALS;NA;NA;NA;NA;OTROS ANTIBACTERIANOS BETALACTÁMICOS
J01DB;First-generation cephalosporins;NA;NA;NA;NA;CEFALOSPORINAS DE PRIMERA GENERACIÓN
J01DB01;cefalexin;2;g;O;NA;CEFALEXINA
J01DB02;cefaloridine;3;g;P;NA;CEFALORIDINA
J01DB03;cefalotin;4;g;P;NA;CEFALOTINA
J01DB04;cefazolin;3;g;P;NA;CEFAZOLINA
J01DB05;cefadroxil;2;g;O;NA;CEFADROXIL
J01DB06;cefazedone;3;g;P;NA;CEFAZEDONA
J01DB07;cefatrizine;1;g;O;NA;CEFATRIZINA
J01DB08;cefapirin;4;g;P;NA;CEFAPIRINA
J01DB09;cefradine;2;g;O;NA;CEFRADINA
J01DB09;cefradine;2;g;P;NA;CEFRADINA
J01DB10;cefacetrile;NA;NA;NA;NA;CEFACETRILO
J01DB11;cefroxadine;2.1;g;O;NA;CEFROXADINA
J01DB12;ceftezole;3;g;P;NA;CEFTEZOL
J01DC;Second-generation cephalosporins;NA;NA;NA;NA;CEFALOSPORINAS DE SEGUNDA GENERACIÓN
J01DC01;cefoxitin;6;g;P;NA;CEFOXITIN
J01DC02;cefuroxime;0.5;g;O;NA;CEFUROXIMA
J01DC02;cefuroxime;3;g;P;NA;CEFUROXIMA
J01DC03;cefamandole;6;g;P;NA;CEFAMANDOLE
J01DC04;cefaclor;1;g;O;NA;CEFACLOR
J01DC05;cefotetan;4;g;P;NA;CEFOTETÁN
J01DC06;cefonicid;1;g;P;NA;CEFONICID
J01DC07;cefotiam;1.2;g;O;NA;CEFOTIAM
J01DC07;cefotiam;4;g;P;NA;CEFOTIAM
J01DC08;loracarbef;0.6;g;O;NA;LORACARBEF
J01DC09;cefmetazole;4;g;P;NA;CEFMETAZOL
J01DC10;cefprozil;1;g;O;NA;CEFPROZIL
J01DC11;ceforanide;4;g;P;NA;CEFORANIDA
J01DC12;cefminox;4;g;P;NA;CEFMINOX
J01DC13;cefbuperazone;2;g;P;NA;CEFBUPERAZONA
J01DC14;flomoxef;2;g;P;NA;FLOMOXEF
J01DC52;cefuroxime and beta-lactamase inhibitor;0.5;g;O;Refers to cefuroxime;CEFUROXIMA E INHIBIDOR DE BETALACTAMASAS
J01DD;Third-generation cephalosporins;NA;NA;NA;NA;CEFALOSPORINAS DE TERCERA GENERACIÓN
J01DD01;cefotaxime;4;g;P;NA;CEFOTAXIMA
J01DD02;ceftazidime;4;g;P;NA;CEFTAZIDIMA
J01DD03;cefsulodin;4;g;P;NA;CEFSULODIN
J01DD04;ceftriaxone;2;g;P;NA;CEFTRIAXONA
J01DD05;cefmenoxime;2;g;P;NA;CEFMENOXIMA
J01DD06;latamoxef;4;g;P;NA;LATAMOXEF
J01DD07;ceftizoxime;4;g;P;NA;CEFTIZOXIMA
J01DD08;cefixime;0.4;g;O;NA;CEFIXIMA
J01DD09;cefodizime;2;g;P;NA;CEFODIZIMA
J01DD10;cefetamet;1;g;O;NA;CEFETAMET
J01DD11;cefpiramide;2;g;P;NA;CEFPIRAMIDA
J01DD12;cefoperazone;4;g;P;NA;CEFOPERAZONA
J01DD13;cefpodoxime;0.4;g;O;NA;CEFPODOXIMA
J01DD14;ceftibuten;0.4;g;O;NA;CEFTIBUTEN
J01DD15;cefdinir;0.6;g;O;NA;CEFDINIR
J01DD16;cefditoren;0.4;g;O;NA;CEFDITOREN
J01DD17;cefcapene;0.45;g;O;NA;CEFCAPENO
J01DD18;cefteram;0.4;g;O;NA;CEFTERAM
J01DD51;cefotaxime and beta-lactamase inhibitor;NA;NA;NA;NA;CEFOTAXIMA E INHIBIDOR DE BETALACTAMASAS
J01DD52;ceftazidime and beta-lactamase inhibitor;6;g;P;Refers to ceftazidime;CEFTAZIDIMA E INHIBIDOR DE BETALACTAMASAS
J01DD54;ceftriaxone, combinations;NA;NA;NA;NA;CEFTRIAXONA, COMBINACIONES
J01DD58;cefixime and beta-lactamase inhibitor;NA;NA;NA;NA;CEFIXIMA E INHIBIDOR DE LA BETALACTAMASA
J01DD62;cefoperazone and beta-lactamase inhibitor;4;g;P;Refers to cefoperazone;CEFOPERAZONA E INHIBIDOR DE BETALACTAMASAS
J01DD63;ceftriaxone and beta-lactamase inhibitor;2;g;P;Refers to ceftriaxone;CEFTRIAXONA E INHIBIDOR DE LA BETALACTAMASAS
J01DD64;cefpodoxime and beta-lactamase inhibitor;0.4;g;O;Refers to cefpodoxime;CEFPODOXIMA E INHIBIDOR DE BETALACTAMASAS
J01DE;Fourth-generation cephalosporins;NA;NA;NA;NA;CEFALOSPORINAS DE CUARTA GENERACIÓN
J01DE01;cefepime;4;g;P;NA;CEFEPIMA
J01DE02;cefpirome;4;g;P;NA;CEFPIROMA
J01DE03;cefozopran;4;g;P;NA;CEFOZOPRAN
J01DE51;cefepime and beta-lactamase inhibitor;NA;NA;NA;NA;CEFEPIMA E INHIBIDOR DE BETALACTAMASAS
J01DF;Monobactams;NA;NA;NA;NA;MONOBACTÁMICOS
J01DF01;aztreonam;0.225;g;Inhal.solution;NA;AZTREONAM
J01DF01;aztreonam;4;g;P;NA;AZTREONAM
J01DF02;carumonam;2;g;P;NA;CARUMONAM
J01DH;Carbapenems;NA;NA;NA;NA;CARBAPENEMS
J01DH02;meropenem;3;g;P;NA;MEROPENEM
J01DH03;ertapenem;1;g;P;NA;ERTAPENEM
J01DH04;doripenem;1.5;g;P;NA;DORIPENEM
J01DH05;biapenem;1.2;g;P;NA;BIAPENEM
J01DH06;tebipenem pivoxil;0.56;g;O;NA;TEBIPENEM PIVOXIL
J01DH51;imipenem and cilastatin;2;g;P;Refers to imipenem;IMIPENEM Y CILASTATINA
J01DH52;meropenem and vaborbactam;3;g;P;Refers to meropenem;MEROPENEM Y VABORBACTAM
J01DH55;panipenem and betamipron;2;g;P;Refers to panipenem;PANIPENEM Y BETAMIPRON
J01DH56;imipenem, cilastatin and relebactam;2;g;P;Refers to imipenem;IMIPENEM, CILASTATINA Y RELEBACTAM
J01DI;Other cephalosporins and penems;NA;NA;NA;NA;OTRAS CEFALOSPORINAS Y PENEMS
J01DI01;ceftobiprole medocaril;1.5;g;P;NA;CEFTOBIPROLE MEDOCARIL
J01DI02;ceftaroline fosamil;1.2;g;P;NA;CEFTAROLINA FOSAMIL
J01DI03;faropenem;0.75;g;O;NA;FAROPENEM
J01DI04;cefiderocol;6;g;P;NA;CEFIDEROCOL
J01DI54;ceftolozane and beta-lactamase inhibitor;3;g;P;Refers to ceftolozane;CEFTOLOZANO E INHIBIDOR DE BETALACTAMASAS
J01E;SULFONAMIDES AND TRIMETHOPRIM;NA;NA;NA;NA;SULFONAMIDAS Y TRIMETOPRIMA
J01EA;Trimethoprim and derivatives;NA;NA;NA;NA;TRIMETOPRIMA Y DERIVADOS
J01EA01;trimethoprim;0.4;g;O;NA;TRIMETOPRIMA
J01EA01;trimethoprim;0.4;g;P;NA;TRIMETOPRIMA
J01EA02;brodimoprim;0.2;g;O;NA;BRODIMOPRIM
J01EA03;iclaprim;NA;NA;NA;NA;ICLAPRIM
J01EB;Short-acting sulfonamides;NA;NA;NA;NA;SULFONAMIDAS DE ACCIÓN CORTA
J01EB01;sulfaisodimidine;4;g;O;NA;SULFAISODIMIDINA
J01EB01;sulfaisodimidine;4;g;P;NA;SULFAISODIMIDINA
J01EB02;sulfamethizole;4;g;O;NA;SULFAMETHIZOL
J01EB03;sulfadimidine;4;g;O;NA;SULFADIMIDINA
J01EB04;sulfapyridine;1;g;O;NA;SULFAPIRIDINA
J01EB05;sulfafurazole;4;g;O;NA;SULFAFURAZOL
J01EB05;sulfafurazole;4;g;P;NA;SULFAFURAZOL
J01EB06;sulfanilamide;NA;NA;NA;NA;SULFANILAMIDA
J01EB07;sulfathiazole;NA;NA;NA;NA;SULFATIAZOL
J01EB08;sulfathiourea;6;g;O;NA;SULFATIOURA
J01EB20;combinations;NA;NA;NA;NA;COMBINACIONES
J01EC;Intermediate-acting sulfonamides;NA;NA;NA;NA;SULFONAMIDAS DE ACCIÓN INTERMEDIA
J01EC01;sulfamethoxazole;2;g;O;NA;SULFAMETOXAZOL
J01EC02;sulfadiazine;0.6;g;O;NA;SULFADIAZINA
J01EC03;sulfamoxole;1;g;O;NA;SULFAMOXOL
J01EC03;sulfamoxole;1;g;P;NA;SULFAMOXOL
J01EC20;combinations;NA;NA;NA;NA;COMBINACIONES
J01ED;Long-acting sulfonamides;NA;NA;NA;NA;SULFONAMIDAS DE ACCIÓN PROLONGADA
J01ED01;sulfadimethoxine;0.5;g;O;NA;SULFADIMETOXINA
J01ED02;sulfalene;0.1;g;O;NA;SULFALENO
J01ED03;sulfametomidine;NA;NA;NA;NA;SULFAMETOMIDINA
J01ED04;sulfametoxydiazine;0.5;g;O;NA;SULFAMETOXIDIAZINA
J01ED05;sulfamethoxypyridazine;0.5;g;O;NA;SULFAMETOXICIDIAZINA
J01ED06;sulfaperin;0.5;g;O;NA;SULFAPERINA
J01ED07;sulfamerazine;3;g;O;NA;SULFAMERAZINA
J01ED08;sulfaphenazole;1;g;O;NA;SULFAFENAZOL
J01ED09;sulfamazone;1.5;g;O;NA;SULFAMAZONA
J01ED09;sulfamazone;1.5;g;R;NA;SULFAMAZONA
J01ED20;combinations;NA;NA;NA;NA;COMBINACIONES
J01EE;Combinations of sulfonamides and trimethoprim, incl. derivatives;NA;NA;NA;NA;COMBINACIONES DE SULFONAMIDAS Y TRIMETOPRIM, INCL. SUS DERIVADOS
J01EE01;sulfamethoxazole and trimethoprim;NA;NA;NA;NA;SULFAMETOXAZOL Y TRIMETOPRIMA
J01EE02;sulfadiazine and trimethoprim;NA;NA;NA;NA;SULFADIAZINA Y TRIMETOPRIMA
J01EE03;sulfametrole and trimethoprim;NA;NA;NA;NA;SULFAMETROL Y TRIMETOPRIMA
J01EE04;sulfamoxole and trimethoprim;NA;NA;NA;NA;SULFAMOXOL Y TRIMETOPRIMA
J01EE05;sulfadimidine and trimethoprim;NA;NA;NA;NA;SULFADIMIDINA Y TRIMETOPRIMA
J01EE06;sulfadiazine and tetroxoprim;NA;NA;NA;NA;SULFADIAZINA Y TETROXOPRIM
J01EE07;sulfamerazine and trimethoprim;NA;NA;NA;NA;SULFAMERAZINA Y TRIMETOPRIMA
J01F;MACROLIDES, LINCOSAMIDES AND STREPTOGRAMINS;NA;NA;NA;NA;MACRÓLIDOS, LINCOSAMIDAS Y ESTREPTOGRAMINAS
J01FA;Macrolides;NA;NA;NA;NA;MACRÓLIDOS
J01FA01;erythromycin;1;g;O;NA;ERITROMICINA
J01FA01;erythromycin;2;g;O;erythromycin ethylsuccinate tablets;ERITROMICINA
J01FA01;erythromycin;1;g;P;NA;ERITROMICINA
J01FA02;spiramycin;3;g;O;NA;ESPIRAMICINA
J01FA03;midecamycin;1.2;g;O;NA;MIDECAMYCIN
J01FA03;midecamycin;1;g;P;NA;MIDECAMYCIN
J01FA05;oleandomycin;1;g;O;NA;OLEANDOMICINA
J01FA06;roxithromycin;0.3;g;O;NA;ROXITROMICINA
J01FA07;josamycin;2;g;O;NA;JOSAMICINA
J01FA08;troleandomycin;1;g;O;NA;TROLEANDOMICINA
J01FA09;clarithromycin;0.5;g;O;NA;CLARITROMICINA
J01FA09;clarithromycin;1;g;P;NA;CLARITROMICINA
J01FA10;azithromycin;0.3;g;O;NA;AZITROMICINA
J01FA10;azithromycin;0.5;g;P;NA;AZITROMICINA
J01FA11;miocamycin;1.2;g;O;NA;MIOCAMYCIN
J01FA12;rokitamycin;0.8;g;O;NA;ROKITAMICINA
J01FA13;dirithromycin;0.5;g;O;NA;DIRITROMICINA
J01FA14;flurithromycin;0.75;g;O;NA;FLURITROMICINA
J01FA15;telithromycin;0.8;g;O;NA;TELITROMICINA
J01FA16;solithromycin;NA;NA;NA;NA;SOLITROMICINA
J01FF;Lincosamides;NA;NA;NA;NA;LINCOSAMIDAS
J01FF01;clindamycin;1.2;g;O;NA;CLINDAMICINA
J01FF01;clindamycin;1.8;g;P;NA;CLINDAMICINA
J01FF02;lincomycin;1.8;g;O;NA;LINCOMICINA
J01FF02;lincomycin;1.8;g;P;NA;LINCOMICINA
J01FG;Streptogramins;NA;NA;NA;NA;ESTREPTOGRAMINAS
J01FG01;pristinamycin;2;g;O;NA;PRISTINAMICINA
J01FG02;quinupristin/dalfopristin;1.5;g;P;NA;QUINUPRISTINA/DALFOPRISTINA
J01G;AMINOGLYCOSIDE ANTIBACTERIALS;NA;NA;NA;NA;ANTIBACTERIANOS AMINOGLUCÓSIDOS
J01GA;Streptomycins;NA;NA;NA;NA;ESTREPTOMICINAS
J01GA01;streptomycin;1;g;P;NA;ESTREPTOMICINA
J01GA02;streptoduocin;1;g;P;NA;ESTREPTODUOCINA
J01GB;Other aminoglycosides;NA;NA;NA;NA;OTROS AMINOGLUCÓSIDOS
J01GB01;tobramycin;0.112;g;Inhal.powder;NA;TOBRAMICINA
J01GB01;tobramycin;0.3;g;Inhal.solution;NA;TOBRAMICINA
J01GB01;tobramycin;0.24;g;P;NA;TOBRAMICINA
J01GB03;gentamicin;0.24;g;P;NA;GENTAMICINA
J01GB04;kanamycin;1;g;P;NA;KANAMICINA
J01GB05;neomycin;1;g;P;NA;NEOMICINA
J01GB06;amikacin;0.59;g;Inhal.solution;NA;AMIKACINA
J01GB06;amikacin;1;g;P;NA;AMIKACINA
J01GB07;netilmicin;0.35;g;O;NA;NETILMICINA
J01GB07;netilmicin;0.35;g;P;NA;NETILMICINA
J01GB08;sisomicin;0.24;g;P;NA;SISOMICINA
J01GB09;dibekacin;0.14;g;P;NA;DIBEKACINA
J01GB10;ribostamycin;1;g;P;NA;RIBOSTAMMICINA
J01GB11;isepamicin;0.4;g;P;NA;ISEPAMICINA
J01GB12;arbekacin;0.2;g;P;NA;ARBEKACIN
J01GB13;bekanamycin;0.6;g;P;NA;BEKANAMICINA
J01GB14;plazomicin;NA;NA;NA;NA;PLAZOMICINA
J01M;QUINOLONE ANTIBACTERIALS;NA;NA;NA;NA;ANTIBACTERIANOS DE QUINOLONAS
J01MA;Fluoroquinolones;NA;NA;NA;NA;FLUOROQUINOLONAS
J01MA01;ofloxacin;0.4;g;O;NA;OFLOXACINA
J01MA01;ofloxacin;0.4;g;P;NA;OFLOXACINA
J01MA02;ciprofloxacin;1;g;O;NA;CIPROFLOXACINO
J01MA02;ciprofloxacin;0.8;g;P;NA;CIPROFLOXACINO
J01MA03;pefloxacin;0.8;g;O;NA;PEFLOXACINA
J01MA03;pefloxacin;0.8;g;P;NA;PEFLOXACINA
J01MA04;enoxacin;0.8;g;O;NA;ENOXACINA
J01MA05;temafloxacin;0.8;g;O;NA;TEMAFLOXACINA
J01MA06;norfloxacin;0.8;g;O;NA;NORFLOXACINA
J01MA07;lomefloxacin;0.4;g;O;NA;LOMEFLOXACINO
J01MA08;fleroxacin;0.4;g;O;NA;FLEROXACINA
J01MA08;fleroxacin;0.4;g;P;NA;FLEROXACINA
J01MA09;sparfloxacin;0.2;g;O;NA;ESPARFLOXACINA
J01MA10;rufloxacin;0.2;g;O;NA;RUFLOXACINA
J01MA11;grepafloxacin;0.4;g;O;NA;GREPAFLOXACINA
J01MA12;levofloxacin;0.24;g;Inhal.solution;NA;LEVOFLOXACINO
J01MA12;levofloxacin;0.5;g;O;NA;LEVOFLOXACINO
J01MA12;levofloxacin;0.5;g;P;NA;LEVOFLOXACINO
J01MA13;trovafloxacin;0.2;g;O;NA;TROVAFLOXACINA
J01MA13;trovafloxacin;0.2;g;P;NA;TROVAFLOXACINA
J01MA14;moxifloxacin;0.4;g;O;NA;MOXIFLOXACINA
J01MA14;moxifloxacin;0.4;g;P;NA;MOXIFLOXACINA
J01MA15;gemifloxacin;0.32;g;O;NA;GEMIFLOXACINA
J01MA15;gemifloxacin;0.2;g;P;NA;GEMIFLOXACINA
J01MA16;gatifloxacin;0.4;g;O;NA;GATIFLOXACINA
J01MA16;gatifloxacin;0.4;g;P;NA;GATIFLOXACINA
J01MA17;prulifloxacin;0.6;g;O;NA;PRULIFLOXACINO
J01MA18;pazufloxacin;1;g;P;NA;PAZUFLOXACINA
J01MA19;garenoxacin;0.4;g;O;NA;GARENOXACINA
J01MA21;sitafloxacin;0.1;g;O;NA;SITAFLOXACINA
J01MA22;tosufloxacin;0.45;g;O;NA;TOSUFLOXACINA
J01MA23;delafloxacin;0.9;g;O;NA;DELAFLOXACINA
J01MA23;delafloxacin;0.6;g;P;NA;DELAFLOXACINA
J01MA24;levonadifloxacin;NA;NA;NA;NA;LEVONADIFLOXACINA
J01MA25;lascufloxacin;75;mg;O;NA;LASCUFLOXACINA
J01MB;Other quinolones;NA;NA;NA;NA;OTRAS QUINOLONAS
J01MB01;rosoxacin;0.3;g;O;NA;ROSOXACINA
J01MB02;nalidixic acid;4;g;O;NA;ÁCIDO NALIDÍXICO
J01MB03;piromidic acid;2;g;O;NA;ÁCIDO PIROMÍDICO
J01MB04;pipemidic acid;0.8;g;O;NA;ÁCIDO PIPEMÍDICO
J01MB05;oxolinic acid;1;g;O;NA;ÁCIDO OXOLÍNICO
J01MB06;cinoxacin;1;g;O;NA;CINOXACINA
J01MB07;flumequine;1.2;g;O;NA;FLUMEQUINA
J01MB08;nemonoxacin;NA;NA;NA;NA;NEMONOXACINA
J01R;COMBINATIONS OF ANTIBACTERIALS;NA;NA;NA;NA;COMBINACIONES DE ANTIBACTERIANOS
J01RA;Combinations of antibacterials;NA;NA;NA;NA;COMBINACIONES DE ANTIBACTERIANOS
J01RA01;penicillins, combinations with other antibacterials;NA;NA;NA;NA;PENICILINAS, COMBINACIONES CON OTROS ANTIBACTERIANOS
J01RA02;sulfonamides, combinations with other antibacterials (excl. trimethoprim);NA;NA;NA;NA;SULFAMIDAS, COMBINACIONES CON OTROS ANTIBACTERIANOS (EXC. TRIMETOPRIM)
J01RA03;cefuroxime and metronidazole;NA;NA;NA;NA;CEFUROXIMA Y METRONIDAZOL
J01RA04;spiramycin and metronidazole;NA;NA;NA;NA;ESPIRAMICINA Y METRONIDAZOL
J01RA05;levofloxacin and ornidazole;NA;NA;NA;NA;LEVOFLOXACINO Y ORNIDAZOL
J01RA06;cefepime and amikacin;NA;NA;NA;NA;CEFEPIMA Y AMIKACINA
J01RA07;azithromycin, fluconazole and secnidazole;NA;NA;NA;NA;AZITROMICINA, FLUCONAZOL Y SECNIDAZOL
J01RA08;tetracycline and oleandomycin;NA;NA;NA;NA;TETRACICLINA Y OLEANDOMICINA
J01RA09;ofloxacin and ornidazole;NA;NA;NA;NA;OFLOXACINO Y ORNIDAZOL
J01RA10;ciprofloxacin and metronidazole;NA;NA;NA;NA;CIPROFLOXACINO Y METRONIDAZOL
J01RA11;ciprofloxacin and tinidazole;NA;NA;NA;NA;CIPROFLOXACINO Y TINIDAZOL
J01RA12;ciprofloxacin and ornidazole;NA;NA;NA;NA;CIPROFLOXACINO Y ORNIDAZOL
J01RA13;norfloxacin and tinidazole;NA;NA;NA;NA;NORFLOXACINO Y TINIDAZOL
J01RA14;norfloxacin and metronidazole;NA;NA;NA;NA;NORFLOXACINO Y METRONIDAZOL
J01RA15;cefixime and ornidazole;NA;NA;NA;NA;CEFIXIMA Y ORTIDAZOL
J01RA16;cefixime and azithromycin;NA;NA;NA;NA;CEFIXIMA Y AZITROMICINA
J01X;OTHER ANTIBACTERIALS;NA;NA;NA;NA;OTROS ANTIBACTERIANOS
J01XA;Glycopeptide antibacterials;NA;NA;NA;NA;GLICOPÉPTIDOS ANTIBACTERIANOS
J01XA01;vancomycin;2;g;P;NA;VANCOMICINA
J01XA02;teicoplanin;0.4;g;P;NA;TEICOPLANIN
J01XA03;telavancin;NA;NA;NA;NA;TELAVANCINA
J01XA04;dalbavancin;1.5;g;P;course dose;DALBAVANCINA
J01XA05;oritavancin;NA;NA;NA;NA;ORITAVANCINA
J01XB;Polymyxins;NA;NA;NA;NA;POLIMIXINAS
J01XB01;colistin;3;MU;Inhal.powder;NA;COLISTINA
J01XB01;colistin;3;MU;Inhal.solution;NA;COLISTINA
J01XB01;colistin;9;MU;P;NA;COLISTINA
J01XB02;polymyxin B;0.15;g;P;NA;POLIMIXINA B
J01XC;Steroid antibacterials;NA;NA;NA;NA;ANTIBACTERIANOS ESTEROIDES
J01XC01;fusidic acid;1.5;g;O;NA;ÁCIDO FUSÍDICO
J01XC01;fusidic acid;1.5;g;P;NA;ÁCIDO FUSÍDICO
J01XD;Imidazole derivatives;NA;NA;NA;NA;DERIVADOS DEL IMIDAZOL
J01XD01;metronidazole;1.5;g;P;NA;METRONIDAZOL
J01XD02;tinidazole;1.5;g;P;NA;TINIDAZOL
J01XD03;ornidazole;1;g;P;NA;ORNIDAZOL
J01XE;Nitrofuran derivatives;NA;NA;NA;NA;DERIVADOS DEL NITROFURANO
J01XE01;nitrofurantoin;0.2;g;O;NA;NITROFURANTOÍNA
J01XE02;nifurtoinol;0.16;g;O;NA;NIFURTOINOL
J01XE03;furazidin;0.3;g;O;NA;FURAZIDINA
J01XE51;nitrofurantoin, combinations;NA;NA;NA;NA;NITROFURANTOÍNA, COMBINACIONES
J01XX;Other antibacterials;NA;NA;NA;NA;OTROS ANTIBACTERIANOS
J01XX01;fosfomycin;3;g;O;NA;FOSFOMICINA
J01XX01;fosfomycin;8;g;P;NA;FOSFOMICINA
J01XX02;xibornol;NA;NA;NA;NA;XIBORNOL
J01XX03;clofoctol;1.5;g;R;NA;CLOFOCTOL
J01XX04;spectinomycin;3;g;P;NA;ESPECTINOMICINA
J01XX05;methenamine;2;g;O;hippurate;METENAMINA
J01XX05;methenamine;3;g;O;mandelate;METENAMINA
J01XX06;mandelic acid;12;g;O;NA;ÁCIDO MANDÉLICO
J01XX07;nitroxoline;1;g;O;NA;NITROXOLINA
J01XX08;linezolid;1.2;g;O;NA;LINEZOLID
J01XX08;linezolid;1.2;g;P;NA;LINEZOLID
J01XX09;daptomycin;0.28;g;P;NA;DAPTOMICINA
J01XX10;bacitracin;NA;NA;NA;NA;BACITRACINA
J01XX11;tedizolid;0.2;g;O;NA;TEDIZOLID
J01XX11;tedizolid;0.2;g;P;NA;TEDIZOLID
J01XX12;lefamulin;NA;NA;NA;NA;LEFAMULINA
J02;ANTIMYCOTICS FOR SYSTEMIC USE;NA;NA;NA;NA;ANTIMICÓTICOS DE USO SISTÉMICO
J02A;ANTIMYCOTICS FOR SYSTEMIC USE;NA;NA;NA;NA;ANTIMICÓTICOS DE USO SISTÉMICO
J02AA;Antibiotics;NA;NA;NA;NA;ANTIBIÓTICOS
J02AA01;amphotericin B;35;mg;P;NA;ANFOTERICINA B
J02AA01;amphotericin B;210;mg;P;lipid formulations;ANFOTERICINA B
J02AA02;hachimycin;NA;NA;NA;NA;HACHIMYCIN
J02AB;Imidazole derivatives;NA;NA;NA;NA;DERIVADOS DEL IMIDAZOL
J02AB01;miconazole;1;g;P;NA;MICONAZOL
J02AB02;ketoconazole;0.2;g;O;NA;KETOCONAZOL
J02AC;Triazole and tetrazole derivatives;NA;NA;NA;NA;DERIVADOS DEL TRIAZOL Y EL TETRAZOL
J02AC01;fluconazole;0.2;g;O;NA;FLUCONAZOL
J02AC01;fluconazole;0.2;g;P;NA;FLUCONAZOL
J02AC02;itraconazole;0.2;g;O;NA;ITRACONAZOL
J02AC02;itraconazole;0.2;g;P;NA;ITRACONAZOL
J02AC03;voriconazole;0.4;g;O;NA;VORICONAZOL
J02AC03;voriconazole;0.4;g;P;NA;VORICONAZOL
J02AC04;posaconazole;0.3;g;O;NA;POSACONAZOL
J02AC04;posaconazole;0.3;g;P;NA;POSACONAZOL
J02AC05;isavuconazole;0.2;g;O;NA;ISAVUCONAZOL
J02AC05;isavuconazole;0.2;g;P;NA;ISAVUCONAZOL
J02AC06;oteseconazole;21;mg;O;NA;OTESECONAZOL
J02AX;Other antimycotics for systemic use;NA;NA;NA;NA;OTROS ANTIMICÓTICOS DE USO SISTÉMICO
J02AX01;flucytosine;10;g;O;NA;FLUCITOSINA
J02AX01;flucytosine;10;g;P;NA;FLUCITOSINA
J02AX04;caspofungin;50;mg;P;NA;CASPOFUNGINA
J02AX05;micafungin;0.1;g;P;NA;MICAFUNGIN
J02AX06;anidulafungin;0.1;g;P;NA;ANIDULAFUNGIN
J02AX07;ibrexafungerp;NA;NA;NA;NA;IBREXAFUNGERP
J02AX08;rezafungin acetate;NA;NA;NA;NA;ACETATO DE REZAFUNGINA
J04;ANTIMYCOBACTERIALS;NA;NA;NA;NA;ANTIMICOBACTERIANOS
J04A;DRUGS FOR TREATMENT OF TUBERCULOSIS;NA;NA;NA;NA;MEDICAMENTOS PARA EL TRATAMIENTO DE LA TUBERCULOSIS
J04AA;Aminosalicylic acid and derivatives;NA;NA;NA;NA;ÁCIDO AMINOSALICÍLICO Y DERIVADOS
J04AA01;4-aminosalicylic acid;12;g;O;NA;ÁCIDO 4-AMINOSALICÍLICO
J04AA02;sodium aminosalicylate;14;g;O;NA;AMINOSALICILATO DE SODIO
J04AA02;sodium aminosalicylate;14;g;P;NA;AMINOSALICILATO DE SODIO
J04AA03;calcium aminosalicylate;15;g;O;NA;AMINOSALICILATO DE CALCIO
J04AB;Antibiotics;NA;NA;NA;NA;ANTIBIÓTICOS
J04AB01;cycloserine;0.75;g;O;NA;CICLOSERINA
J04AB02;rifampicin;0.6;g;O;NA;RIFAMPICINA
J04AB02;rifampicin;0.6;g;P;NA;RIFAMPICINA
J04AB03;rifamycin;0.6;g;P;NA;RIFAMICINA
J04AB04;rifabutin;0.15;g;O;NA;RIFABUTINA
J04AB05;rifapentine;0.11;g;O;NA;RIFAPENTINA
J04AB06;enviomycin;1;g;P;NA;ENVIOMICINA
J04AB30;capreomycin;1;g;P;NA;CAPREOMICINA
J04AC;Hydrazides;NA;NA;NA;NA;HIDRAZIDAS
J04AC01;isoniazid;0.3;g;O;NA;ISONIACIDA
J04AC01;isoniazid;0.3;g;P;NA;ISONIACIDA
J04AC51;isoniazid, combinations;NA;NA;NA;NA;ISONIAZIDA, COMBINACIONES
J04AD;Thiocarbamide derivatives;NA;NA;NA;NA;DERIVADOS DE LA TIOCARBAMIDA
J04AD01;protionamide;0.75;g;O;NA;PROTIONAMIDA
J04AD02;tiocarlide;7;g;O;NA;TIOCARLIDE
J04AD03;ethionamide;0.75;g;O;NA;ETIONAMIDA
J04AK;Other drugs for treatment of tuberculosis;NA;NA;NA;NA;OTROS MEDICAMENTOS PARA EL TRATAMIENTO DE LA TUBERCULOSIS
J04AK01;pyrazinamide;1.5;g;O;NA;PIRAZINAMIDA
J04AK02;ethambutol;1.2;g;O;NA;ETAMBUTOL
J04AK02;ethambutol;1.2;g;P;NA;ETAMBUTOL
J04AK03;terizidone;NA;NA;NA;NA;TERIZIDONA
J04AK04;morinamide;NA;NA;NA;NA;MORINAMIDA
J04AK05;bedaquiline;86;mg;O;NA;BEDAQUILINA
J04AK06;delamanid;0.2;g;O;NA;DELAMÁNIDA
J04AK07;thioacetazone;NA;NA;NA;NA;TIOACETAZONA
J04AK08;pretomanid;0.2;g;O;NA;PRETOMANIDA
J04AM;Combinations of drugs for treatment of tuberculosis;NA;NA;NA;NA;COMBINACIONES DE FÁRMACOS PARA EL TRATAMIENTO DE LA TUBERCULOSIS
J04AM01;streptomycin and isoniazid;NA;NA;NA;NA;ESTREPTOMICINA E ISONIAZIDA
J04AM02;rifampicin and isoniazid;NA;NA;NA;NA;RIFAMPICINA E ISONIAZIDA
J04AM03;ethambutol and isoniazid;NA;NA;NA;NA;ETAMBUTOL E ISONIAZIDA
J04AM04;thioacetazone and isoniazid;NA;NA;NA;NA;TIOACETAZONA E ISONIAZIDA
J04AM05;rifampicin, pyrazinamide and isoniazid;NA;NA;NA;NA;RIFAMPICINA, PIRAZINAMIDA E ISONIAZIDA
J04AM06;rifampicin, pyrazinamide, ethambutol and isoniazid;NA;NA;NA;NA;RIFAMPICINA, PIRAZINAMIDA, ETAMBUTOL E ISONIAZIDA
J04AM07;rifampicin, ethambutol and isoniazid;NA;NA;NA;NA;RIFAMPICINA, ETAMBUTOL E ISONIAZIDA
J04AM08;isoniazid, sulfamethoxazole, trimethoprim and pyridoxine;NA;NA;NA;NA;ISONIAZIDA, SULFAMETOXAZOL, TRIMETOPRIMA Y PIRIDOXINA
J04B;DRUGS FOR TREATMENT OF LEPRA;NA;NA;NA;NA;FÁRMACOS PARA EL TRATAMIENTO DE LA LEPRA
J04BA;Drugs for treatment of lepra;NA;NA;NA;NA;FÁRMACOS PARA EL TRATAMIENTO DE LA LEPRA
J04BA01;clofazimine;0.1;g;O;NA;CLOFAZIMINA
J04BA02;dapsone;50;mg;O;NA;DAPSONA
J04BA03;aldesulfone sodium;0.33;g;O;NA;ALDESULFONA SÓDICA
J04BA50;dapsone and rifampicin;NA;NA;NA;NA;DAPSONA Y RIFAMPICINA
J04BA51;dapsone, rifampicin and clofazimine;NA;NA;NA;NA;DAPSONA, RIFAMPICINA Y CLOFAZIMINA
J05;ANTIVIRALS FOR SYSTEMIC USE;NA;NA;NA;NA;ANTIVIRALES DE USO SISTÉMICO
J05A;DIRECT ACTING ANTIVIRALS;NA;NA;NA;NA;ANTIVIRALES DE ACCIÓN DIRECTA
J05AA;Thiosemicarbazones;NA;NA;NA;NA;TIOSEMICARBAZONAS
J05AA01;metisazone;NA;NA;NA;NA;METISAZONA
J05AB;Nucleosides and nucleotides excl. reverse transcriptase inhibitors;NA;NA;NA;NA;NUCLEÓSIDOS Y NUCLEÓTIDOS, EXC. INHIBIDORES DE LA TRANSCRIPTASA INVERSA
J05AB01;aciclovir;4;g;O;NA;ACICLOVIR
J05AB01;aciclovir;4;g;P;NA;ACICLOVIR
J05AB02;idoxuridine;NA;NA;NA;NA;IDOXURIDINA
J05AB03;vidarabine;0.7;g;P;NA;VIDARABINA
J05AB06;ganciclovir;3;g;O;NA;GANCICLOVIR
J05AB06;ganciclovir;0.5;g;P;NA;GANCICLOVIR
J05AB09;famciclovir;0.75;g;O;NA;FAMCICLOVIR
J05AB11;valaciclovir;3;g;O;NA;VALACICLOVIR
J05AB12;cidofovir;25;mg;P;NA;CIDOFOVIR
J05AB13;penciclovir;NA;NA;NA;NA;PENCICLOVIR
J05AB14;valganciclovir;0.9;g;O;NA;VALGANCICLOVIR
J05AB15;brivudine;0.125;g;O;NA;BRIVUDINA
J05AB16;remdesivir;0.1;g;P;NA;REMDESIVIR
J05AB17;brincidofovir;NA;NA;NA;NA;BRINCIDOFOVIR
J05AB18;molnupiravir;1.6;g;O;NA;MOLNUPIRAVIR
J05AC;Cyclic amines;NA;NA;NA;NA;AMINAS CÍCLICAS
J05AC02;rimantadine;0.2;g;O;NA;RIMANTADINA
J05AC03;tromantadine;NA;NA;NA;NA;TROMANTADINA
J05AD;Phosphonic acid derivatives;NA;NA;NA;NA;DERIVADOS DEL ÁCIDO FOSFÓNICO
J05AD01;foscarnet;6.5;g;P;NA;FOSCARNET
J05AD02;fosfonet;NA;NA;NA;NA;FOSFONET
J05AE;Protease inhibitors;NA;NA;NA;NA;INHIBIDORES DE LA PROTEASA
J05AE01;saquinavir;1.8;g;O;NA;SAQUINAVIR
J05AE02;indinavir;2.4;g;O;NA;INDINAVIR
J05AE03;ritonavir;1.2;g;O;NA;RITONAVIR
J05AE04;nelfinavir;2.25;g;O;NA;NELFINAVIR
J05AE05;amprenavir;1.2;g;O;NA;AMPRENAVIR
J05AE07;fosamprenavir;1.4;g;O;NA;FOSAMPRENAVIR
J05AE08;atazanavir;0.3;g;O;NA;ATAZANAVIR
J05AE09;tipranavir;1;g;O;NA;TIPRANAVIR
J05AE10;darunavir;1.2;g;O;NA;DARUNAVIR
J05AE16;ensitrelvir;0.175;g;O;NA;ENSITRELVIR
J05AE30;nirmatrelvir and ritonavir;0.6;g;O;refers to nirmatrelvir;NIRMATRELVIR Y RITONAVIR
J05AF;Nucleoside and nucleotide reverse transcriptase inhibitors;NA;NA;NA;NA;INHIBIDORES DE LA TRANSCRIPTASA INVERSA DE NUCLEÓSIDOS Y NUCLEÓTIDOS
J05AF01;zidovudine;0.6;g;O;NA;ZIDOVUDINA
J05AF01;zidovudine;0.6;g;P;NA;ZIDOVUDINA
J05AF02;didanosine;0.4;g;O;NA;DIDANOSINA
J05AF03;zalcitabine;2.25;mg;O;NA;ZALCITABINA
J05AF04;stavudine;80;mg;O;NA;ESTAVUDINA
J05AF05;lamivudine;0.3;g;O;NA;LAMIVUDINA
J05AF06;abacavir;0.6;g;O;NA;ABACAVIR
J05AF07;tenofovir disoproxil;0.245;g;O;NA;TENOFOVIR DISOPROXIL
J05AF08;adefovir dipivoxil;10;mg;O;NA;ADEFOVIR DIPIVOXIL
J05AF09;emtricitabine;0.2;g;O;NA;EMTRICITABINA
J05AF10;entecavir;0.5;mg;O;NA;ENTECAVIR
J05AF11;telbivudine;0.6;g;O;NA;TELBIVUDINA
J05AF12;clevudine;30;mg;O;NA;CLEVUDINA
J05AF13;tenofovir alafenamide;25;mg;O;NA;TENOFOVIR ALAFENAMIDA
J05AG;Non-nucleoside reverse transcriptase inhibitors;NA;NA;NA;NA;INHIBIDORES DE LA TRANSCRIPTASA INVERSA NO ANÁLOGOS DE NUCLEÓSIDOS
J05AG01;nevirapine;0.4;g;O;NA;NEVIRAPINA
J05AG02;delavirdine;1.2;g;O;NA;DELAVIRDINA
J05AG03;efavirenz;0.6;g;O;NA;EFAVIRENZ
J05AG04;etravirine;0.4;g;O;NA;ETRAVIRINA
J05AG05;rilpivirine;25;mg;O;NA;RILPIVIRINA
J05AG05;rilpivirine;15;mg;P;NA;RILPIVIRINA
J05AG06;doravirine;0.1;g;O;NA;DORAVIRINA
J05AH;Neuraminidase inhibitors;NA;NA;NA;NA;INHIBIDORES DE LA NEURAMINIDASA
J05AH01;zanamivir;20;mg;Inhal.powder;NA;ZANAMIVIR
J05AH01;zanamivir;1.2;g;P;NA;ZANAMIVIR
J05AH02;oseltamivir;0.15;g;O;NA;OSELTAMIVIR
J05AH03;peramivir;0.6;g;P;NA;PERAMIVIR
J05AH04;laninamivir;40;mg;Inhal.powder;NA;LANINAMIVIR
J05AH04;laninamivir;0.16;g;Inhal.solution;NA;LANINAMIVIR
J05AJ;Integrase inhibitors;NA;NA;NA;NA;INHIBIDORES DE LA INTEGRASA
J05AJ01;raltegravir;0.8;g;O;NA;RALTEGRAVIR
J05AJ02;elvitegravir;NA;NA;NA;NA;ELVITEGRAVIR
J05AJ03;dolutegravir;50;mg;O;NA;DOLUTEGRAVIR
J05AJ04;cabotegravir;30;mg;O;NA;CABOTEGRAVIR
J05AJ04;cabotegravir;10;mg;P;NA;CABOTEGRAVIR
J05AP;Antivirals for treatment of HCV infections;NA;NA;NA;NA;ANTIVIRALES PARA EL TRATAMIENTO DE LAS INFECCIONES POR EL VHC
J05AP01;ribavirin;6;g;Inhal.solution;NA;RIBAVIRINA
J05AP01;ribavirin;1;g;O;NA;RIBAVIRINA
J05AP02;telaprevir;2.25;g;O;NA;TELAPREVIR
J05AP03;boceprevir;2.4;g;O;NA;BOCEPREVIR
J05AP04;faldaprevir;NA;NA;NA;NA;FALDAPREVIR
J05AP05;simeprevir;0.15;g;O;NA;SIMEPREVIR
J05AP06;asunaprevir;0.2;g;O;NA;ASUNAPREVIR
J05AP07;daclatasvir;60;mg;O;NA;DACLATASVIR
J05AP08;sofosbuvir;0.4;g;O;NA;SOFOSBUVIR
J05AP09;dasabuvir;0.5;g;O;NA;DASABUVIR
J05AP10;elbasvir;50;mg;O;NA;ELBASVIR
J05AP11;grazoprevir;0.1;g;O;NA;GRAZOPREVIR
J05AP12;coblopasvir;NA;NA;NA;NA;COBLOPASVIR
J05AP13;ravidasvir;0.2;g;O;NA;RAVIDASVIR
J05AP51;sofosbuvir and ledipasvir;NA;NA;NA;NA;SOFOSBUVIR Y LEDIPASVIR
J05AP52;dasabuvir, ombitasvir, paritaprevir and ritonavir;NA;NA;NA;NA;DASABUVIR, OMBITASVIR, PARITAPREVIR Y RITONAVIR
J05AP53;ombitasvir, paritaprevir and ritonavir;NA;NA;NA;NA;OMBITASVIR, PARITAPREVIR Y RITONAVIR
J05AP54;elbasvir and grazoprevir;NA;NA;NA;NA;ELBASVIR Y GRAZOPREVIR
J05AP55;sofosbuvir and velpatasvir;NA;NA;NA;NA;SOFOSBUVIR Y VELPATASVIR
J05AP56;sofosbuvir, velpatasvir and voxilaprevir;NA;NA;NA;NA;SOFOSBUVIR, VELPATASVIR Y VOXILAPREVIR
J05AP57;glecaprevir and pibrentasvir;NA;NA;NA;NA;GLECAPREVIR Y PIBRENTASVIR
J05AP58;daclatasvir, asunaprevir and beclabuvir;NA;NA;NA;NA;DACLATASVIR, ASUNAPREVIR Y BECLABUVIR
J05AR;Antivirals for treatment of HIV infections, combinations;NA;NA;NA;NA;ANTIVIRALES PARA EL TRATAMIENTO DE LAS INFECCIONES POR VIH, COMBINACIONES
J05AR01;zidovudine and lamivudine;NA;NA;NA;NA;ZIDOVUDINA Y LAMIVUDINA
J05AR02;lamivudine and abacavir;NA;NA;NA;NA;LAMIVUDINA Y ABACAVIR
J05AR03;tenofovir disoproxil and emtricitabine;NA;NA;NA;NA;TENOFOVIR DISOPROXIL Y EMTRICITABINA
J05AR04;zidovudine, lamivudine and abacavir;NA;NA;NA;NA;ZIDOVUDINA, LAMIVUDINA Y ABACAVIR
J05AR05;zidovudine, lamivudine and nevirapine;NA;NA;NA;NA;ZIDOVUDINA, LAMIVUDINA Y NEVIRAPINA
J05AR06;emtricitabine, tenofovir disoproxil and efavirenz;NA;NA;NA;NA;EMTRICITABINA, TENOFOVIR DISOPROXIL Y EFAVIRENZ
J05AR07;stavudine, lamivudine and nevirapine;NA;NA;NA;NA;STUVUDINA, LAMIVUDINA Y NEVIRAPINA
J05AR08;emtricitabine, tenofovir disoproxil and rilpivirine;NA;NA;NA;NA;EMTRICITABINA, TENOFOVIR DISOPROXIL Y RILPIVIRINA
J05AR09;emtricitabine, tenofovir disoproxil, elvitegravir and cobicistat;NA;NA;NA;NA;EMTRICITABINA, TENOFOVIR, DISOPROXIL, ELVITEGRAVIR Y COBICISTAT
J05AR10;lopinavir and ritonavir;0.8;g;O;Refers to lopinavir;LOPINAVIR Y RITONAVIR
J05AR11;lamivudine, tenofovir disoproxil and efavirenz;NA;NA;NA;NA;LAMIVUDINA, TENOFOVIR, DISOPROXIL Y EFAVIRENZ
J05AR12;lamivudine and tenofovir disoproxil;NA;NA;NA;NA;LAMIVUDINA Y TENOFOVIR DISOPROXIL
J05AR13;lamivudine, abacavir and dolutegravir;NA;NA;NA;NA;LAMIVUDINA, ABACAVIR Y DOLUTEGRAVIR
J05AR14;darunavir and cobicistat;NA;NA;NA;NA;DARUNAVIR Y COBICISTAT
J05AR15;atazanavir and cobicistat;NA;NA;NA;NA;ATAZANAVIR Y COBICISTAT
J05AR16;lamivudine and raltegravir;NA;NA;NA;NA;LAMIVUDINA Y RALTEGRAVIR
J05AR17;emtricitabine and tenofovir alafenamide;NA;NA;NA;NA;EMTRICITABINA Y TENOFOVIR ALAFENAMIDA
J05AR18;emtricitabine, tenofovir alafenamide, elvitegravir and cobicistat;NA;NA;NA;NA;EMTRICITABINA, TENOFOVIR, ALAFENAMIDA, ELVITEGRAVIR Y COBICISTAT
J05AR19;emtricitabine, tenofovir alafenamide and rilpivirine;NA;NA;NA;NA;EMTRICITABINA, TENOFOVIR ALAFENAMIDA Y RILPIVIRINA
J05AR20;emtricitabine, tenofovir alafenamide and bictegravir;NA;NA;NA;NA;EMTRICITABINA, TENOFOVIR, ALAFENAMIDA Y BICTEGRAVIR
J05AR21;dolutegravir and rilpivirine;NA;NA;NA;NA;DOLUTEGRAVIR Y RILPIVIRINA
J05AR22;emtricitabine, tenofovir alafenamide, darunavir and cobicistat;NA;NA;NA;NA;EMTRICITABINA, TENOFOVIR, ALAFENAMIDA, DARUNAVIR Y COBICISTAT
J05AR23;atazanavir and ritonavir;0.3;g;O;Refers to atazanavir;ATAZANAVIR Y RITONAVIR
J05AR24;lamivudine, tenofovir disoproxil and doravirine;NA;NA;NA;NA;LAMIVUDINA, TENOFOVIR DISOPROXIL Y DORAVIRINA
J05AR25;lamivudine and dolutegravir;NA;NA;NA;NA;LAMIVUDINA Y DOLUTEGRAVIR
J05AR26;darunavir and ritonavir;NA;NA;NA;NA;DARUNAVIR Y RITONAVIR
J05AR27;lamivudine, tenofovir disoproxil and dolutegravir;NA;NA;NA;NA;LAMIVUDINA, TENOFOVIR, DISOPROXIL Y DOLUTEGRAVIR
J05AR28;stavudine and lamivudine;NA;NA;NA;NA;ESTAVUDINA Y LAMIVUDINA
J05AX;Other antivirals;NA;NA;NA;NA;OTROS ANTIVIRALES
J05AX01;moroxydine;0.3;g;O;NA;MOROXIDINA
J05AX02;lysozyme;NA;NA;NA;NA;LISOZIMA
J05AX05;inosine pranobex;3;g;O;NA;INOSINE PRANOBEX
J05AX06;pleconaril;NA;NA;NA;NA;PLECONARIL
J05AX07;enfuvirtide;0.18;g;P;NA;ENFUVIRTIDA
J05AX09;maraviroc;0.6;g;O;NA;MARAVIROC
J05AX10;maribavir;0.8;g;O;NA;MARIBAVIR
J05AX13;umifenovir;0.8;g;O;NA;UMIFENOVIR
J05AX17;enisamium iodide;1.5;g;O;NA;YODURO DE ENISAMIO
J05AX18;letermovir;0.48;g;O;NA;LETERMOVIR
J05AX18;letermovir;0.48;g;P;NA;LETERMOVIR
J05AX19;tilorone;0.125;g;O;NA;TILORONE
J05AX21;pentanedioic acid imidazolyl ethanamide;90;mg;O;NA;ÁCIDO PENTANODIOICO, IMIDAZOLIL ETANAMIDA
J05AX23;ibalizumab;NA;NA;NA;NA;IBALIZUMAB
J05AX24;tecovirimat;1.2;g;O;NA;TECOVIRIMAT
J05AX25;baloxavir marboxil;40;mg;O;NA;BALOXAVIR MARBOXIL
J05AX26;amenamevir;0.4;g;O;NA;AMENAMEVIR
J05AX27;favipiravir;1.6;g;O;NA;FAVIPIRAVIR
J05AX28;bulevirtide;2;mg;P;NA;BULEVIRTIDA
J05AX29;fostemsavir;1.2;g;O;NA;FOSTEMSAVIR
J05AX31;lenacapavir;0.19;g;O;NA;LENACAPAVIR
J05AX31;lenacapavir;5.1;mg;P;NA;LENACAPAVIR
J06;IMMUNE SERA AND IMMUNOGLOBULINS;NA;NA;NA;NA;SUEROS INMUNES E INMUNOGLOBULINAS
J06A;IMMUNE SERA;NA;NA;NA;NA;SUEROS INMUNES
J06AA;Immune sera;NA;NA;NA;NA;SUEROS INMUNES
J06AA01;diphtheria antitoxin;NA;NA;NA;NA;ANTITOXINA DIFTÉRICA
J06AA02;tetanus antitoxin;NA;NA;NA;NA;ANTITOXINA ANTITETÁNICA
J06AA03;snake venom antiserum;NA;NA;NA;NA;ANTISUERO DE VENENO DE SERPIENTE
J06AA04;botulinum antitoxin;NA;NA;NA;NA;ANTITOXINA BOTULÍNICA
J06AA05;gas-gangrene sera;NA;NA;NA;NA;SUEROS DE GANGRENA GASEOSA
J06AA06;rabies serum;NA;NA;NA;NA;SUERO ANTIRRÁBICO
J06B;IMMUNOGLOBULINS;NA;NA;NA;NA;INMUNOGLOBULINAS
J06BA;Immunoglobulins, normal human;NA;NA;NA;NA;INMUNOGLOBULINAS HUMANAS NORMALES
J06BA01;immunoglobulins, normal human, for extravascular adm.;NA;NA;NA;NA;INMUNOGLOBULINAS HUMANAS NORMALES PARA ADM EXTRAVASCULAR.
J06BA02;immunoglobulins, normal human, for intravascular adm.;NA;NA;NA;NA;INMUNOGLOBULINAS HUMANAS NORMALES PARA ADM INTRAVASCULAR.
J06BB;Specific immunoglobulins;NA;NA;NA;NA;INMUNOGLOBULINAS ESPECÍFICAS
J06BB01;anti-D (rh) immunoglobulin;NA;NA;NA;NA;INMUNOGLOBULINA ANTI-D (RH)
J06BB02;tetanus immunoglobulin;NA;NA;NA;NA;INMUNOGLOBULINA CONTRA EL TÉTANOS
J06BB03;varicella/zoster immunoglobulin;NA;NA;NA;NA;INMUNOGLOBULINA CONTRA LA VARICELA/ZÓSTER
J06BB04;hepatitis B immunoglobulin;NA;NA;NA;NA;INMUNOGLOBULINA CONTRA LA HEPATITIS B
J06BB05;rabies immunoglobulin;NA;NA;NA;NA;INMUNOGLOBULINA ANTIRRÁBICA
J06BB06;rubella immunoglobulin;NA;NA;NA;NA;INMUNOGLOBULINA PARA LA RUBÉOLA
J06BB07;vaccinia immunoglobulin;NA;NA;NA;NA;INMUNOGLOBULINA VACCINIA
J06BB08;staphylococcus immunoglobulin;NA;NA;NA;NA;INMUNOGLOBULINA DE ESTAFILOCOCOS
J06BB09;cytomegalovirus immunoglobulin;NA;NA;NA;NA;INMUNOGLOBULINA POR CITOMEGALOVIRUS
J06BB10;diphtheria immunoglobulin;NA;NA;NA;NA;INMUNOGLOBULINA DIFTÉRICA
J06BB11;hepatitis A immunoglobulin;NA;NA;NA;NA;INMUNOGLOBULINA CONTRA LA HEPATITIS A
J06BB12;encephalitis, tick borne immunoglobulin;NA;NA;NA;NA;ENCEFALITIS POR INMUNOGLOBULINA TRANSMITIDA POR GARRAPATAS
J06BB13;pertussis immunoglobulin;NA;NA;NA;NA;INMUNOGLOBULINA PARA LA TOS FERINA
J06BB14;measles immunoglobulin;NA;NA;NA;NA;INMUNOGLOBULINA CONTRA EL SARAMPIÓN
J06BB15;mumps immunoglobulin;NA;NA;NA;NA;INMUNOGLOBULINA CONTRA LAS PAPERAS
J06BB19;anthrax immunoglobulin;NA;NA;NA;NA;INMUNOGLOBULINA DE ÁNTRAX
J06BB30;combinations;NA;NA;NA;NA;COMBINACIONES
J06BC;Antibacterial monoclonal antibodies;NA;NA;NA;NA;ANTICUERPOS MONOCLONALES ANTIBACTERIANOS
J06BC01;nebacumab;0.1;g;P;NA;NEBACUMAB
J06BC02;raxibacumab;NA;NA;NA;NA;RAXIBACUMAB
J06BC03;bezlotoxumab;NA;NA;NA;NA;BEZLOTOXUMAB
J06BC04;obiltoxaximab;NA;NA;NA;NA;OBILTOXAXIMAB
J06BD;Antiviral monoclonal antibodies;NA;NA;NA;NA;ANTICUERPOS MONOCLONALES ANTIVIRALES
J06BD01;palivizumab;NA;NA;NA;NA;PALIVIZUMAB
J06BD02;motavizumab;NA;NA;NA;NA;MOTAVIZUMAB
J06BD03;tixagevimab and cilgavimab;NA;NA;NA;NA;TIXAGEVIMAB Y CILGAVIMAB
J06BD04;ansuvimab;NA;NA;NA;NA;ANSUVIMAB
J06BD05;sotrovimab;0.5;g;P;NA;SOTROVIMAB
J06BD06;regdanvimab;NA;NA;NA;NA;REGDANVIMAB
J06BD07;casirivimab and imdevimab;NA;NA;NA;NA;CASIRIVIMAB E IMDEVIMAB
J06BD08;nirsevimab;NA;NA;NA;NA;NIRSEVIMAB
J07;VACCINES;NA;NA;NA;NA;VACUNAS
J07A;BACTERIAL VACCINES;NA;NA;NA;NA;VACUNAS BACTERIANAS
J07AC;Anthrax vaccines;NA;NA;NA;NA;VACUNAS CONTRA EL ÁNTRAX
J07AC01;anthrax antigen;NA;NA;NA;NA;ANTÍGENO DEL ÁNTRAX
J07AD;Brucellosis vaccines;NA;NA;NA;NA;VACUNAS CONTRA LA BRUCELOSIS
J07AD01;brucella antigen;NA;NA;NA;NA;ANTÍGENO DE BRUCELLA
J07AE;Cholera vaccines;NA;NA;NA;NA;VACUNAS CONTRA EL CÓLERA
J07AE01;cholera, inactivated, whole cell;NA;NA;NA;NA;CÓLERA INACTIVADO, CÉLULA ENTERA
J07AE02;cholera, live attenuated;NA;NA;NA;NA;CÓLERA VIVO ATENUADO
J07AE51;cholera, combinations with typhoid vaccine, inactivated, whole cell;NA;NA;NA;NA;CÓLERA, COMBINACIONES CON VACUNA ANTIFOIDEA INACTIVADA, CÉLULA ENTERA
J07AF;Diphtheria vaccines;NA;NA;NA;NA;VACUNAS CONTRA LA DIFTERIA
J07AF01;diphtheria toxoid;NA;NA;NA;NA;TOXOIDE DIFTÉRICO
J07AG;Haemophilus influenzae B vaccines;NA;NA;NA;NA;VACUNAS CONTRA HAEMOPHILUS INFLUENZAE B
J07AG01;haemophilus influenzae B, purified antigen conjugated;NA;NA;NA;NA;HAEMOPHILUS INFLUENZAE B, ANTÍGENO PURIFICADO CONJUGADO
J07AG51;haemophilus influenzae B, combinations with toxoids;NA;NA;NA;NA;HAEMOPHILUS INFLUENZAE B, COMBINACIONES CON TOXOIDES
J07AG52;haemophilus influenzae B, combinations with pertussis and toxoids;NA;NA;NA;NA;HAEMOPHILUS INFLUENZAE B, COMBINACIONES CON TOS FERINA Y TOXOIDES
J07AG53;haemophilus influenzae B, combinations with meningococcus C, conjugated;NA;NA;NA;NA;HAEMOPHILUS INFLUENZAE B, COMBINACIONES CON MENINGOCOCO C, CONJUGADO
J07AG54;haemophilus influenza B, combinations with meningococcus C,Y, conjugated;NA;NA;NA;NA;HAEMOPHILUS INFLUENZA B, COMBINACIONES CON MENINGOCOCO C,Y, CONJUGADO
J07AH;Meningococcal vaccines;NA;NA;NA;NA;VACUNAS ANTIMENINGOCÓCICAS
J07AH01;meningococcus A, purified polysaccharides antigen;NA;NA;NA;NA;MENINGOCOCO A, ANTÍGENO DE POLISACÁRIDOS PURIFICADOS
J07AH02;other meningococcal monovalent purified polysaccharides antigen;NA;NA;NA;NA;OTRO ANTÍGENO MENINGOCÓCICO MONOVALENTE DE POLISACÁRIDOS PURIFICADOS
J07AH03;meningococcus A,C, bivalent purified polysaccharides antigen;NA;NA;NA;NA;MENINGOCOCO A,C, ANTÍGENO POLISACÁRIDO PURIFICADO BIVALENTE
J07AH04;meningococcus A,C,Y,W-135, tetravalent purified polysaccharides antigen;NA;NA;NA;NA;MENINGOCOCO A,C,Y,W-135, ANTÍGENO TETRAVALENTE DE POLISACÁRIDOS PURIFICADOS
J07AH05;other meningococcal polyvalent purified polysaccharides antigen;NA;NA;NA;NA;OTROS ANTÍGENOS MENINGOCÓCICOS POLIVALENTES PURIFICADOS
J07AH06;meningococcus B, outer membrane vesicle vaccine;NA;NA;NA;NA;MENINGOCOCO B, VACUNA CONTRA VESÍCULAS DE MEMBRANA EXTERNA
J07AH07;meningococcus C, purified polysaccharides antigen conjugated;NA;NA;NA;NA;MENINGOCOCO C, POLISACÁRIDOS PURIFICADOS CONJUGADOS CON ANTÍGENO
J07AH08;meningococcus A,C,Y,W-135, tetravalent purified polysaccharides antigen conjugated;NA;NA;NA;NA;MENINGOCOCO A,C,Y,W-135, ANTÍGENO DE POLISACÁRIDOS PURIFICADOS TETRAVALENTES CONJUGADO
J07AH09;meningococcus B, multicomponent vaccine;NA;NA;NA;NA;MENINGOCOCO B, VACUNA MULTICOMPONENTE
J07AH10;meningococcus A, purified polysaccharides antigen conjugated;NA;NA;NA;NA;MENINGOCOCO A, ANTÍGENO DE POLISACÁRIDOS PURIFICADOS CONJUGADO
J07AJ;Pertussis vaccines;NA;NA;NA;NA;VACUNAS CONTRA LA TOS FERINA
J07AJ01;pertussis, inactivated, whole cell;NA;NA;NA;NA;TOS FERINA INACTIVADA DE CÉLULA ENTERA
J07AJ02;pertussis, purified antigen;NA;NA;NA;NA;TOS FERINA, ANTÍGENO PURIFICADO
J07AJ51;pertussis, inactivated, whole cell, combinations with toxoids;NA;NA;NA;NA;TOS FERINA INACTIVADA, CÉLULA ENTERA, COMBINACIONES CON TOXOIDES
J07AJ52;pertussis, purified antigen, combinations with toxoids;NA;NA;NA;NA;TOS FERINA, ANTÍGENO PURIFICADO, COMBINACIONES CON TOXOIDES
J07AK;Plague vaccines;NA;NA;NA;NA;VACUNAS CONTRA LA PESTE
J07AK01;plague, inactivated, whole cell;NA;NA;NA;NA;PLAGA, INACTIVADA, CÉLULA ENTERA
J07AL;Pneumococcal vaccines;NA;NA;NA;NA;VACUNAS ANTINEUMOCÓCICAS
J07AL01;pneumococcus, purified polysaccharides antigen;NA;NA;NA;NA;NEUMOCOCO, ANTÍGENO DE POLISACÁRIDOS PURIFICADOS
J07AL02;pneumococcus, purified polysaccharides antigen conjugated;NA;NA;NA;NA;NEUMOCOCO, POLISACÁRIDOS PURIFICADOS, ANTÍGENO CONJUGADO
J07AL52;pneumococcus purified polysaccharides antigen and haemophilus influenzae, conjugated;NA;NA;NA;NA;ANTÍGENO DE POLISACÁRIDOS PURIFICADOS DE PNEUMOCOCO Y HAEMOPHILUS INFLUENZAE, CONJUGADOS
J07AM;Tetanus vaccines;NA;NA;NA;NA;VACUNAS CONTRA EL TÉTANOS
J07AM01;tetanus toxoid;NA;NA;NA;NA;TOXOIDE TETÁNICO
J07AM51;tetanus toxoid, combinations with diphtheria toxoid;NA;NA;NA;NA;TOXOIDE TETÁNICO, COMBINACIONES CON TOXOIDE DIFTÉRICO
J07AM52;tetanus toxoid, combinations with tetanus immunoglobulin;NA;NA;NA;NA;TOXOIDE TETÁNICO, COMBINACIONES CON INMUNOGLOBULINA TETÁNICA
J07AN;Tuberculosis vaccines;NA;NA;NA;NA;VACUNAS CONTRA LA TUBERCULOSIS
J07AN01;tuberculosis, live attenuated;NA;NA;NA;NA;TUBERCULOSIS VIVA ATENUADA
J07AP;Typhoid vaccines;NA;NA;NA;NA;VACUNAS CONTRA LA FIEBRE TIFOIDEA
J07AP01;typhoid, oral, live attenuated;NA;NA;NA;NA;FIEBRE TIFOIDEA, ORAL, VIVA ATENUADA
J07AP02;typhoid, inactivated, whole cell;NA;NA;NA;NA;FIEBRE TIFOIDEA, INACTIVADA, CÉLULA ENTERA
J07AP03;typhoid, purified polysaccharide antigen;NA;NA;NA;NA;FIEBRE TIFOIDEA, ANTÍGENO POLISACÁRIDO PURIFICADO
J07AP10;typhoid, combinations with paratyphi types;NA;NA;NA;NA;FIEBRE TIFOIDEA, COMBINACIONES CON TIPOS PARATYPHI
J07AR;Typhus (exanthematicus) vaccines;NA;NA;NA;NA;VACUNAS CONTRA EL TIFUS (EXANTHEMATICUS)
J07AR01;typhus exanthematicus, inactivated, whole cell;NA;NA;NA;NA;TIFUS EXANTHEMATICUS, INACTIVADO, CÉLULA ENTERA
J07AX;Other bacterial vaccines;NA;NA;NA;NA;OTRAS VACUNAS BACTERIANAS
J07AX01;leptospira vaccines;NA;NA;NA;NA;VACUNAS CONTRA LA LEPTOSPIRA
J07B;VIRAL VACCINES;NA;NA;NA;NA;VACUNAS VIRALES
J07BA;Encephalitis vaccines;NA;NA;NA;NA;VACUNAS CONTRA LA ENCEFALITIS
J07BA01;encephalitis, tick borne, inactivated, whole virus;NA;NA;NA;NA;ENCEFALITIS TRANSMITIDA POR GARRAPATAS, INACTIVADA, VIRUS ENTERO
J07BA02;encephalitis, Japanese, inactivated, whole virus;NA;NA;NA;NA;ENCEFALITIS JAPONESA INACTIVADA, VIRUS ENTERO
J07BA03;encephalitis, Japanese, live attenuated;NA;NA;NA;NA;ENCEFALITIS JAPONESA VIVA ATENUADA
J07BB;Influenza vaccines;NA;NA;NA;NA;VACUNAS CONTRA LA INFLUENZA
J07BB01;influenza, inactivated, whole virus;NA;NA;NA;NA;INFLUENZA INACTIVADA, VIRUS ENTERO
J07BB02;influenza, inactivated, split virus or surface antigen;NA;NA;NA;NA;INFLUENZA, VIRUS INACTIVADO, DIVIDIDO O ANTÍGENO DE SUPERFICIE
J07BB03;influenza, live attenuated;NA;NA;NA;NA;INFLUENZA VIVA ATENUADA
J07BB04;influenza, virus like particles;NA;NA;NA;NA;INFLUENZA, PARTÍCULAS SIMILARES A VIRUS
J07BC;Hepatitis vaccines;NA;NA;NA;NA;VACUNAS CONTRA LA HEPATITIS
J07BC01;hepatitis B, purified antigen;NA;NA;NA;NA;HEPATITIS B, ANTÍGENO PURIFICADO
J07BC02;hepatitis A, inactivated, whole virus;NA;NA;NA;NA;HEPATITIS A, VIRUS INACTIVADO COMPLETO
J07BC20;combinations;NA;NA;NA;NA;COMBINACIONES
J07BD;Measles vaccines;NA;NA;NA;NA;VACUNAS CONTRA EL SARAMPIÓN
J07BD01;measles, live attenuated;NA;NA;NA;NA;SARAMPIÓN, VIVO ATENUADO
J07BD51;measles, combinations with mumps, live attenuated;NA;NA;NA;NA;SARAMPIÓN, COMBINACIONES CON PAPERAS, VIVOS ATENUADOS
J07BD52;measles, combinations with mumps and rubella, live attenuated;NA;NA;NA;NA;SARAMPIÓN, COMBINACIONES CON PAPERAS Y RUBÉOLA, VIVOS ATENUADOS
J07BD53;measles, combinations with rubella, live attenuated;NA;NA;NA;NA;SARAMPIÓN, COMBINACIONES CON RUBÉOLA, VIVOS ATENUADOS
J07BD54;measles, combinations with mumps, rubella and varicella, live attenuated;NA;NA;NA;NA;SARAMPIÓN, COMBINACIONES CON PAPERAS, RUBÉOLA Y VARICELA, VIVEN ATENUADAS
J07BE;Mumps vaccines;NA;NA;NA;NA;VACUNAS CONTRA LAS PAPERAS
J07BE01;mumps, live attenuated;NA;NA;NA;NA;PAPERAS VIVAS ATENUADAS
J07BF;Poliomyelitis vaccines;NA;NA;NA;NA;VACUNAS CONTRA LA POLIOMIELITIS
J07BF01;poliomyelitis oral, monovalent, live attenuated;NA;NA;NA;NA;POLIOMIELITIS ORAL, MONOVALENTE, VIVA ATENUADA
J07BF02;poliomyelitis oral, trivalent, live attenuated;NA;NA;NA;NA;POLIOMIELITIS ORAL, TRIVALENTE, VIVA ATENUADA
J07BF03;poliomyelitis, trivalent, inactivated, whole virus;NA;NA;NA;NA;POLIOMIELITIS TRIVALENTE, INACTIVADA, VIRUS COMPLETO
J07BF04;poliomyelitis oral, bivalent, live attenuated;NA;NA;NA;NA;POLIOMIELITIS ORAL, BIVALENTE, VIVA ATENUADA
J07BG;Rabies vaccines;NA;NA;NA;NA;VACUNAS ANTIRRÁBICAS
J07BG01;rabies, inactivated, whole virus;NA;NA;NA;NA;RABIA INACTIVADA, VIRUS ENTERO
J07BH;Rota virus diarrhea vaccines;NA;NA;NA;NA;VACUNAS CONTRA LA DIARREA POR EL VIRUS DE LA ROTA
J07BH01;rota virus, live attenuated;NA;NA;NA;NA;VIRUS ROTA, VIVO ATENUADO
J07BH02;rota virus, pentavalent, live, reassorted;NA;NA;NA;NA;VIRUS ROTA, PENTAVALENTE, EN VIVO, REORDENADO
J07BJ;Rubella vaccines;NA;NA;NA;NA;VACUNAS CONTRA LA RUBÉOLA
J07BJ01;rubella, live attenuated;NA;NA;NA;NA;RUBÉOLA VIVA ATENUADA
J07BJ51;rubella, combinations with mumps, live attenuated;NA;NA;NA;NA;RUBÉOLA, COMBINACIONES CON PAPERAS, VIVAS ATENUADAS
J07BK;Varicella zoster vaccines;NA;NA;NA;NA;VACUNAS CONTRA LA VARICELA ZÓSTER
J07BK01;varicella, live attenuated;NA;NA;NA;NA;VARICELA VIVA ATENUADA
J07BK02;zoster, live attenuated;NA;NA;NA;NA;ZÓSTER, VIVO ATENUADO
J07BK03;zoster, purified antigen;NA;NA;NA;NA;ZÓSTER, ANTÍGENO PURIFICADO
J07BL;Yellow fever vaccines;NA;NA;NA;NA;VACUNAS CONTRA LA FIEBRE AMARILLA
J07BL01;yellow fever, live attenuated;NA;NA;NA;NA;FIEBRE AMARILLA VIVA ATENUADA
J07BM;Papillomavirus vaccines;NA;NA;NA;NA;VACUNAS CONTRA EL VIRUS DEL PAPILOMA
J07BM01;papillomavirus (human types 6, 11, 16, 18);NA;NA;NA;NA;VIRUS DEL PAPILOMA (TIPOS HUMANOS 6, 11, 16, 18)
J07BM02;papillomavirus (human types 16, 18);NA;NA;NA;NA;VIRUS DEL PAPILOMA (TIPOS HUMANOS 16, 18)
J07BM03;papillomavirus (human types 6, 11, 16, 18, 31, 33, 45, 52, 58);NA;NA;NA;NA;VIRUS DEL PAPILOMA (TIPOS HUMANOS 6, 11, 16, 18, 31, 33, 45, 52, 58)
J07BN;Covid-19 vaccines;NA;NA;NA;NA;VACUNAS CONTRA EL COVID-19
J07BN01;covid-19, RNA-based vaccine;NA;NA;NA;NA;COVID-19, VACUNA BASADA EN ARN
J07BN02;covid-19, viral vector, non-replicating;NA;NA;NA;NA;COVID-19, VECTOR VIRAL, NO REPLICANTE
J07BN03;covid-19, inactivated virus;NA;NA;NA;NA;COVID-19, VIRUS INACTIVADO
J07BN04;covid-19, protein subunit;NA;NA;NA;NA;COVID-19, SUBUNIDAD PROTEICA
J07BN05;covid-19, virus-like particles;NA;NA;NA;NA;COVID-19, PARTÍCULAS SIMILARES A VIRUS
J07BX;Other viral vaccines;NA;NA;NA;NA;OTRAS VACUNAS VIRALES
J07BX01;smallpox and monkeypox vaccines;NA;NA;NA;NA;VACUNAS CONTRA LA VIRUELA Y LA VIRUELA DEL MONO
J07BX02;ebola vaccines;NA;NA;NA;NA;VACUNAS CONTRA EL ÉBOLA
J07BX04;dengue virus vaccines;NA;NA;NA;NA;VACUNAS CONTRA EL VIRUS DEL DENGUE
J07BX05;respiratory syncytial virus vaccines;NA;NA;NA;NA;VACUNAS CONTRA EL VIRUS RESPIRATORIO SINCITIAL
J07BX06;enterovirus 71 vaccines;NA;NA;NA;NA;VACUNAS CONTRA EL ENTEROVIRUS 71
J07C;BACTERIAL AND VIRAL VACCINES, COMBINED;NA;NA;NA;NA;VACUNAS BACTERIANAS Y VIRALES, COMBINADAS
J07CA;Bacterial and viral vaccines, combined;NA;NA;NA;NA;VACUNAS BACTERIANAS Y VIRALES, COMBINADAS
J07CA01;diphtheria-poliomyelitis-tetanus;NA;NA;NA;NA;DIFTERIA-POLIOMIELITIS-TÉTANOS
J07CA02;diphtheria-pertussis-poliomyelitis-tetanus;NA;NA;NA;NA;DIFTERIA-TOS FERINA-POLIOMIELITIS-TÉTANOS
J07CA03;diphtheria-rubella-tetanus;NA;NA;NA;NA;DIFTERIA-RUBÉOLA-TÉTANOS
J07CA04;haemophilus influenzae B and poliomyelitis;NA;NA;NA;NA;HAEMOPHILUS INFLUENZAE B Y POLIOMIELITIS
J07CA05;diphtheria-hepatitis B-pertussis-tetanus;NA;NA;NA;NA;DIFTERIA-HEPATITIS B-TOS FERINA-TÉTANOS
J07CA06;diphtheria-haemophilus influenzae B-pertussis-poliomyelitis-tetanus;NA;NA;NA;NA;DIFTERIA-HAEMOPHILUS INFLUENZAE B-TOS FERINA-POLIOMIELITIS-TÉTANOS
J07CA07;diphtheria-hepatitis B-tetanus;NA;NA;NA;NA;DIFTERIA-HEPATITIS B-TÉTANOS
J07CA08;haemophilus influenzae B and hepatitis B;NA;NA;NA;NA;HAEMOPHILUS INFLUENZAE B Y HEPATITIS B
J07CA09;diphtheria-haemophilus influenzae B-pertussis-poliomyelitis-tetanus-hepatitis B;NA;NA;NA;NA;DIFTERIA-HAEMOPHILUS INFLUENZAE B-TOS FERINA-POLIOMIELITIS-TÉTANOS-HEPATITIS B
J07CA10;typhoid-hepatitis A;NA;NA;NA;NA;FIEBRE TIFOIDEA-HEPATITIS A
J07CA11;diphtheria-haemophilus influenzae B-pertussis-tetanus-hepatitis B;NA;NA;NA;NA;DIFTERIA-HAEMOPHILUS INFLUENZAE B-TOS FERINA-TÉTANOS-HEPATITIS B
J07CA12;diphtheria-pertussis-poliomyelitis-tetanus-hepatitis B;NA;NA;NA;NA;DIFTERIA-TOS FERINA-POLIOMIELITIS-TÉTANOS-HEPATITIS B
J07CA13;diphtheria-haemophilus influenzae B-pertussis-tetanus-hepatitis B-meningococcus A + C;NA;NA;NA;NA;DIFTERIA-HAEMOPHILUS INFLUENZAE B-TOS FERINA-TÉTANOS-HEPATITIS B-MENINGOCOCO A + C
J07X;OTHER VACCINES;NA;NA;NA;NA;OTRAS VACUNAS
J07XA;Parasitic vaccines;NA;NA;NA;NA;VACUNAS ANTIPARASITARIAS
J07XA01;malaria vaccines;NA;NA;NA;NA;VACUNAS CONTRA EL PALUDISMO
L;ANTINEOPLASTIC AND IMMUNOMODULATING AGENTS;NA;NA;NA;NA;AGENTES ANTINEOPLÁSICOS E INMUNOMODULADORES
L01;ANTINEOPLASTIC AGENTS;NA;NA;NA;NA;AGENTES ANTINEOPLÁSICOS
L01A;ALKYLATING AGENTS;NA;NA;NA;NA;AGENTES ALQUILANTES
L01AA;Nitrogen mustard analogues;NA;NA;NA;NA;ANÁLOGOS DE LA MOSTAZA NITROGENADA
L01AA01;cyclophosphamide;NA;NA;NA;NA;CICLOFOSFAMIDA
L01AA02;chlorambucil;NA;NA;NA;NA;CHLORAMBUCIL
L01AA03;melphalan;NA;NA;NA;NA;MELFALÁN
L01AA05;chlormethine;NA;NA;NA;NA;CLORMETINA
L01AA06;ifosfamide;NA;NA;NA;NA;IFOSFAMIDA
L01AA07;trofosfamide;NA;NA;NA;NA;TROFOSFAMIDA
L01AA08;prednimustine;NA;NA;NA;NA;PREDNIMUSTINA
L01AA09;bendamustine;NA;NA;NA;NA;BENDAMUSTINA
L01AA10;melphalan flufenamide;NA;NA;NA;NA;MELFALÁN FLUFENAMIDA
L01AB;Alkyl sulfonates;NA;NA;NA;NA;SULFONATOS DE ALQUILO
L01AB01;busulfan;NA;NA;NA;NA;BUSULFÁN
L01AB02;treosulfan;NA;NA;NA;NA;TREOSULFÁN
L01AB03;mannosulfan;NA;NA;NA;NA;MANOSULFÁN
L01AC;Ethylene imines;NA;NA;NA;NA;IMINAS DE ETILENO
L01AC01;thiotepa;NA;NA;NA;NA;TIOTEPA
L01AC02;triaziquone;NA;NA;NA;NA;TRIAZIQUONA
L01AC03;carboquone;NA;NA;NA;NA;CARBOQUONA
L01AD;Nitrosoureas;NA;NA;NA;NA;NITROSOUREAS
L01AD01;carmustine;NA;NA;NA;NA;CARMUSTINA
L01AD02;lomustine;NA;NA;NA;NA;LOMUSTINA
L01AD03;semustine;NA;NA;NA;NA;SEMUSTINA
L01AD04;streptozocin;NA;NA;NA;NA;ESTREPTOZOCINA
L01AD05;fotemustine;NA;NA;NA;NA;FOTEMUSTINA
L01AD06;nimustine;NA;NA;NA;NA;NIMUSTINA
L01AD07;ranimustine;NA;NA;NA;NA;RANIMUSTINA
L01AD08;uramustine;NA;NA;NA;NA;URAMUSTINA
L01AG;Epoxides;NA;NA;NA;NA;EPÓXIDOS
L01AG01;etoglucid;NA;NA;NA;NA;ETOGLUCID
L01AX;Other alkylating agents;NA;NA;NA;NA;OTROS ALQUILANTES
L01AX01;mitobronitol;NA;NA;NA;NA;MITOBRONITOL
L01AX02;pipobroman;NA;NA;NA;NA;PIPOBROMAN
L01AX03;temozolomide;NA;NA;NA;NA;TEMOZOLOMIDA
L01AX04;dacarbazine;NA;NA;NA;NA;DACARBAZINA
L01B;ANTIMETABOLITES;NA;NA;NA;NA;ANTIMETABOLITOS
L01BA;Folic acid analogues;NA;NA;NA;NA;ANÁLOGOS DEL ÁCIDO FÓLICO
L01BA01;methotrexate;NA;NA;NA;NA;METOTREXATO
L01BA03;raltitrexed;NA;NA;NA;NA;RALTITREXED
L01BA04;pemetrexed;NA;NA;NA;NA;PEMETREXED
L01BA05;pralatrexate;NA;NA;NA;NA;PRALATREXATO
L01BB;Purine analogues;NA;NA;NA;NA;ANÁLOGOS DE PURINAS
L01BB02;mercaptopurine;NA;NA;NA;NA;MERCAPTOPURINA
L01BB03;tioguanine;NA;NA;NA;NA;TIOGUANINA
L01BB04;cladribine;NA;NA;NA;NA;CLADRIBINA
L01BB05;fludarabine;NA;NA;NA;NA;FLUDARABINA
L01BB06;clofarabine;NA;NA;NA;NA;CLOFARABINA
L01BB07;nelarabine;NA;NA;NA;NA;NELARABINA
L01BC;Pyrimidine analogues;NA;NA;NA;NA;ANÁLOGOS DE LA PIRIMIDINA
L01BC01;cytarabine;NA;NA;NA;NA;CITARABINA
L01BC02;fluorouracil;NA;NA;NA;NA;FLUOROURACILO
L01BC03;tegafur;NA;NA;NA;NA;TEGAFUR
L01BC04;carmofur;NA;NA;NA;NA;CARMOFUR
L01BC05;gemcitabine;NA;NA;NA;NA;GEMCITABINA
L01BC06;capecitabine;NA;NA;NA;NA;CAPECITABINA
L01BC07;azacitidine;NA;NA;NA;NA;AZACITIDINA
L01BC08;decitabine;NA;NA;NA;NA;DECITABINA
L01BC09;floxuridine;NA;NA;NA;NA;FLOXURIDINA
L01BC52;fluorouracil, combinations;NA;NA;NA;NA;FLUOROURACILO, COMBINACIONES
L01BC53;tegafur, combinations;NA;NA;NA;NA;TEGAFUR, COMBINACIONES
L01BC58;decitabine, combinations;NA;NA;NA;NA;DECITABINE, COMBINACIONES
L01BC59;trifluridine, combinations;NA;NA;NA;NA;TRIFLURIDINA, COMBINACIONES
L01C;PLANT ALKALOIDS AND OTHER NATURAL PRODUCTS;NA;NA;NA;NA;ALCALOIDES VEGETALES Y OTROS PRODUCTOS NATURALES
L01CA;Vinca alkaloids and analogues;NA;NA;NA;NA;ALCALOIDES Y ANÁLOGOS DE LA VINCA
L01CA01;vinblastine;NA;NA;NA;NA;VINBLASTINA
L01CA02;vincristine;NA;NA;NA;NA;VINCRISTINE
L01CA03;vindesine;NA;NA;NA;NA;VINDESINA
L01CA04;vinorelbine;NA;NA;NA;NA;VINORELBINA
L01CA05;vinflunine;NA;NA;NA;NA;VINFLUNINA
L01CA06;vintafolide;NA;NA;NA;NA;VINTAFOLIDE
L01CB;Podophyllotoxin derivatives;NA;NA;NA;NA;DERIVADOS DE LA PODOFILOTOXINA
L01CB01;etoposide;NA;NA;NA;NA;ETOPÓSIDO
L01CB02;teniposide;NA;NA;NA;NA;TENIPOSIDE
L01CC;Colchicine derivatives;NA;NA;NA;NA;DERIVADOS DE LA COLCHICINA
L01CC01;demecolcine;NA;NA;NA;NA;DEMECOLCINA
L01CD;Taxanes;NA;NA;NA;NA;TAXANOS
L01CD01;paclitaxel;NA;NA;NA;NA;PACLITAXEL
L01CD02;docetaxel;NA;NA;NA;NA;DOCETAXEL
L01CD03;paclitaxel poliglumex;NA;NA;NA;NA;PACLITAXEL POLIGLUMEX
L01CD04;cabazitaxel;NA;NA;NA;NA;CABAZITAXEL
L01CD51;paclitaxel and encequidar;NA;NA;NA;NA;PACLITAXEL Y ENCEQUIDAR
L01CE;Topoisomerase 1 (TOP1) inhibitors;NA;NA;NA;NA;INHIBIDORES DE LA TOPOISOMERASA 1 (TOP1)
L01CE01;topotecan;NA;NA;NA;NA;TOPOTECAN
L01CE02;irinotecan;NA;NA;NA;NA;IRINOTECÁN
L01CE03;etirinotecan pegol;NA;NA;NA;NA;ETIRINOTECAN PEGOL
L01CE04;belotecan;NA;NA;NA;NA;BELOTECAN
L01CX;Other plant alkaloids and natural products;NA;NA;NA;NA;OTROS ALCALOIDES VEGETALES Y PRODUCTOS NATURALES
L01CX01;trabectedin;NA;NA;NA;NA;TRABECTEDIN
L01D;CYTOTOXIC ANTIBIOTICS AND RELATED SUBSTANCES;NA;NA;NA;NA;ANTIBIÓTICOS CITOTÓXICOS Y SUSTANCIAS RELACIONADAS
L01DA;Actinomycines;NA;NA;NA;NA;ACTINOMICINAS
L01DA01;dactinomycin;NA;NA;NA;NA;DACTINOMICINA
L01DB;Anthracyclines and related substances;NA;NA;NA;NA;ANTRACICLINAS Y SUSTANCIAS AFINES
L01DB01;doxorubicin;NA;NA;NA;NA;DOXORRUBICINA
L01DB02;daunorubicin;NA;NA;NA;NA;DAUNORRUBICINA
L01DB03;epirubicin;NA;NA;NA;NA;EPIRUBICINA
L01DB04;aclarubicin;NA;NA;NA;NA;ACLARUBICINA
L01DB05;zorubicin;NA;NA;NA;NA;ZORUBICINA
L01DB06;idarubicin;NA;NA;NA;NA;IDARUBICINA
L01DB07;mitoxantrone;NA;NA;NA;NA;MITOXANTRONA
L01DB08;pirarubicin;NA;NA;NA;NA;PIRARUBICINA
L01DB09;valrubicin;NA;NA;NA;NA;VALRUBICINA
L01DB10;amrubicin;NA;NA;NA;NA;AMRUBICINA
L01DB11;pixantrone;NA;NA;NA;NA;PIXANTRONA
L01DC;Other cytotoxic antibiotics;NA;NA;NA;NA;OTROS ANTIBIÓTICOS CITOTÓXICOS
L01DC01;bleomycin;NA;NA;NA;NA;BLEOMICINA
L01DC02;plicamycin;NA;NA;NA;NA;PLICAMICINA
L01DC03;mitomycin;NA;NA;NA;NA;MITOMYCIN
L01DC04;ixabepilone;NA;NA;NA;NA;IXABEPILONA
L01E;PROTEIN KINASE INHIBITORS;NA;NA;NA;NA;INHIBIDORES DE PROTEÍNAS CINASAS
L01EA;BCR-ABL tyrosine kinase inhibitors;NA;NA;NA;NA;INHIBIDORES DE LA TIROSINA CINASA BCR-ABL
L01EA01;imatinib;0.4;g;O;NA;IMATINIB
L01EA02;dasatinib;0.1;g;O;NA;DASATINIB
L01EA03;nilotinib;0.6;g;O;NA;NILOTINIB
L01EA04;bosutinib;0.4;g;O;NA;BOSUTINIB
L01EA05;ponatinib;45;mg;O;NA;PONATINIB
L01EA06;asciminib;80;mg;O;NA;ASCIMINIB
L01EB;Epidermal growth factor receptor (EGFR) tyrosine kinase inhibitors;NA;NA;NA;NA;INHIBIDORES DE LA TIROSINA CINASA DEL RECEPTOR DEL FACTOR DE CRECIMIENTO EPIDÉRMICO (EGFR)
L01EB01;gefitinib;0.25;g;O;NA;GEFITINIB
L01EB02;erlotinib;0.15;g;O;NA;ERLOTINIB
L01EB03;afatinib;40;mg;O;NA;AFATINIB
L01EB04;osimertinib;80;mg;O;NA;OSIMERTINIB
L01EB05;rociletinib;NA;NA;NA;NA;ROCILETINIB
L01EB06;olmutinib;NA;NA;NA;NA;OLMUTINIB
L01EB07;dacomitinib;45;mg;O;NA;DACOMITINIB
L01EB08;icotinib;NA;NA;NA;NA;ICOTINIB
L01EB09;lazertinib;NA;NA;NA;NA;LAZERTINIB
L01EB10;mobocertinib;NA;NA;NA;NA;MOBOCERTINIB
L01EB11;aumolertinib;NA;NA;NA;NA;AUMOLERTINIB
L01EC;B-Raf serine-threonine kinase (BRAF) inhibitors;NA;NA;NA;NA;INHIBIDORES DE LA SERINA-TREONINA CINASA B-RAF (BRAF)
L01EC01;vemurafenib;1.92;g;O;NA;VEMURAFENIB
L01EC02;dabrafenib;0.3;g;O;NA;DABRAFENIB
L01EC03;encorafenib;0.45;g;O;NA;ENCORAFENIB
L01ED;Anaplastic lymphoma kinase (ALK) inhibitors;NA;NA;NA;NA;INHIBIDORES DE LA CINASA DEL LINFOMA ANAPLÁSICO (ALK)
L01ED01;crizotinib;0.5;g;O;NA;CRIZOTINIB
L01ED02;ceritinib;0.45;g;O;NA;CERITINIB
L01ED03;alectinib;1.2;g;O;NA;ALECTINIB
L01ED04;brigatinib;0.18;g;O;NA;BRIGATINIB
L01ED05;lorlatinib;0.1;g;O;NA;LORLATINIB
L01EE;Mitogen-activated protein kinase (MEK) inhibitors;NA;NA;NA;NA;INHIBIDORES DE LA PROTEÍNA CINASA ACTIVADA POR MITÓGENOS (MEK)
L01EE01;trametinib;2;mg;O;NA;TRAMETINIB
L01EE02;cobimetinib;45;mg;O;NA;COBIMETINIB
L01EE03;binimetinib;90;mg;O;NA;BINIMETINIB
L01EE04;selumetinib;NA;NA;NA;NA;SELUMETINIB
L01EF;Cyclin-dependent kinase (CDK) inhibitors;NA;NA;NA;NA;INHIBIDORES DE LA CINASA DEPENDIENTE DE CICLINA (CDK)
L01EF01;palbociclib;94;mg;O;NA;PALBOCICLIB
L01EF02;ribociclib;0.45;g;O;NA;RIBOCICLIB
L01EF03;abemaciclib;0.3;g;O;NA;ABEMACICLIB
L01EG;Mammalian target of rapamycin (mTOR) kinase inhibitors;NA;NA;NA;NA;INHIBIDORES DE LA CINASA DIANA DE LA RAPAMICINA (MTOR) EN MAMÍFEROS
L01EG01;temsirolimus;3.57;mg;P;NA;TEMSIROLIMUS
L01EG02;everolimus;10;mg;O;NA;EVEROLIMUS
L01EG03;ridaforolimus;NA;NA;NA;NA;RIDAFOROLIMUS
L01EG04;sirolimus;NA;NA;NA;NA;SIROLIMUS
L01EH;Human epidermal growth factor receptor 2 (HER2) tyrosine kinase inhibitors;NA;NA;NA;NA;INHIBIDORES DE LA TIROSINA CINASA DEL RECEPTOR 2 DEL FACTOR DE CRECIMIENTO EPIDÉRMICO HUMANO (HER2)
L01EH01;lapatinib;1.25;g;O;NA;LAPATINIB
L01EH02;neratinib;0.24;g;O;NA;NERATINIB
L01EH03;tucatinib;0.6;g;O;NA;TUCATINIB
L01EJ;Janus-associated kinase (JAK) inhibitors;NA;NA;NA;NA;INHIBIDORES DE LA CINASA ASOCIADA A JANUS (JAK)
L01EJ01;ruxolitinib;30;mg;O;NA;RUXOLITINIB
L01EJ02;fedratinib;0.4;g;O;NA;FEDRATINIB
L01EJ03;pacritinib;NA;NA;NA;NA;PACRITINIB
L01EJ04;momelotinib;NA;NA;NA;NA;MOMELOTINIB
L01EK;Vascular endothelial growth factor receptor (VEGFR) tyrosine kinase inhibitors;NA;NA;NA;NA;INHIBIDORES DE LA TIROSINA CINASA DEL RECEPTOR DEL FACTOR DE CRECIMIENTO ENDOTELIAL VASCULAR (VEGFR)
L01EK01;axitinib;10;mg;O;NA;AXITINIB
L01EK02;cediranib;NA;NA;NA;NA;CEDIRANIB
L01EK03;tivozanib;1;mg;O;NA;TIVOZANIB
L01EK04;fruquintinib;NA;NA;NA;NA;FRUQUINTINIB
L01EL;Bruton's tyrosine kinase (BTK) inhibitors;NA;NA;NA;NA;INHIBIDORES DE LA TIROSINA CINASA (BTK) DE BRUTON
L01EL01;ibrutinib;0.42;g;O;NA;IBRUTINIB
L01EL02;acalabrutinib;0.2;g;O;NA;ACALABRUTINIB
L01EL03;zanubrutinib;0.32;g;O;NA;ZANUBRUTINIB
L01EL04;orelabrutinib;0.15;g;O;NA;ORELABRUTINIB
L01EL05;pirtobrutinib;NA;NA;NA;NA;PIRTOBRUTINIB
L01EM;Phosphatidylinositol-3-kinase (Pi3K) inhibitors;NA;NA;NA;NA;INHIBIDORES DE LA FOSFATIDILINOSITOL-3-CINASA (PI3K)
L01EM01;idelalisib;0.3;g;O;NA;IDELALISIB
L01EM02;copanlisib;6.43;mg;P;NA;COPANLISIB
L01EM03;alpelisib;0.3;g;O;NA;ALPELISIB
L01EM04;duvelisib;50;mg;O;NA;DUVELISIB
L01EM05;parsaclisib;NA;NA;NA;NA;PARSACLISIB
L01EN;Fibroblast growth factor receptor (FGFR) tyrosine kinase inhibitors;NA;NA;NA;NA;INHIBIDORES DE LA TIROSINA CINASA DEL RECEPTOR DEL FACTOR DE CRECIMIENTO DE FIBROBLASTOS (FGFR)
L01EN01;erdafitinib;9;mg;O;NA;ERDAFITINIB
L01EN02;pemigatinib;9;mg;O;NA;PEMIGATINIB
L01EN03;infigratinib;NA;NA;NA;NA;INFIGRATINIB
L01EN04;futibatinib;NA;NA;NA;NA;FUTIBATINIB
L01EX;Other protein kinase inhibitors;NA;NA;NA;NA;OTROS INHIBIDORES DE PROTEÍNAS CINASAS
L01EX01;sunitinib;33;mg;O;NA;SUNITINIB
L01EX02;sorafenib;0.8;g;O;NA;SORAFENIB
L01EX03;pazopanib;0.8;g;O;NA;PAZOPANIB
L01EX04;vandetanib;0.3;g;O;NA;VANDETANIB
L01EX05;regorafenib;0.12;g;O;NA;REGORAFENIB
L01EX06;masitinib;NA;NA;NA;NA;MASITINIB
L01EX07;cabozantinib;60;mg;O;NA;CABOZANTINIB
L01EX08;lenvatinib;18;mg;O;NA;LENVATINIB
L01EX09;nintedanib;0.38;g;O;NA;NINTEDANIB
L01EX10;midostaurin;0.1;g;O;NA;MIDOSTAURINA
L01EX11;quizartinib;NA;NA;NA;NA;QUIZARTINIB
L01EX12;larotrectinib;0.2;g;O;NA;LAROTRECTINIB
L01EX13;gilteritinib;0.12;g;O;NA;GILTERITINIB
L01EX14;entrectinib;0.6;g;O;NA;ENTRECTINIB
L01EX15;pexidartinib;0.8;g;O;NA;PEXIDARTINIB
L01EX17;capmatinib;0.8;g;O;NA;CAPMATINIB
L01EX18;avapritinib;0.3;g;O;NA;AVAPRITINIB
L01EX19;ripretinib;0.15;g;O;NA;RIPRETINIB
L01EX21;tepotinib;0.45;g;O;NA;TEPOTINIB
L01EX22;selpercatinib;0.32;g;O;NA;SELPERCATINIB
L01EX23;pralsetinib;0.4;g;O;NA;PRALSETINIB
L01EX24;surufatinib;NA;NA;NA;NA;SURUFATINIB
L01EX25;umbralisib;NA;NA;NA;NA;UMBRALISIB
L01EX26;sitravatinib;NA;NA;NA;NA;SITRAVATINIB
L01EX27;capivasertib;NA;NA;NA;NA;CAPIVASERTIB
L01F;MONOCLONAL ANTIBODIES AND ANTIBODY DRUG CONJUGATES;NA;NA;NA;NA;ANTICUERPOS MONOCLONALES Y CONJUGADOS ANTICUERPO-FÁRMACO
L01FA;CD20 (Clusters of Differentiation 20) inhibitors;NA;NA;NA;NA;INHIBIDORES DE CD20 (CLUSTERS OF DIFFERENTIATION 20)
L01FA01;rituximab;NA;NA;NA;NA;RITUXIMAB
L01FA02;ofatumumab;NA;NA;NA;NA;OFATUMUMAB
L01FA03;obinutuzumab;NA;NA;NA;NA;OBINUTUZUMAB
L01FB;CD22 (Clusters of Differentiation 22) inhibitors;NA;NA;NA;NA;INHIBIDORES DE CD22 (CLUSTERS OF DIFFERENTIATION 22)
L01FB01;inotuzumab ozogamicin;NA;NA;NA;NA;INOTUZUMAB OZOGAMICINA
L01FB02;moxetumomab pasudotox;NA;NA;NA;NA;MOXETUMOMAB PASUDOTOX
L01FC;CD38 (Clusters of Differentiation 38) inhibitors;NA;NA;NA;NA;INHIBIDORES DE CD38 (CLUSTERS OF DIFFERENTIATION 38)
L01FC01;daratumumab;NA;NA;NA;NA;DARATUMUMAB
L01FC02;isatuximab;NA;NA;NA;NA;ISATUXIMAB
L01FD;HER2 (Human Epidermal Growth Factor Receptor 2) inhibitors;NA;NA;NA;NA;INHIBIDORES DE HER2 (RECEPTOR 2 DEL FACTOR DE CRECIMIENTO EPIDÉRMICO HUMANO)
L01FD01;trastuzumab;NA;NA;NA;NA;TRASTUZUMAB
L01FD02;pertuzumab;NA;NA;NA;NA;PERTUZUMAB
L01FD03;trastuzumab emtansine;NA;NA;NA;NA;TRASTUZUMAB EMTANSINA
L01FD04;trastuzumab deruxtecan;NA;NA;NA;NA;TRASTUZUMAB DERUXTECAN
L01FD05;trastuzumab duocarmazine;NA;NA;NA;NA;TRASTUZUMAB DUOCARMAZINA
L01FD06;margetuximab;NA;NA;NA;NA;MARGETUXIMAB
L01FE;EGFR (Epidermal Growth Factor Receptor) inhibitors;NA;NA;NA;NA;INHIBIDORES DE EGFR (RECEPTOR DEL FACTOR DE CRECIMIENTO EPIDÉRMICO)
L01FE01;cetuximab;NA;NA;NA;NA;CETUXIMAB
L01FE02;panitumumab;NA;NA;NA;NA;PANITUMUMAB
L01FE03;necitumumab;NA;NA;NA;NA;NECITUMUMAB
L01FF;PD-1/PD-L1 (Programmed cell death protein 1/death ligand 1) inhibitors;NA;NA;NA;NA;INHIBIDORES DE PD-1/PD-L1 (PROTEÍNA DE MUERTE CELULAR PROGRAMADA 1/LIGANDO DE MUERTE 1)
L01FF01;nivolumab;NA;NA;NA;NA;NIVOLUMAB
L01FF02;pembrolizumab;NA;NA;NA;NA;PEMBROLIZUMAB
L01FF03;durvalumab;NA;NA;NA;NA;DURVALUMAB
L01FF04;avelumab;NA;NA;NA;NA;AVELUMAB
L01FF05;atezolizumab;NA;NA;NA;NA;ATEZOLIZUMAB
L01FF06;cemiplimab;NA;NA;NA;NA;CEMIPLIMAB
L01FF07;dostarlimab;NA;NA;NA;NA;DOSTARLIMAB
L01FF08;prolgolimab;NA;NA;NA;NA;PROLGOLIMAB
L01FF09;tislelizumab;NA;NA;NA;NA;TISLELIZUMAB
L01FF10;retifanlimab;NA;NA;NA;NA;RETIFANLIMAB
L01FF11;sugemalimab;NA;NA;NA;NA;SUGEMALIMAB
L01FF12;serplulimab;NA;NA;NA;NA;SERPLULIMAB
L01FF13;toripalimab;NA;NA;NA;NA;TORIPALIMAB
L01FG;VEGF/VEGFR (Vascular Endothelial Growth Factor) inhibitors;NA;NA;NA;NA;INHIBIDORES DE VEGF/VEGFR (FACTOR DE CRECIMIENTO ENDOTELIAL VASCULAR)
L01FG01;bevacizumab;NA;NA;NA;NA;BEVACIZUMAB
L01FG02;ramucirumab;NA;NA;NA;NA;RAMUCIRUMAB
L01FX;Other monoclonal antibodies and antibody drug conjugates;NA;NA;NA;NA;OTROS ANTICUERPOS MONOCLONALES Y CONJUGADOS ANTICUERPOS-FÁRMACOS
L01FX01;edrecolomab;NA;NA;NA;NA;EDRECOLOMAB
L01FX02;gemtuzumab ozogamicin;NA;NA;NA;NA;GEMTUZUMAB OZOGAMICINA
L01FX03;catumaxomab;NA;NA;NA;NA;CATUMAXOMAB
L01FX04;ipilimumab;NA;NA;NA;NA;IPILIMUMAB
L01FX05;brentuximab vedotin;NA;NA;NA;NA;BRENTUXIMAB VEDOTIN
L01FX06;dinutuximab beta;NA;NA;NA;NA;DINUTUXIMAB BETA
L01FX07;blinatumomab;NA;NA;NA;NA;BLINATUMOMAB
L01FX08;elotuzumab;NA;NA;NA;NA;ELOTUZUMAB
L01FX09;mogamulizumab;NA;NA;NA;NA;MOGAMULIZUMAB
L01FX10;olaratumab;NA;NA;NA;NA;OLARATUMAB
L01FX11;bermekimab;NA;NA;NA;NA;BERMEKIMAB
L01FX12;tafasitamab;NA;NA;NA;NA;TAFASITAMAB
L01FX13;enfortumab vedotin;NA;NA;NA;NA;ENFORTUMAB VEDOTINA
L01FX14;polatuzumab vedotin;NA;NA;NA;NA;POLATUZUMAB VEDOTINA
L01FX15;belantamab mafodotin;NA;NA;NA;NA;BELANTAMAB MAFODOTIN
L01FX16;oportuzumab monatox;NA;NA;NA;NA;OPORTUZUMAB MONATOX
L01FX17;sacituzumab govitecan;NA;NA;NA;NA;SACITUZUMAB GOVITECAN
L01FX18;amivantamab;NA;NA;NA;NA;AMIVANTAMAB
L01FX19;sabatolimab;NA;NA;NA;NA;SABATOLIMAB
L01FX20;tremelimumab;NA;NA;NA;NA;TREMELIMUMAB
L01FX21;naxitamab;NA;NA;NA;NA;NAXITAMAB
L01FX22;loncastuximab tesirine;NA;NA;NA;NA;LONCASTUXIMAB TESIRINA
L01FX23;tisotumab vedotin;NA;NA;NA;NA;TISOTUMAB VEDOTINA
L01FX24;teclistamab;NA;NA;NA;NA;TECLISTAMAB
L01FX25;mosunetuzumab;NA;NA;NA;NA;MOSUNETUZUMAB
L01FX26;mirvetuximab soravtansine;NA;NA;NA;NA;MIRVETUXIMAB SORAVTANSINE
L01FX27;epcoritamab;NA;NA;NA;NA;EPCORITAMAB
L01FX28;glofitamab;NA;NA;NA;NA;GLOFITAMAB
L01FX29;talquetamab;NA;NA;NA;NA;TALQUETAMAB
L01FY;Combinations of monoclonal antibodies and antibody drug conjugates;NA;NA;NA;NA;COMBINACIONES DE ANTICUERPOS MONOCLONALES Y CONJUGADOS ANTICUERPO-FÁRMACO
L01FY01;pertuzumab and trastuzumab;NA;NA;NA;NA;PERTUZUMAB Y TRASTUZUMAB
L01FY02;nivolumab and relatlimab;NA;NA;NA;NA;NIVOLUMAB Y RELATLIMAB
L01FY03;prolgolimab and nurulimab;NA;NA;NA;NA;PROLGOLIMAB Y NURULIMAB
L01X;OTHER ANTINEOPLASTIC AGENTS;NA;NA;NA;NA;OTROS AGENTES ANTINEOPLÁSICOS
L01XA;Platinum compounds;NA;NA;NA;NA;COMPUESTOS DE PLATINO
L01XA01;cisplatin;NA;NA;NA;NA;CISPLATINO
L01XA02;carboplatin;NA;NA;NA;NA;CARBOPLATINO
L01XA03;oxaliplatin;NA;NA;NA;NA;OXALIPLATINO
L01XA04;satraplatin;NA;NA;NA;NA;SATRAPLATINO
L01XA05;polyplatillen;NA;NA;NA;NA;POLYPLATILLEN
L01XB;Methylhydrazines;NA;NA;NA;NA;METILHIDRACINAS
L01XB01;procarbazine;NA;NA;NA;NA;PROCARBAZINA
L01XD;Sensitizers used in photodynamic/radiation therapy;NA;NA;NA;NA;SENSIBILIZADORES UTILIZADOS EN FOTODINÁMICA/RADIOTERAPIA
L01XD01;porfimer sodium;NA;NA;NA;NA;PORFÍMERO SÓDICO
L01XD03;methyl aminolevulinate;NA;NA;NA;NA;AMINOLEVULINATO DE METILO
L01XD04;aminolevulinic acid;NA;NA;NA;NA;ÁCIDO AMINOLEVULÍNICO
L01XD05;temoporfin;NA;NA;NA;NA;TEMOPORFINA
L01XD06;efaproxiral;NA;NA;NA;NA;EFAPROXIRAL
L01XD07;padeliporfin;NA;NA;NA;NA;PADELIPORFINA
L01XF;Retinoids for cancer treatment;NA;NA;NA;NA;RETINOIDES PARA EL TRATAMIENTO DEL CÁNCER
L01XF01;tretinoin;NA;NA;NA;NA;TRETINOÍNA
L01XF02;alitretinoin;NA;NA;NA;NA;ALITRETINOÍNA
L01XF03;bexarotene;NA;NA;NA;NA;BEXAROTENO
L01XG;Proteasome inhibitors;NA;NA;NA;NA;INHIBIDORES DEL PROTEASOMA
L01XG01;bortezomib;NA;NA;NA;NA;BORTEZOMIB
L01XG02;carfilzomib;NA;NA;NA;NA;CARFILZOMIB
L01XG03;ixazomib;NA;NA;NA;NA;IXAZOMIB
L01XH;Histone deacetylase (HDAC) inhibitors;NA;NA;NA;NA;INHIBIDORES DE LA HISTONA DESACETILASA (HDAC)
L01XH01;vorinostat;NA;NA;NA;NA;VORINOSTAT
L01XH02;romidepsin;NA;NA;NA;NA;ROMIDEPSINA
L01XH03;panobinostat;NA;NA;NA;NA;PANOBINOSTAT
L01XH04;belinostat;NA;NA;NA;NA;BELINOSTAT
L01XH05;entinostat;NA;NA;NA;NA;ENTINOSTAT
L01XJ;Hedgehog pathway inhibitors;NA;NA;NA;NA;INHIBIDORES DE LA VÍA DEL ERIZO
L01XJ01;vismodegib;NA;NA;NA;NA;VISMODEGIB
L01XJ02;sonidegib;NA;NA;NA;NA;SONIDEGIB
L01XJ03;glasdegib;NA;NA;NA;NA;GLASDEGIB
L01XK;Poly (ADP-ribose) polymerase (PARP) inhibitors;NA;NA;NA;NA;INHIBIDORES DE LA POLI (ADP-RIBOSA) POLIMERASA (PARP)
L01XK01;olaparib;NA;NA;NA;NA;OLAPARIB
L01XK02;niraparib;NA;NA;NA;NA;NIRAPARIB
L01XK03;rucaparib;NA;NA;NA;NA;RUCAPARIB
L01XK04;talazoparib;NA;NA;NA;NA;TALAZOPARIB
L01XK05;veliparib;NA;NA;NA;NA;VELIPARIB
L01XK06;pamiparib;NA;NA;NA;NA;PAMIPARIB
L01XK52;niraparib and abiraterone;NA;NA;NA;NA;NIRAPARIB Y ABIRATERONA
L01XL;Antineoplastic cell and gene therapy;NA;NA;NA;NA;TERAPIA GÉNICA Y CELULAR ANTINEOPLÁSICA
L01XL01;sitimagene ceradenovec;NA;NA;NA;NA;SITIMAGENE CERADENOVEC
L01XL02;talimogene laherparepvec;NA;NA;NA;NA;TALIMOGENE LAHERPAREPVEC
L01XL03;axicabtagene ciloleucel;NA;NA;NA;NA;AXICABTAGENE CILOLEUCEL
L01XL04;tisagenlecleucel;NA;NA;NA;NA;TISAGENLECLEUCEL
L01XL05;ciltacabtagene autoleucel;NA;NA;NA;NA;CILTACABTAGENE AUTOLEUCEL
L01XL06;brexucabtagene autoleucel;NA;NA;NA;NA;BREXUCABTAGENE AUTOLEUCEL
L01XL07;idecabtagene vicleucel;NA;NA;NA;NA;IDECABTAGÉNE VICLEUCEL
L01XL08;lisocabtagene maraleucel;NA;NA;NA;NA;LISOCABTAGENE MARALEUCEL
L01XL09;tabelecleucel;NA;NA;NA;NA;TABELECLEUCEL
L01XL10;nadofaragene firadenovec;NA;NA;NA;NA;NADOFARAGENE FIRADENOVEC
L01XL11;lifileucel;NA;NA;NA;NA;LIFILEUCEL
L01XX;Other antineoplastic agents;NA;NA;NA;NA;OTROS AGENTES ANTINEOPLÁSICOS
L01XX01;amsacrine;NA;NA;NA;NA;AMSACRINA
L01XX02;asparaginase;NA;NA;NA;NA;ASPARAGINASA
L01XX03;altretamine;NA;NA;NA;NA;ALTRETAMINA
L01XX05;hydroxycarbamide;NA;NA;NA;NA;HIDROXICARBAMIDA
L01XX07;lonidamine;NA;NA;NA;NA;LONIDAMINA
L01XX08;pentostatin;NA;NA;NA;NA;PENTOSTATINA
L01XX10;masoprocol;NA;NA;NA;NA;MASOPROCOL
L01XX11;estramustine;NA;NA;NA;NA;ESTRAMUSTINA
L01XX16;mitoguazone;NA;NA;NA;NA;MITOGUAZONA
L01XX18;tiazofurine;NA;NA;NA;NA;TIAZOFURINA
L01XX23;mitotane;NA;NA;NA;NA;MITOTANO
L01XX24;pegaspargase;NA;NA;NA;NA;PEGASPARGASA
L01XX27;arsenic trioxide;NA;NA;NA;NA;TRIÓXIDO DE ARSÉNICO
L01XX29;denileukin diftitox;NA;NA;NA;NA;DENILEUKIN DIFTITOX
L01XX33;celecoxib;NA;NA;NA;NA;CELECOXIB
L01XX35;anagrelide;NA;NA;NA;NA;ANAGRELIDA
L01XX36;oblimersen;NA;NA;NA;NA;OBLIMERSEN
L01XX40;omacetaxine mepesuccinate;NA;NA;NA;NA;MEPESUCCINATO DE OMACETAXINA
L01XX41;eribulin;NA;NA;NA;NA;ERIBULINA
L01XX44;aflibercept;NA;NA;NA;NA;AFLIBERCEPT
L01XX52;venetoclax;NA;NA;NA;NA;VENETOCLAX
L01XX53;vosaroxin;NA;NA;NA;NA;VOSAROXIN
L01XX57;plitidepsin;NA;NA;NA;NA;PLITIDEPSINA
L01XX58;epacadostat;NA;NA;NA;NA;EPACADOSTAT
L01XX59;enasidenib;NA;NA;NA;NA;ENASIDENIB
L01XX62;ivosidenib;NA;NA;NA;NA;IVOSIDENIB
L01XX66;selinexor;NA;NA;NA;NA;SELINEXOR
L01XX67;tagraxofusp;NA;NA;NA;NA;TAGRAXOFUSP
L01XX69;lurbinectedin;NA;NA;NA;NA;LURBINECTEDIN
L01XX72;tazemetostat;NA;NA;NA;NA;TAZEMETOSTAT
L01XX73;sotorasib;NA;NA;NA;NA;SOTORASIB
L01XX74;belzutifan;NA;NA;NA;NA;BELZUTIFAN
L01XX75;tebentafusp;NA;NA;NA;NA;TEBENTAFUSP
L01XX77;adagrasib;NA;NA;NA;NA;ADAGRASIB
L01XX78;navitoclax;NA;NA;NA;NA;NAVITOCLAX
L01XX79;eflornithine;NA;NA;NA;NA;EFLORNITINA
L01XX80;imetelstat;NA;NA;NA;NA;IMETELSTAT
L01XY;Combinations of antineoplastic agents;NA;NA;NA;NA;COMBINACIONES DE AGENTES ANTINEOPLÁSICOS
L01XY01;cytarabine and daunorubicin;NA;NA;NA;NA;CITARABINA Y DAUNORRUBICINA
L02;ENDOCRINE THERAPY;NA;NA;NA;NA;TERAPIA ENDOCRINA
L02A;HORMONES AND RELATED AGENTS;NA;NA;NA;NA;HORMONAS Y AGENTES RELACIONADOS
L02AA;Estrogens;NA;NA;NA;NA;ESTRÓGENOS
L02AA01;diethylstilbestrol;3;mg;O;NA;DIETILESTILBESTROL
L02AA02;polyestradiol phosphate;6;mg;P;NA;FOSFATO DE POLIESTRADIOL
L02AA03;ethinylestradiol;1.5;mg;O;NA;ETINILESTRADIOL
L02AA04;fosfestrol;0.25;g;O;NA;FOSFESTROL
L02AA04;fosfestrol;0.25;g;P;NA;FOSFESTROL
L02AB;Progestogens;NA;NA;NA;NA;PROGESTÁGENOS
L02AB01;megestrol;0.16;g;O;NA;MEGESTROL
L02AB02;medroxyprogesterone;1;g;O;NA;MEDROXIPROGESTERONA
L02AB02;medroxyprogesterone;1;g;P;NA;MEDROXIPROGESTERONA
L02AB03;gestonorone;40;mg;P;NA;GESTONORONONE
L02AE;Gonadotropin releasing hormone analogues;NA;NA;NA;NA;ANÁLOGOS DE LA HORMONA LIBERADORA DE GONADOTROPINA
L02AE01;buserelin;0.11;mg;implant;NA;BUSERELINA
L02AE01;buserelin;1.2;mg;N;NA;BUSERELINA
L02AE01;buserelin;1.5;mg;P;NA;BUSERELINA
L02AE02;leuprorelin;60;mcg;implant;NA;LEUPRORELINA
L02AE02;leuprorelin;1;mg;P;NA;LEUPRORELINA
L02AE02;leuprorelin;0.134;mg;P;depot inj;LEUPRORELINA
L02AE03;goserelin;0.129;mg;implant;NA;GOSERELINA
L02AE04;triptorelin;0.134;mg;P;depot inj;TRIPTORELINA
L02AE04;triptorelin;0.1;mg;P;NA;TRIPTORELINA
L02AE05;histrelin;0.137;mg;implant;NA;HISTRELINA
L02AE51;leuprorelin and bicalutamide;NA;NA;NA;NA;LEUPRORELINA Y BICALUTAMIDA
L02AX;Other hormones;NA;NA;NA;NA;OTRAS HORMONAS
L02B;HORMONE ANTAGONISTS AND RELATED AGENTS;NA;NA;NA;NA;ANTAGONISTAS HORMONALES Y AGENTES RELACIONADOS
L02BA;Anti-estrogens;NA;NA;NA;NA;ANTIESTRÓGENOS
L02BA01;tamoxifen;20;mg;O;NA;TAMOXIFENO
L02BA02;toremifene;60;mg;O;NA;TOREMIFENO
L02BA03;fulvestrant;8.3;mg;P;NA;FULVESTRANT
L02BA04;elacestrant;NA;NA;NA;NA;ENCAJANTE
L02BB;Anti-androgens;NA;NA;NA;NA;ANTIANDRÓGENOS
L02BB01;flutamide;0.75;g;O;NA;FLUTAMIDA
L02BB02;nilutamide;0.3;g;O;NA;NILUTAMIDA
L02BB03;bicalutamide;50;mg;O;NA;BICALUMAMIDA
L02BB04;enzalutamide;0.16;g;O;NA;ENZALUTAMIDA
L02BB05;apalutamide;0.24;g;O;NA;APALUTAMIDA
L02BB06;darolutamide;1.2;g;O;NA;DAROLUTAMIDA
L02BG;Aromatase inhibitors;NA;NA;NA;NA;INHIBIDORES DE LA AROMATASA
L02BG01;aminoglutethimide;1;g;O;NA;AMINOGLUTETIMIDA
L02BG02;formestane;18;mg;P;NA;FORMESTANE
L02BG03;anastrozole;1;mg;O;NA;ANASTROZOL
L02BG04;letrozole;2.5;mg;O;NA;LETROZOL
L02BG05;vorozole;NA;NA;NA;NA;VOROZOLE
L02BG06;exemestane;25;mg;O;NA;EXEMESTANO
L02BX;Other hormone antagonists and related agents;NA;NA;NA;NA;OTROS ANTAGONISTAS HORMONALES Y AGENTES RELACIONADOS
L02BX01;abarelix;3.6;mg;P;NA;ABARELIX
L02BX02;degarelix;2.7;mg;P;NA;DEGARELIX
L02BX03;abiraterone;1;g;O;NA;ABIRATERONA
L02BX04;relugolix;NA;NA;NA;NA;RELUGOLIX
L02BX53;abiraterone and prednisolone;NA;NA;NA;NA;ABIRATERONA Y PREDNISOLONA
L03;IMMUNOSTIMULANTS;NA;NA;NA;NA;INMUNOESTIMULANTES
L03A;IMMUNOSTIMULANTS;NA;NA;NA;NA;INMUNOESTIMULANTES
L03AA;Colony stimulating factors;NA;NA;NA;NA;FACTORES ESTIMULANTES DE COLONIAS
L03AA02;filgrastim;0.35;mg;P;NA;FILGRASTIM
L03AA03;molgramostim;0.35;mg;P;NA;MOLGRAMOSTIM
L03AA09;sargramostim;0.45;mg;P;NA;SARGRAMOSTIM
L03AA10;lenograstim;0.35;mg;P;NA;LENOGRASTIM
L03AA12;ancestim;1.4;mg;P;NA;ANCESTIM
L03AA13;pegfilgrastim;0.3;mg;P;NA;PEGFILGRASTIM
L03AA14;lipegfilgrastim;0.3;mg;P;NA;LIPEGFILGRASTIM
L03AA15;balugrastim;NA;NA;NA;NA;BALUGRASTIM
L03AA16;empegfilgrastim;NA;NA;NA;NA;EMPEGFILGRASTIM
L03AA17;pegteograstim;0.3;mg;P;NA;PEGTEOGRASTIM
L03AA18;efbemalenograstim alfa;NA;NA;NA;NA;EFBEMALENOGRASTIM ALFA
L03AA19;eflapegrastim;NA;NA;NA;NA;EFLAPEGRASTIM
L03AB;Interferons;NA;NA;NA;NA;INTERFERONES
L03AB01;interferon alfa natural;2;MU;P;NA;INTERFERÓN ALFA NATURAL
L03AB02;interferon beta natural;33.33;TU;P;NA;INTERFERÓN BETA NATURAL
L03AB03;interferon gamma;40;mcg;P;NA;INTERFERÓN GAMMA
L03AB04;interferon alfa-2a;2;MU;P;NA;INTERFERÓN ALFA-2A
L03AB05;interferon alfa-2b;2;MU;P;NA;INTERFERÓN ALFA-2B
L03AB06;interferon alfa-n1;5;MU;P;NA;INTERFERÓN ALFA-N1
L03AB07;interferon beta-1a;4.3;mcg;P;NA;INTERFERÓN BETA-1A
L03AB08;interferon beta-1b;4;MU;P;NA;INTERFERÓN BETA-1B
L03AB09;interferon alfacon-1;4;mcg;P;NA;INTERFERÓN ALFACÓN-1
L03AB10;peginterferon alfa-2b;7.5;mcg;P;NA;PEGINTERFERÓN ALFA-2B
L03AB11;peginterferon alfa-2a;26;mcg;P;NA;PEGINTERFERÓN ALFA-2A
L03AB12;albinterferon alfa-2b;NA;NA;NA;NA;ALBINTERFERÓN ALFA-2B
L03AB13;peginterferon beta-1a;8.9;mcg;P;NA;PEGINTERFERÓN BETA-1A
L03AB14;cepeginterferon alfa-2b;17;mcg;P;NA;CEPEGINTERFERÓN ALFA-2B
L03AB15;ropeginterferon alfa-2b;NA;NA;NA;NA;DE CUERDADE INTERFERÓN ALFA-2B
L03AB16;peginterferon alfacon-2;NA;NA;NA;NA;PEGINTERFERÓN ALFACON-2
L03AB17;sampeginterferon beta-1a;NA;NA;NA;NA;SAMPEGINTERFERÓN BETA-1A
L03AB60;peginterferon alfa-2b, combinations;NA;NA;NA;NA;PEGINTERFERÓN ALFA-2B, COMBINACIONES
L03AB61;peginterferon alfa-2a, combinations;NA;NA;NA;NA;PEGINTERFERÓN ALFA-2A, COMBINACIONES
L03AC;Interleukins;NA;NA;NA;NA;INTERLEUCINAS
L03AC01;aldesleukin;0.2;mg;P;NA;ALDESLEUKIN
L03AC02;oprelvekin;3.5;mg;P;NA;OPRELVEKIN
L03AX;Other immunostimulants;NA;NA;NA;NA;OTROS INMUNOESTIMULANTES
L03AX01;lentinan;0.3;mg;O;NA;LENTINAN
L03AX01;lentinan;0.3;mg;P;NA;LENTINAN
L03AX02;roquinimex;NA;NA;NA;NA;ROQUINIMEX
L03AX03;BCG vaccine;1.8;mg;intravesical;NA;VACUNA BCG
L03AX04;pegademase;NA;NA;NA;NA;PEGADEMOSA
L03AX05;pidotimod;1.6;g;O;NA;PIDIMODOM
L03AX07;poly I:C;NA;NA;NA;NA;POLI I:C
L03AX08;poly ICLC;NA;NA;NA;NA;POLI ICLC
L03AX09;thymopentin;NA;NA;NA;NA;TIMOPENTINA
L03AX10;immunocyanin;3;mg;intravesical;NA;INMUNOCIANINA
L03AX11;tasonermin;3.5;mg;P;NA;TASONERMIN
L03AX12;melanoma vaccine;NA;NA;NA;NA;VACUNA CONTRA EL MELANOMA
L03AX13;glatiramer acetate;20;mg;P;NA;ACETATO DE GLATIRAMER
L03AX14;histamine dihydrochloride;0.5;mg;P;NA;DICLORHIDRATO DE HISTAMINA
L03AX15;mifamurtide;0.7;mg;P;NA;MIFAMURTIDA
L03AX16;plerixafor;16.8;mg;P;NA;PLERIXAFOR
L03AX17;sipuleucel-T;NA;NA;NA;NA;SIPULEUCEL-T
L03AX18;cridanimod;NA;NA;NA;NA;CRIDANIMOD
L03AX19;dasiprotimut-T;NA;NA;NA;NA;DASIPROTIMUT-T
L03AX21;elapegademase;NA;NA;NA;NA;ELAPEGADEMASASA
L03AX22;leniolisib;NA;NA;NA;NA;LENIOLISIB
L04;IMMUNOSUPPRESSANTS;NA;NA;NA;NA;INMUNODEPRESORES
L04A;IMMUNOSUPPRESSANTS;NA;NA;NA;NA;INMUNODEPRESORES
L04AA;Selective immunosuppressants;NA;NA;NA;NA;INMUNOSUPRESORES SELECTIVOS
L04AA03;antilymphocyte immunoglobulin (horse);1.05;g;P;NA;INMUNOGLOBULINA ANTILINFOCITARIA (CABALLO)
L04AA04;antithymocyte immunoglobulin (rabbit);0.1;g;P;NA;INMUNOGLOBULINA ANTITIMOCÍTICA (CONEJO)
L04AA06;mycophenolic acid;2;g;O;as mycophenolate mofetil;ÁCIDO MICOFENÓLICO
L04AA06;mycophenolic acid;2;g;P;as mycophenolate mofetil;ÁCIDO MICOFENÓLICO
L04AA15;alefacept;NA;NA;NA;NA;ALEFACEPT
L04AA19;gusperimus;NA;NA;NA;NA;GUSPERIMUS
L04AA22;abetimus;NA;NA;NA;NA;ABETIMUS
L04AA24;abatacept;27;mg;P;NA;ABATACEPT
L04AA28;belatacept;12.5;mg;P;NA;BELATACEPT
L04AA32;apremilast;60;mg;O;NA;APREMILAST
L04AA40;cladribine;0.34;mg;O;NA;CLADRIBINA
L04AA41;imlifidase;17.5;mg;P;course dose;IMLIFIDASA
L04AA48;belumosudil;NA;NA;NA;NA;BELUMAUSUDIL
L04AA58;efgartigimod alfa;NA;NA;NA;NA;EFGARTIGIMOD ALFA
L04AB;Tumor necrosis factor alpha (TNF-Î±) inhibitors;NA;NA;NA;NA;INHIBIDORES DEL FACTOR DE NECROSIS TUMORAL ALFA (TNF-Î±)
L04AB01;etanercept;7;mg;P;NA;ETANERCEPT
L04AB02;infliximab;3.75;mg;P;NA;INFLIXIMAB
L04AB03;afelimomab;NA;NA;NA;NA;AFELIMOMAB
L04AB04;adalimumab;2.9;mg;P;NA;ADALIMUMAB
L04AB05;certolizumab pegol;14;mg;P;NA;CERTOLIZUMAB PEGOL
L04AB06;golimumab;1.66;mg;P;NA;GOLIMUMAB
L04AB07;opinercept;7;mg;P;NA;OMERSCEPT
L04AC;Interleukin inhibitors;NA;NA;NA;NA;INHIBIDORES DE LA INTERLEUCINA
L04AC01;daclizumab;5;mg;P;NA;DACLIZUMAB
L04AC02;basiliximab;40;mg;P;course dose;BASILIXIMAB
L04AC03;anakinra;0.1;g;P;NA;ANAKINRA
L04AC04;rilonacept;23;mg;P;NA;RILONACEPT
L04AC05;ustekinumab;0.54;mg;P;NA;USTEKINUMAB
L04AC07;tocilizumab;20;mg;P;NA;TOCILIZUMAB
L04AC08;canakinumab;2.7;mg;P;NA;CANAKINUMAB
L04AC09;briakinumab;NA;NA;NA;NA;BRIAKINUMAB
L04AC10;secukinumab;10;mg;P;NA;SECUKINUMAB
L04AC11;siltuximab;37;mg;P;NA;SILTUXIMAB
L04AC12;brodalumab;15;mg;P;NA;BRODALUMAB
L04AC13;ixekizumab;2.9;mg;P;NA;IXEKIZUMAB
L04AC14;sarilumab;14.3;mg;P;NA;SARILUMAB
L04AC15;sirukumab;NA;NA;NA;NA;SIRUKUMAB
L04AC16;guselkumab;1.79;mg;P;NA;GUSELKUMAB
L04AC17;tildrakizumab;1.11;mg;P;NA;TILDRAKIZUMAB
L04AC18;risankizumab;1.67;mg;P;NA;RISANKIZUMAB
L04AC19;satralizumab;4.3;mg;P;NA;SATRALIZUMAB
L04AC20;netakimab;NA;NA;NA;NA;NETAKIMAB
L04AC21;bimekizumab;5.7;mg;P;NA;BIMEKIZUMAB
L04AC22;spesolimab;0.9;g;P;course dose;SPESOLIMAB
L04AC23;olokizumab;NA;NA;NA;NA;OLOKIZUMAB
L04AC24;mirikizumab;NA;NA;NA;NA;MIRIKIZUMAB
L04AC25;levilimab;NA;NA;NA;NA;LEVILIMAB
L04AD;Calcineurin inhibitors;NA;NA;NA;NA;INHIBIDORES DE LA CALCINEURINA
L04AD01;ciclosporin;0.25;g;O;NA;CICLOSPORINA
L04AD01;ciclosporin;0.25;g;P;NA;CICLOSPORINA
L04AD02;tacrolimus;5;mg;O;NA;TACROLIMUS
L04AD02;tacrolimus;5;mg;P;NA;TACROLIMUS
L04AD03;voclosporin;47.4;mg;O;NA;VOCLOSPORINA
L04AE;Sphingosine-1-phosphate (S1P) receptor modulators;NA;NA;NA;NA;MODULADORES DEL RECEPTOR DE ESFINGOSINA-1-FOSFATO (S1P)
L04AE01;fingolimod;0.5;mg;O;NA;FINGOLIMOD
L04AE02;ozanimod;0.92;mg;O;NA;OZANIMOD
L04AE03;siponimod;NA;NA;NA;NA;SIPONIMOD
L04AE04;ponesimod;20;mg;O;NA;PONESIMOD
L04AE05;etrasimod;NA;NA;NA;NA;ETRASIMOD
L04AF;Janus-associated kinase (JAK) inhibitors;NA;NA;NA;NA;INHIBIDORES DE LA CINASA ASOCIADA A JANUS (JAK)
L04AF01;tofacitinib;10;mg;O;NA;TOFACITINIB
L04AF02;baricitinib;3;mg;O;NA;BARICITINIB
L04AF03;upadacitinib;15;mg;O;NA;UPADACITINIB
L04AF04;filgotinib;0.2;g;O;NA;FILGOTINIB
L04AF05;itacitinib;NA;NA;NA;NA;ITACITINIB
L04AF06;peficitinib;NA;NA;NA;NA;PEFICITINIB
L04AF07;deucravacitinib;NA;NA;NA;NA;DEUCRAVACITINIB
L04AF08;ritlecitinib;NA;NA;NA;NA;RITLECITINIB
L04AG;Monoclonal antibodies;NA;NA;NA;NA;ANTICUERPOS MONOCLONALES
L04AG01;muromonab-CD3;5;mg;P;NA;MUROMONAB-CD3
L04AG02;efalizumab;10;mg;P;NA;EFALIZUMAB
L04AG03;natalizumab;10;mg;P;NA;NATALIZUMAB
L04AG04;belimumab;25;mg;P;NA;BELIMUMAB
L04AG05;vedolizumab;5.4;mg;P;NA;VEDOLIZUMAB
L04AG06;alemtuzumab;0.13;mg;P;NA;ALEMTUZUMAB
L04AG07;begelomab;NA;NA;NA;NA;BEGELOMAB
L04AG08;ocrelizumab;3.29;mg;P;NA;OCRELIZUMAB
L04AG09;emapalumab;NA;NA;NA;NA;EMAPALUMAB
L04AG10;inebilizumab;NA;NA;NA;NA;INEBILIZUMAB
L04AG11;anifrolumab;10.7;mg;P;NA;ANIFROLUMAB
L04AG12;ofatumumab;0.67;mg;P;NA;OFATUMUMAB
L04AG13;teprotumumab;NA;NA;NA;NA;TEPROTUMUMAB
L04AG14;ublituximab;NA;NA;NA;NA;UBLITUXIMAB
L04AG15;divozilimab;NA;NA;NA;NA;DIVOZILIMAB
L04AG16;rozanolixizumab;NA;NA;NA;NA;ROZANOLIXIZUMAB
L04AH;Mammalian target of rapamycin (mTOR) kinase inhibitors;NA;NA;NA;NA;INHIBIDORES DE LA CINASA DIANA DE LA RAPAMICINA (MTOR) EN MAMÍFEROS
L04AH01;sirolimus;3;mg;O;NA;SIROLIMUS
L04AH02;everolimus;1.5;mg;O;NA;EVEROLIMUS
L04AJ;Complement inhibitors;NA;NA;NA;NA;INHIBIDORES DEL COMPLEMENTO
L04AJ01;eculizumab;64;mg;P;NA;ECULIZUMAB
L04AJ02;ravulizumab;58.9;mg;P;NA;RAVULIZUMAB
L04AJ03;pegcetacoplan;0.3;g;P;NA;PEGCETACOPLAN
L04AJ04;sutimlimab;NA;NA;NA;NA;SUTIMLIMAB
L04AJ05;avacopan;60;mg;O;NA;AVACOPAN
L04AJ06;zilucoplan;NA;NA;NA;NA;ZILUCOPLAN
L04AJ07;crovalimab;NA;NA;NA;NA;CROVALIMAB
L04AJ08;iptacopan;NA;NA;NA;NA;IPTACOPAN
L04AJ09;danicopan;NA;NA;NA;NA;DANICOPAN
L04AK;Dihydroorotate dehydrogenase (DHODH) inhibitors;NA;NA;NA;NA;INHIBIDORES DE LA DIHIDROOROTATO DESHIDROGENASA (DHODH)
L04AK01;leflunomide;20;mg;O;NA;LEFLUNOMIDA
L04AK02;teriflunomide;14;mg;O;NA;TERIFLUNOMIDA
L04AX;Other immunosuppressants;NA;NA;NA;NA;OTROS INMUNOSUPRESORES
L04AX01;azathioprine;0.15;g;O;NA;AZATIOPRINA
L04AX01;azathioprine;0.15;g;P;NA;AZATIOPRINA
L04AX02;thalidomide;0.1;g;O;NA;TALIDOMIDA
L04AX03;methotrexate;2.5;mg;O;NA;METOTREXATO
L04AX03;methotrexate;2.5;mg;P;NA;METOTREXATO
L04AX04;lenalidomide;10;mg;O;NA;LENALIDOMIDA
L04AX05;pirfenidone;2.4;g;O;NA;PIRFENIDONA
L04AX06;pomalidomide;3;mg;O;NA;POMALIDOMIDA
L04AX07;dimethyl fumarate;0.48;g;O;NA;DIMETILFUMARATO
L04AX08;darvadstrocel;NA;NA;NA;NA;DARVADSTROCEL
L04AX09;diroximel fumarate;0.924;g;O;NA;DIROXIMEL FUMARATO
M;MUSCULO-SKELETAL SYSTEM;NA;NA;NA;NA;SISTEMA MUSCULO-ESQUELÉTICO
M01;ANTIINFLAMMATORY AND ANTIRHEUMATIC PRODUCTS;NA;NA;NA;NA;PRODUCTOS ANTIINFLAMATORIOS Y ANTIRREUMÁTICOS
M01A;ANTIINFLAMMATORY AND ANTIRHEUMATIC PRODUCTS, NON-STEROIDS;NA;NA;NA;NA;PRODUCTOS ANTIINFLAMATORIOS Y ANTIRREUMÁTICOS, NO ESTEROIDEOS
M01AA;Butylpyrazolidines;NA;NA;NA;NA;BUTILPIRAZOLIDINAS
M01AA01;phenylbutazone;0.3;g;O;NA;FENILBUTAZONA
M01AA01;phenylbutazone;0.3;g;P;NA;FENILBUTAZONA
M01AA01;phenylbutazone;0.3;g;R;NA;FENILBUTAZONA
M01AA02;mofebutazone;0.75;g;O;NA;MOFEBUTAZONA
M01AA02;mofebutazone;0.75;g;P;NA;MOFEBUTAZONA
M01AA03;oxyphenbutazone;0.3;g;O;NA;OXIFENBUTAZONA
M01AA03;oxyphenbutazone;0.3;g;R;NA;OXIFENBUTAZONA
M01AA05;clofezone;0.6;g;O;NA;CLOFEZONE
M01AA05;clofezone;0.6;g;R;NA;CLOFEZONE
M01AA06;kebuzone;NA;NA;NA;NA;KEBUZONE
M01AB;Acetic acid derivatives and related substances;NA;NA;NA;NA;DERIVADOS DEL ÁCIDO ACÉTICO Y SUSTANCIAS AFINES
M01AB01;indometacin;0.1;g;O;NA;INDOMETACINA
M01AB01;indometacin;0.1;g;P;NA;INDOMETACINA
M01AB01;indometacin;0.1;g;R;NA;INDOMETACINA
M01AB02;sulindac;0.4;g;O;NA;SULINDAC
M01AB02;sulindac;0.4;g;P;NA;SULINDAC
M01AB02;sulindac;0.4;g;R;NA;SULINDAC
M01AB03;tolmetin;0.7;g;O;NA;TOLMETINA
M01AB03;tolmetin;0.7;g;R;NA;TOLMETINA
M01AB04;zomepirac;0.3;g;O;NA;ZOMEPIRAC
M01AB05;diclofenac;0.1;g;O;NA;DICLOFENACO
M01AB05;diclofenac;0.1;g;P;NA;DICLOFENACO
M01AB05;diclofenac;0.1;g;R;NA;DICLOFENACO
M01AB06;alclofenac;1.25;g;O;NA;ALCLOFENACO
M01AB06;alclofenac;1.25;g;R;NA;ALCLOFENACO
M01AB07;bumadizone;0.4;g;O;NA;BUMADIZONA
M01AB08;etodolac;0.4;g;O;NA;ETODOLACO
M01AB09;lonazolac;0.6;g;O;NA;LONAZOLAC
M01AB10;fentiazac;NA;NA;NA;NA;FENTIAZAC
M01AB11;acemetacin;0.12;g;O;NA;ACEMETACINA
M01AB12;difenpiramide;NA;NA;NA;NA;DIFENPIRAMIDA
M01AB13;oxametacin;NA;NA;NA;NA;OXAMETACINA
M01AB14;proglumetacin;NA;NA;NA;NA;PROGLUMETACINA
M01AB15;ketorolac;30;mg;O;NA;KETOROLACO
M01AB15;ketorolac;30;mg;P;NA;KETOROLACO
M01AB16;aceclofenac;0.2;g;O;NA;ACECLOFENACO
M01AB17;bufexamac;NA;NA;NA;NA;BUFEXAMAC
M01AB51;indometacin, combinations;0.1;g;O;Refers to indometacin;INDOMETACINA, COMBINACIONES
M01AB51;indometacin, combinations;0.1;g;R;Refers to indometacin;INDOMETACINA, COMBINACIONES
M01AB55;diclofenac, combinations;0.1;g;O;Refers to diclofenac;DICLOFENACO, COMBINACIONES
M01AC;Oxicams;NA;NA;NA;NA;OXICAMS
M01AC01;piroxicam;20;mg;O;NA;PIROXICAM
M01AC01;piroxicam;20;mg;P;NA;PIROXICAM
M01AC01;piroxicam;20;mg;R;NA;PIROXICAM
M01AC02;tenoxicam;20;mg;O;NA;TENOXICAM
M01AC02;tenoxicam;20;mg;P;NA;TENOXICAM
M01AC02;tenoxicam;20;mg;R;NA;TENOXICAM
M01AC04;droxicam;NA;NA;NA;NA;DROXICAM
M01AC05;lornoxicam;12;mg;O;NA;LORNOXICAM
M01AC05;lornoxicam;12;mg;P;NA;LORNOXICAM
M01AC05;lornoxicam;12;mg;R;NA;LORNOXICAM
M01AC06;meloxicam;15;mg;O;NA;MELOXICAM
M01AC06;meloxicam;15;mg;P;NA;MELOXICAM
M01AC06;meloxicam;15;mg;R;NA;MELOXICAM
M01AC56;meloxicam, combinations;NA;NA;NA;NA;MELOXICAM, COMBINACIONES
M01AE;Propionic acid derivatives;NA;NA;NA;NA;DERIVADOS DEL ÁCIDO PROPIÓNICO
M01AE01;ibuprofen;1.2;g;O;NA;IBUPROFENO
M01AE01;ibuprofen;1.2;g;P;NA;IBUPROFENO
M01AE01;ibuprofen;1.2;g;R;NA;IBUPROFENO
M01AE02;naproxen;0.5;g;O;NA;NAPROXENO
M01AE02;naproxen;0.5;g;R;NA;NAPROXENO
M01AE03;ketoprofen;0.15;g;O;NA;KETOPROFENO
M01AE03;ketoprofen;0.15;g;P;NA;KETOPROFENO
M01AE03;ketoprofen;0.15;g;R;NA;KETOPROFENO
M01AE04;fenoprofen;1.2;g;O;NA;FENOPROFENO
M01AE05;fenbufen;0.6;g;O;NA;FENBUFEN
M01AE06;benoxaprofen;NA;NA;NA;NA;BENOXAPROFENO
M01AE07;suprofen;0.4;g;O;NA;SUPROFENO
M01AE08;pirprofen;0.8;g;O;NA;PIRPROFENO
M01AE09;flurbiprofen;0.2;g;O;NA;FLURBIPROFENO
M01AE09;flurbiprofen;0.2;g;R;NA;FLURBIPROFENO
M01AE10;indoprofen;NA;NA;NA;NA;INDOPROFENO
M01AE11;tiaprofenic acid;0.6;g;O;NA;ÁCIDO TIAPROFÉNICO
M01AE11;tiaprofenic acid;0.6;g;R;NA;ÁCIDO TIAPROFÉNICO
M01AE12;oxaprozin;0.9;g;O;NA;OXAPROZINA
M01AE13;ibuproxam;NA;NA;NA;NA;IBUPROXAM
M01AE14;dexibuprofen;0.8;g;O;NA;DEXIBUPROFENO
M01AE15;flunoxaprofen;NA;NA;NA;NA;FLUNOXAPROFENO
M01AE16;alminoprofen;NA;NA;NA;NA;ALMINOPROFENO
M01AE17;dexketoprofen;75;mg;O;NA;DEXKETOPROFENO
M01AE17;dexketoprofen;75;mg;P;NA;DEXKETOPROFENO
M01AE18;naproxcinod;NA;NA;NA;NA;NAPROXCINOD
M01AE51;ibuprofen, combinations;NA;NA;NA;NA;IBUPROFENO, COMBINACIONES
M01AE52;naproxen and esomeprazole;0.5;g;O;Refers to naproxen;NAPROXENO Y ESOMEPRAZOL
M01AE53;ketoprofen, combinations;NA;NA;NA;NA;KETOPROFENO, COMBINACIONES
M01AE56;naproxen and misoprostol;NA;NA;NA;NA;NAPROXENO Y MISOPROSTOL
M01AE57;naproxen and diphenhydramine;NA;NA;NA;NA;NAPROXENO Y DIFENHIDRAMINA
M01AG;Fenamates;NA;NA;NA;NA;FENAMATES
M01AG01;mefenamic acid;1;g;O;NA;ÁCIDO MEFENÁMICO
M01AG02;tolfenamic acid;0.3;g;O;NA;ÁCIDO TOLFENÁMICO
M01AG02;tolfenamic acid;0.3;g;R;NA;ÁCIDO TOLFENÁMICO
M01AG03;flufenamic acid;0.5;g;O;NA;ÁCIDO FLUFENÁMICO
M01AG04;meclofenamic acid;NA;NA;NA;NA;ÁCIDO MECLOFENÁMICO
M01AH;Coxibs;NA;NA;NA;NA;COXIBS
M01AH01;celecoxib;0.2;g;O;NA;CELECOXIB
M01AH02;rofecoxib;25;mg;O;NA;ROFECOXIB
M01AH03;valdecoxib;10;mg;O;NA;VALDECOXIB
M01AH04;parecoxib;40;mg;P;NA;PARECOXIB
M01AH05;etoricoxib;60;mg;O;NA;ETORICOXIB
M01AH06;lumiracoxib;0.1;g;O;NA;LUMIRACOXIB
M01AH07;polmacoxib;NA;NA;NA;NA;POLMACOXIB
M01AX;Other antiinflammatory and antirheumatic agents, non-steroids;NA;NA;NA;NA;OTROS AGENTES ANTIINFLAMATORIOS Y ANTIRREUMÁTICOS, NO ESTEROIDEOS
M01AX01;nabumetone;1;g;O;NA;NABUMETONE
M01AX02;niflumic acid;0.75;g;O;NA;ÁCIDO NIFLUMICO
M01AX04;azapropazone;0.75;g;O;NA;AZAPROPAZONA
M01AX05;glucosamine;1.5;g;O;Refers to glucosamine sulfate;GLUCOSAMINA
M01AX07;benzydamine;0.15;g;O;NA;BENCIDAMINA
M01AX07;benzydamine;0.15;g;R;NA;BENCIDAMINA
M01AX12;glucosaminoglycan polysulfate;50;mg;P;NA;POLISULFATO DE GLUCOSAMINOGLICANO
M01AX13;proquazone;0.9;g;O;NA;PROQUAZONA
M01AX13;proquazone;0.9;g;R;NA;PROQUAZONA
M01AX14;orgotein;NA;NA;NA;NA;ORGOTEÍNA
M01AX17;nimesulide;0.2;g;O;NA;NIMESULIDA
M01AX18;feprazone;NA;NA;NA;NA;FEPRAZONA
M01AX21;diacerein;NA;NA;NA;NA;DIACEREÍNA
M01AX22;morniflumate;NA;NA;NA;NA;MORNIFLUMATE
M01AX23;tenidap;NA;NA;NA;NA;TENIDAP
M01AX24;oxaceprol;NA;NA;NA;NA;DE OXACEPROL
M01AX25;chondroitin sulfate;NA;NA;NA;NA;SULFATO DE CONDROITINA
M01AX26;avocado and soyabean oil, unsaponifiables;NA;NA;NA;NA;AGUACATE Y ACEITE DE SOJA, INSAPONIFICABLES
M01AX68;feprazone, combinations;NA;NA;NA;NA;FEPRAZONA, COMBINACIONES
M01B;ANTIINFLAMMATORY/ANTIRHEUMATIC AGENTS IN COMBINATION;NA;NA;NA;NA;AGENTES ANTIINFLAMATORIOS/ANTIRREUMÁTICOS EN COMBINACIÓN
M01BA;Antiinflammatory/antirheumatic agents in combination with corticosteroids;NA;NA;NA;NA;AGENTES ANTIINFLAMATORIOS/ANTIRREUMÁTICOS EN COMBINACIÓN CON CORTICOIDES
M01BA01;phenylbutazone and corticosteroids;NA;NA;NA;NA;FENILBUTAZONA Y CORTICOSTEROIDES
M01BA02;dipyrocetyl and corticosteroids;NA;NA;NA;NA;DIPIROCETILO Y CORTICOIDES
M01BA03;acetylsalicylic acid and corticosteroids;NA;NA;NA;NA;ÁCIDO ACETILSALICÍLICO Y CORTICOIDES
M01BX;Other antiinflammatory/antirheumatic agents in combination with other drugs;NA;NA;NA;NA;OTROS AGENTES ANTIINFLAMATORIOS/ANTIRREUMÁTICOS EN COMBINACIÓN CON OTROS FÁRMACOS
M01C;SPECIFIC ANTIRHEUMATIC AGENTS;NA;NA;NA;NA;AGENTES ANTIRREUMÁTICOS ESPECÍFICOS
M01CA;Quinolines;NA;NA;NA;NA;QUINOLINAS
M01CA03;oxycinchophen;1.5;g;O;NA;OXICINCHOPENO
M01CB;Gold preparations;NA;NA;NA;NA;PREPARACIONES DE ORO
M01CB01;sodium aurothiomalate;2.4;mg;P;NA;AUROTIOMALATO DE SODIO
M01CB02;sodium aurotiosulfate;14;mg;P;NA;AUROTIOSULFATO DE SODIO
M01CB03;auranofin;6;mg;O;NA;AURANOFIN
M01CB04;aurothioglucose;2.4;mg;P;NA;DE AUROTIOGLUCOSA
M01CB05;aurotioprol;NA;NA;NA;NA;AUROTIOPROL
M01CC;Penicillamine and similar agents;NA;NA;NA;NA;PENICILAMINA Y AGENTES SIMILARES
M01CC01;penicillamine;0.5;g;O;NA;PENICILAMINA
M01CC02;bucillamine;NA;NA;NA;NA;BUCILLAMINA
M01CX;Other specific antirheumatic agents;NA;NA;NA;NA;OTROS AGENTES ANTIRREUMÁTICOS ESPECÍFICOS
M02;TOPICAL PRODUCTS FOR JOINT AND MUSCULAR PAIN;NA;NA;NA;NA;PRODUCTOS TÓPICOS PARA EL DOLOR ARTICULAR Y MUSCULAR
M02A;TOPICAL PRODUCTS FOR JOINT AND MUSCULAR PAIN;NA;NA;NA;NA;PRODUCTOS TÓPICOS PARA EL DOLOR ARTICULAR Y MUSCULAR
M02AA;Antiinflammatory preparations, non-steroids for topical use;NA;NA;NA;NA;PREPARACIONES ANTIINFLAMATORIAS, NO ESTEROIDEOS PARA USO TÓPICO
M02AA01;phenylbutazone;NA;NA;NA;NA;FENILBUTAZONA
M02AA02;mofebutazone;NA;NA;NA;NA;MOFEBUTAZONA
M02AA03;clofezone;NA;NA;NA;NA;CLOFEZONE
M02AA04;oxyphenbutazone;NA;NA;NA;NA;OXIFENBUTAZONA
M02AA05;benzydamine;NA;NA;NA;NA;BENCIDAMINA
M02AA06;etofenamate;NA;NA;NA;NA;ETOFENAMATO
M02AA07;piroxicam;NA;NA;NA;NA;PIROXICAM
M02AA08;felbinac;NA;NA;NA;NA;FELBINAC
M02AA09;bufexamac;NA;NA;NA;NA;BUFEXAMAC
M02AA10;ketoprofen;NA;NA;NA;NA;KETOPROFENO
M02AA11;bendazac;NA;NA;NA;NA;BENDAZAC
M02AA12;naproxen;NA;NA;NA;NA;NAPROXENO
M02AA13;ibuprofen;NA;NA;NA;NA;IBUPROFENO
M02AA14;fentiazac;NA;NA;NA;NA;FENTIAZAC
M02AA15;diclofenac;NA;NA;NA;NA;DICLOFENACO
M02AA16;feprazone;NA;NA;NA;NA;FEPRAZONA
M02AA17;niflumic acid;NA;NA;NA;NA;ÁCIDO NIFLUMICO
M02AA18;meclofenamic acid;NA;NA;NA;NA;ÁCIDO MECLOFENÁMICO
M02AA19;flurbiprofen;NA;NA;NA;NA;FLURBIPROFENO
M02AA21;tolmetin;NA;NA;NA;NA;TOLMETINA
M02AA22;suxibuzone;NA;NA;NA;NA;SUXIBUZONA
M02AA23;indometacin;NA;NA;NA;NA;INDOMETACINA
M02AA24;nifenazone;NA;NA;NA;NA;NIFENAZONA
M02AA25;aceclofenac;NA;NA;NA;NA;ACECLOFENACO
M02AA26;nimesulide;NA;NA;NA;NA;NIMESULIDA
M02AA27;dexketoprofen;NA;NA;NA;NA;DEXKETOPROFENO
M02AA28;piketoprofen;NA;NA;NA;NA;PIKETOPROFENO
M02AA29;esflurbiprofen;NA;NA;NA;NA;ESFLURBIPROFENO
M02AA31;loxoprofen;NA;NA;NA;NA;LOXOPROFENO
M02AB;Capsaicin and similar agents;NA;NA;NA;NA;CAPSAICINA Y AGENTES SIMILARES
M02AB01;capsaicin;NA;NA;NA;NA;CAPSAICINA
M02AB02;zucapsaicin;NA;NA;NA;NA;ZUCAPSAICINA
M02AC;Preparations with salicylic acid derivatives;NA;NA;NA;NA;PREPARACIONES CON DERIVADOS DEL ÁCIDO SALICÍLICO
M02AX;Other topical products for joint and muscular pain;NA;NA;NA;NA;OTROS PRODUCTOS TÓPICOS PARA EL DOLOR ARTICULAR Y MUSCULAR
M02AX02;tolazoline;NA;NA;NA;NA;TOLAZOLINA
M02AX03;dimethyl sulfoxide;NA;NA;NA;NA;DIMETILSULFÓXIDO
M02AX05;idrocilamide;NA;NA;NA;NA;IDROCILAMIDA
M02AX06;tolperisone;NA;NA;NA;NA;TOLPERISONA
M02AX10;various;NA;NA;NA;NA;VARIOS
M03;MUSCLE RELAXANTS;NA;NA;NA;NA;RELAJANTES MUSCULARES
M03A;MUSCLE RELAXANTS, PERIPHERALLY ACTING AGENTS;NA;NA;NA;NA;RELAJANTES MUSCULARES, AGENTES DE ACCIÓN PERIFÉRICA
M03AA;Curare alkaloids;NA;NA;NA;NA;ALCALOIDES DEL CURARE
M03AA01;alcuronium;NA;NA;NA;NA;ALCURONIO
M03AA02;tubocurarine;NA;NA;NA;NA;TUBOCURARINA
M03AA04;dimethyltubocurarine;NA;NA;NA;NA;DIMETILTUBOCURARINA
M03AB;Choline derivatives;NA;NA;NA;NA;DERIVADOS DE LA COLINA
M03AB01;suxamethonium;NA;NA;NA;NA;SUXAMETONIO
M03AC;Other quaternary ammonium compounds;NA;NA;NA;NA;OTROS COMPUESTOS DE AMONIO CUATERNARIO
M03AC01;pancuronium;NA;NA;NA;NA;PANCURONIO
M03AC02;gallamine;NA;NA;NA;NA;GALAMINA
M03AC03;vecuronium;NA;NA;NA;NA;VECURONIO
M03AC04;atracurium;NA;NA;NA;NA;ATRACURIO
M03AC05;hexafluronium;NA;NA;NA;NA;HEXAFLURONIO
M03AC06;pipecuronium bromide;NA;NA;NA;NA;BROMURO DE PIPECURONIO
M03AC07;doxacurium chloride;NA;NA;NA;NA;CLORURO DE DOXACURIO
M03AC08;fazadinium bromide;NA;NA;NA;NA;BROMURO DE FAZADINIO
M03AC09;rocuronium bromide;NA;NA;NA;NA;BROMURO DE ROCURONIO
M03AC10;mivacurium chloride;NA;NA;NA;NA;CLORURO DE MIVACURIO
M03AC11;cisatracurium;NA;NA;NA;NA;CISATRACURIO
M03AX;Other muscle relaxants, peripherally acting agents;NA;NA;NA;NA;OTROS RELAJANTES MUSCULARES, AGENTES DE ACCIÓN PERIFÉRICA
M03AX01;botulinum toxin;NA;NA;NA;NA;TOXINA BOTULÍNICA
M03B;MUSCLE RELAXANTS, CENTRALLY ACTING AGENTS;NA;NA;NA;NA;RELAJANTES MUSCULARES, AGENTES DE ACCIÓN CENTRAL
M03BA;Carbamic acid esters;NA;NA;NA;NA;ÉSTERES DE ÁCIDO CARBÁMICO
M03BA01;phenprobamate;1.6;g;O;NA;FENPROBAMATO
M03BA02;carisoprodol;1.4;g;O;NA;CARISOPRODOL
M03BA03;methocarbamol;3;g;O;NA;METOCARBAMOL
M03BA03;methocarbamol;3;g;P;NA;METOCARBAMOL
M03BA04;styramate;0.5;g;O;NA;STIRAMATO
M03BA05;febarbamate;0.3;g;O;NA;FEBARBAMATO
M03BA51;phenprobamate, combinations excl. psycholeptics;NA;NA;NA;NA;FENPROBAMATO, COMBINACIONES EXC. PSICOLÉPTICOS
M03BA52;carisoprodol, combinations excl. psycholeptics;NA;NA;NA;NA;CARISOPRODOL, COMBINACIONES EXC. PSICOLÉPTICOS
M03BA53;methocarbamol, combinations excl. psycholeptics;NA;NA;NA;NA;METOCARBAMOL, COMBINACIONES EXCL. PSICOLÉPTICOS
M03BA71;phenprobamate, combinations with psycholeptics;NA;NA;NA;NA;FENPROBAMATO, COMBINACIONES CON PSICOLÉPTICOS
M03BA72;carisoprodol, combinations with psycholeptics;NA;NA;NA;NA;CARISOPRODOL, COMBINACIONES CON PSICOLÉPTICOS
M03BA73;methocarbamol, combinations with psycholeptics;NA;NA;NA;NA;METOCARBAMOL, COMBINACIONES CON PSICOLÉPTICOS
M03BB;Oxazol, thiazine, and triazine derivatives;NA;NA;NA;NA;DERIVADOS DE OXAZOL, TIAZINA Y TRIAZINA
M03BB02;chlormezanone;0.6;g;O;NA;CLORMEZANONA
M03BB03;chlorzoxazone;1.5;g;O;NA;CLORZOXAZONA
M03BB52;chlormezanone, combinations excl. psycholeptics;NA;NA;NA;NA;CLORMEZANONA, COMBINACIONES EXCL. PSICOLÉPTICOS
M03BB53;chlorzoxazone, combinations excl. psycholeptics;NA;NA;NA;NA;CLORZOXAZONA, COMBINACIONES, EXC. PSICOLÉPTICOS
M03BB72;chlormezanone, combinations with psycholeptics;NA;NA;NA;NA;CLORMACENONA, COMBINACIONES CON PSICOLÉPTICOS
M03BB73;chlorzoxazone, combinations with psycholeptics;NA;NA;NA;NA;CLORZOXAZONA, COMBINACIONES CON PSICOLÉPTICOS
M03BC;Ethers, chemically close to antihistamines;NA;NA;NA;NA;ÉTERES, QUÍMICAMENTE CERCANOS A LOS ANTIHISTAMÍNICOS
M03BC01;orphenadrine (citrate);0.12;g;O;NA;ORFENADRINA (CITRATO)
M03BC01;orphenadrine (citrate);0.12;g;P;NA;ORFENADRINA (CITRATO)
M03BC51;orphenadrine, combinations;NA;NA;NA;NA;ORFENADRINA, COMBINACIONES
M03BX;Other centrally acting agents;NA;NA;NA;NA;OTROS AGENTES DE ACTUACIÓN CENTRAL
M03BX01;baclofen;50;mg;O;NA;BACLOFENO
M03BX01;baclofen;0.55;mg;P;NA;BACLOFENO
M03BX02;tizanidine;12;mg;O;NA;TIZANIDINA
M03BX03;pridinol;6;mg;O;NA;PRIDINOL
M03BX04;tolperisone;0.2;g;O;NA;TOLPERISONA
M03BX05;thiocolchicoside;NA;NA;NA;NA;TIOCOLCHICÓSIDO
M03BX06;mephenesin;NA;NA;NA;NA;MEFENESINA
M03BX07;tetrazepam;NA;NA;NA;NA;TETRAZEPAM
M03BX08;cyclobenzaprine;NA;NA;NA;NA;CICLOBENZAPRINA
M03BX09;eperisone;0.15;g;O;NA;EPERISONA
M03BX30;fenyramidol;2;g;O;NA;FENYRAMIDOL
M03BX53;pridinol, combinations;NA;NA;NA;NA;PRIDINOL, COMBINACIONES
M03BX55;thiocolchicoside, combinations;NA;NA;NA;NA;TIOCOLCHICÓSIDO, COMBINACIONES
M03C;MUSCLE RELAXANTS, DIRECTLY ACTING AGENTS;NA;NA;NA;NA;RELAJANTES MUSCULARES, AGENTES DE ACCIÓN DIRECTA
M03CA;Dantrolene and derivatives;NA;NA;NA;NA;DANTROLENO Y DERIVADOS
M03CA01;dantrolene;0.1;g;O;NA;DANTROLENE
M04;ANTIGOUT PREPARATIONS;NA;NA;NA;NA;PREPARACIONES ANTITÁCTICAS
M04A;ANTIGOUT PREPARATIONS;NA;NA;NA;NA;PREPARACIONES ANTITÁCTICAS
M04AA;Preparations inhibiting uric acid production;NA;NA;NA;NA;PREPARACIONES QUE INHIBEN LA PRODUCCIÓN DE ÁCIDO ÚRICO
M04AA01;allopurinol;0.4;g;O;NA;ALOPURINOL
M04AA01;allopurinol;0.4;g;P;NA;ALOPURINOL
M04AA02;tisopurine;NA;NA;NA;NA;TISOPURINA
M04AA03;febuxostat;80;mg;O;NA;FEBUXOSTAT
M04AA51;allopurinol, combinations;NA;NA;NA;NA;ALOPURINOL, COMBINACIONES
M04AB;Preparations increasing uric acid excretion;NA;NA;NA;NA;PREPARACIONES QUE AUMENTAN LA EXCRECIÓN DE ÁCIDO ÚRICO
M04AB01;probenecid;1;g;O;NA;PROBENECID
M04AB02;sulfinpyrazone;0.3;g;O;NA;SULFINPIRAZONA
M04AB03;benzbromarone;0.1;g;O;NA;BENZBROMARONA
M04AB04;isobromindione;NA;NA;NA;NA;ISOBROMINDIONE
M04AB05;lesinurad;0.2;g;O;NA;LESINURAD
M04AC;Preparations with no effect on uric acid metabolism;NA;NA;NA;NA;PREPARACIONES SIN EFECTO SOBRE EL METABOLISMO DEL ÁCIDO ÚRICO
M04AC01;colchicine;1;mg;O;NA;COLCHICINA
M04AC01;colchicine;1;mg;P;NA;COLCHICINA
M04AC02;cinchophen;1;g;O;NA;CINCHOPHEN
M04AC51;colchicine and probenecid;NA;NA;NA;NA;COLCHICINA Y PROBENECID
M04AX;Other antigout preparations;NA;NA;NA;NA;OTRAS PREPARACIONES ANTIGÉNICAS
M04AX01;urate oxidase;NA;NA;NA;NA;URATO OXIDASA
M04AX02;pegloticase;0.57;mg;P;NA;PEGLOTICASA
M05;DRUGS FOR TREATMENT OF BONE DISEASES;NA;NA;NA;NA;FÁRMACOS PARA EL TRATAMIENTO DE ENFERMEDADES ÓSEAS
M05B;DRUGS AFFECTING BONE STRUCTURE AND MINERALIZATION;NA;NA;NA;NA;FÁRMACOS QUE AFECTAN LA ESTRUCTURA ÓSEA Y LA MINERALIZACIÓN
M05BA;Bisphosphonates;NA;NA;NA;NA;BIFOSFONATOS
M05BA01;etidronic acid;0.4;g;O;NA;ÁCIDO ETIDRÓNICO
M05BA01;etidronic acid;1.5;g;P;course dose;ÁCIDO ETIDRÓNICO
M05BA02;clodronic acid;1.6;g;O;NA;ÁCIDO CLODRÓNICO
M05BA02;clodronic acid;1.5;g;P;course dose;ÁCIDO CLODRÓNICO
M05BA03;pamidronic acid;60;mg;P;course dose;ÁCIDO PAMIDRÓNICO
M05BA04;alendronic acid;10;mg;O;NA;ÁCIDO ALENDRÓNICO
M05BA05;tiludronic acid;0.4;g;O;NA;ÁCIDO TILUDRÓNICO
M05BA06;ibandronic acid;5;mg;O;NA;ÁCIDO IBANDRÓNICO
M05BA06;ibandronic acid;6;mg;P;course dose;ÁCIDO IBANDRÓNICO
M05BA07;risedronic acid;5;mg;O;NA;ÁCIDO RISEDRÓNICO
M05BA08;zoledronic acid;4;mg;P;course dose;ÁCIDO ZOLEDRÓNICO
M05BB;Bisphosphonates, combinations;NA;NA;NA;NA;BIFOSFONATOS, COMBINACIONES
M05BB01;etidronic acid and calcium, sequential;0.4;g;O;Refers to etidronic acid;ÁCIDO ETIDRÓNICO Y CALCIO, SECUENCIAL
M05BB02;risedronic acid and calcium, sequential;NA;NA;NA;NA;DE AUMENTOÁCIDO DRÓNICO Y CALCIO, SECUENCIAL
M05BB03;alendronic acid and colecalciferol;10;mg;O;Refers to alendronic acid;ÁCIDO ALENDRÓNICO Y COLECALCIFEROL
M05BB04;risedronic acid, calcium and colecalciferol, sequential;5;mg;O;Refers to risedronic acid;ÁCIDO RISEDRÓNICO, CALCIO Y COLECALCIFEROL, SECUENCIAL
M05BB05;alendronic acid, calcium and colecalciferol, sequential;10;mg;O;Refers to alendronic acid;ÁCIDO ALENDRÓNICO, CALCIO Y COLECALCIFEROL, SECUENCIAL
M05BB06;alendronic acid and alfacalcidol, sequential;10;mg;O;Refers to alendronic acid;ÁCIDO ALENDRÓNICO Y ALFACALCIDOL, SECUENCIAL
M05BB07;risedronic acid and colecalciferol;NA;NA;NA;NA;ÁCIDO RISEDRÓNICO Y COLECALCIFEROL
M05BB08;zoledronic acid, calcium and colecalciferol, sequential;NA;NA;NA;NA;ÁCIDO ZOLEDRÓNICO, CALCIO Y COLECALCIFEROL, SECUENCIAL
M05BB09;ibandronic acid and colecalciferol;NA;NA;NA;NA;ÁCIDO IBANDRÓNICO Y COLECALCIFEROL
M05BC;Bone morphogenetic proteins;NA;NA;NA;NA;PROTEÍNAS MORFOGENÉTICAS ÓSEAS
M05BC01;dibotermin alfa;NA;NA;NA;NA;DIBOTERMIN ALFA
M05BC02;eptotermin alfa;NA;NA;NA;NA;EPTOTERMIN ALFA
M05BX;Other drugs affecting bone structure and mineralization;NA;NA;NA;NA;OTROS FÁRMACOS QUE AFECTAN LA ESTRUCTURA Y MINERALIZACIÓN ÓSEA
M05BX01;ipriflavone;NA;NA;NA;NA;IPRIFLAVONA
M05BX02;aluminium chlorohydrate;NA;NA;NA;NA;CLORHIDRATO DE ALUMINIO
M05BX03;strontium ranelate;2;g;O;NA;RANELATO DE ESTRONCIO
M05BX04;denosumab;0.33;mg;P;NA;DENOSUMAB
M05BX05;burosumab;2.5;mg;P;NA;BUROSUMAB
M05BX06;romosozumab;7;mg;P;NA;ROMOSOZUMAB
M05BX07;vosoritide;NA;NA;NA;NA;VOSORITIDA
M05BX08;menatetrenone;NA;NA;NA;NA;MENATETRENONA
M05BX53;strontium ranelate and colecalciferol;NA;NA;NA;NA;RANELATO DE ESTRONCIO Y COLECALCIFEROL
M09;OTHER DRUGS FOR DISORDERS OF THE MUSCULO-SKELETAL SYSTEM;NA;NA;NA;NA;OTROS FÁRMACOS PARA LOS TRASTORNOS DEL SISTEMA MUSCULOESQUELÉTICO
M09A;OTHER DRUGS FOR DISORDERS OF THE MUSCULO-SKELETAL SYSTEM;NA;NA;NA;NA;OTROS FÁRMACOS PARA LOS TRASTORNOS DEL SISTEMA MUSCULOESQUELÉTICO
M09AA;Quinine and derivatives;NA;NA;NA;NA;QUININA Y DERIVADOS
M09AA01;hydroquinine;0.2;g;O;NA;HIDROQUININA
M09AA72;quinine, combinations with psycholeptics;NA;NA;NA;NA;QUININA, COMBINACIONES CON PSICOLÉPTICOS
M09AB;Enzymes;NA;NA;NA;NA;ENZIMAS
M09AB01;chymopapain;NA;NA;NA;NA;QUIMOPAPAÍNA
M09AB02;collagenase clostridium histolyticum;0.9;mg;P;NA;COLAGENASA CLOSTRIDIUM HISTOLYTICUM
M09AB03;bromelains;NA;NA;NA;NA;BROMELINAS
M09AB52;trypsin, combinations;NA;NA;NA;NA;TRIPSINA, COMBINACIONES
M09AX;Other drugs for disorders of the musculo-skeletal system;NA;NA;NA;NA;OTROS FÁRMACOS PARA LOS TRASTORNOS DEL SISTEMA MUSCULOESQUELÉTICO
M09AX01;hyaluronic acid;3.6;mg;P;intraarticular;ÁCIDO HIALURÓNICO
M09AX02;chondrocytes, autologous;NA;NA;NA;NA;CONDROCITOS AUTÓLOGOS
M09AX03;ataluren;2.8;g;O;NA;ATALUREN
M09AX04;drisapersen;NA;NA;NA;NA;DRISAPERSEN
M09AX05;aceneuramic acid;NA;NA;NA;NA;ÁCIDO ACENEURÁMICO
M09AX06;eteplirsen;NA;NA;NA;NA;ETEPLIRSEN
M09AX07;nusinersen;0.1;mg;P;NA;NUSINERSEN
M09AX08;golodirsen;NA;NA;NA;NA;GOLODIRSEN
M09AX09;onasemnogene abeparvovec;NA;NA;NA;NA;ONASEMNOGENE ABEPARVOVEC
M09AX10;risdiplam;5;mg;O;NA;RISDIPLAM
M09AX11;palovarotene;NA;NA;NA;NA;PALOVAROTENE
M09AX12;viltolarsen;NA;NA;NA;NA;VILTOLARSEN
M09AX13;casimersen;NA;NA;NA;NA;CASIMERSEN
M09AX14;givinostat;NA;NA;NA;NA;GIVINOSTAT
M09AX15;delandistrogene moxeparvovec;NA;NA;NA;NA;DELANDISTROGENE MOXEPARVOVEC
N;NERVOUS SYSTEM;NA;NA;NA;NA;SISTEMA NERVIOSO
N01;ANESTHETICS;NA;NA;NA;NA;ANESTÉSICOS
N01A;ANESTHETICS, GENERAL;NA;NA;NA;NA;ANESTÉSICOS GENERALES
N01AA;Ethers;NA;NA;NA;NA;ÉTERES
N01AA01;diethyl ether;NA;NA;NA;NA;ÉTER DIETÍLICO
N01AA02;vinyl ether;NA;NA;NA;NA;ÉTER DE VINILO
N01AB;Halogenated hydrocarbons;NA;NA;NA;NA;HIDROCARBUROS HALOGENADOS
N01AB01;halothane;NA;NA;NA;NA;HALOTANO
N01AB02;chloroform;NA;NA;NA;NA;CLOROFORMO
N01AB04;enflurane;NA;NA;NA;NA;ENFLURANO
N01AB05;trichloroethylene;NA;NA;NA;NA;TRICLOROETILENO
N01AB06;isoflurane;NA;NA;NA;NA;ISOFLURANO
N01AB07;desflurane;NA;NA;NA;NA;DESFLURANO
N01AB08;sevoflurane;NA;NA;NA;NA;SEVOFLURANO
N01AF;Barbiturates, plain;NA;NA;NA;NA;BARBITÚRICOS, SIMPLES
N01AF01;methohexital;NA;NA;NA;NA;METOHEXITAL
N01AF02;hexobarbital;NA;NA;NA;NA;HEXOBARBITAL
N01AF03;thiopental;NA;NA;NA;NA;TIOPENTAL
N01AG;Barbiturates in combination with other drugs;NA;NA;NA;NA;BARBITÚRICOS EN COMBINACIÓN CON OTROS FÁRMACOS
N01AG01;narcobarbital;NA;NA;NA;NA;NARCOBARBITAL
N01AH;Opioid anesthetics;NA;NA;NA;NA;ANESTÉSICOS OPIOIDES
N01AH01;fentanyl;NA;NA;NA;NA;FENTANILO
N01AH02;alfentanil;NA;NA;NA;NA;ALFENTANILO
N01AH03;sufentanil;NA;NA;NA;NA;SUFENTANILO
N01AH04;phenoperidine;NA;NA;NA;NA;FENOPERIDINA
N01AH05;anileridine;NA;NA;NA;NA;ANILERIDINA
N01AH06;remifentanil;NA;NA;NA;NA;REMIFENTANILO
N01AH51;fentanyl, combinations;NA;NA;NA;NA;FENTANILO, COMBINACIONES
N01AX;Other general anesthetics;NA;NA;NA;NA;OTROS ANESTÉSICOS GENERALES
N01AX03;ketamine;NA;NA;NA;NA;KETAMINA
N01AX04;propanidid;NA;NA;NA;NA;PROPANIDID
N01AX05;alfaxalone;NA;NA;NA;NA;ALFAXALONA
N01AX07;etomidate;NA;NA;NA;NA;ETOMIDATO
N01AX10;propofol;NA;NA;NA;NA;PROPOFOL
N01AX11;sodium oxybate;NA;NA;NA;NA;OXIBATO DE SODIO
N01AX13;nitrous oxide;NA;NA;NA;NA;ÓXIDO NITROSO
N01AX14;esketamine;NA;NA;NA;NA;ESKETAMINA
N01AX15;xenon;NA;NA;NA;NA;XENÓN
N01AX63;nitrous oxide, combinations;NA;NA;NA;NA;ÓXIDO NITROSO, COMBINACIONES
N01B;ANESTHETICS, LOCAL;NA;NA;NA;NA;ANESTÉSICOS LOCALES
N01BA;Esters of aminobenzoic acid;NA;NA;NA;NA;ÉSTERES DEL ÁCIDO AMINOBENZOICO
N01BA01;metabutethamine;NA;NA;NA;NA;METABUTETAMINA
N01BA02;procaine;NA;NA;NA;NA;PROCAÍNA
N01BA03;tetracaine;NA;NA;NA;NA;TETRACAINE
N01BA04;chloroprocaine;NA;NA;NA;NA;CLOROPROCAÍNA
N01BA05;benzocaine;NA;NA;NA;NA;BENZOCAÍNA
N01BA52;procaine, combinations;NA;NA;NA;NA;PROCAÍNA, COMBINACIONES
N01BA53;tetracaine, combinations;NA;NA;NA;NA;TETRACAÍNA, COMBINACIONES
N01BB;Amides;NA;NA;NA;NA;AMIDAS
N01BB01;bupivacaine;NA;NA;NA;NA;BUPIVACAÍNA
N01BB02;lidocaine;NA;NA;NA;NA;LIDOCAÍNA
N01BB03;mepivacaine;NA;NA;NA;NA;MEPIVACAÍNA
N01BB04;prilocaine;NA;NA;NA;NA;PRILOCAÍNA
N01BB05;butanilicaine;NA;NA;NA;NA;BUTANILICAÍNA
N01BB06;cinchocaine;NA;NA;NA;NA;CINCHOCAÍNA
N01BB07;etidocaine;NA;NA;NA;NA;ETIDOCAÍNA
N01BB08;articaine;NA;NA;NA;NA;ARTICAÍNA
N01BB09;ropivacaine;NA;NA;NA;NA;ROPIVACAÍNA
N01BB10;levobupivacaine;NA;NA;NA;NA;LEVOBUPIVACAÍNA
N01BB20;combinations;NA;NA;NA;NA;COMBINACIONES
N01BB51;bupivacaine, combinations;NA;NA;NA;NA;BUPIVACAÍNA, COMBINACIONES
N01BB52;lidocaine, combinations;NA;NA;NA;NA;LIDOCAÍNA, COMBINACIONES
N01BB53;mepivacaine, combinations;NA;NA;NA;NA;MEPIVACAÍNA, COMBINACIONES
N01BB54;prilocaine, combinations;NA;NA;NA;NA;PRILOCAÍNA, COMBINACIONES
N01BB57;etidocaine, combinations;NA;NA;NA;NA;ETIDOCAÍNA, COMBINACIONES
N01BB58;articaine, combinations;NA;NA;NA;NA;ARTICAÍNA, COMBINACIONES
N01BB59;bupivacaine and meloxicam;NA;NA;NA;NA;BUPIVACAÍNA Y MELOXICAM
N01BC;Esters of benzoic acid;NA;NA;NA;NA;ÉSTERES DEL ÁCIDO BENZOICO
N01BC01;cocaine;NA;NA;NA;NA;COCAÍNA
N01BX;Other local anesthetics;NA;NA;NA;NA;OTROS ANESTÉSICOS LOCALES
N01BX01;ethyl chloride;NA;NA;NA;NA;CLORURO DE ETILO
N01BX02;dyclonine;NA;NA;NA;NA;DICLONINA
N01BX03;phenol;NA;NA;NA;NA;FENOL
N01BX04;capsaicin;NA;NA;NA;NA;CAPSAICINA
N02;ANALGESICS;NA;NA;NA;NA;ANALGÉSICOS
N02A;OPIOIDS;NA;NA;NA;NA;OPIÁCEOS
N02AA;Natural opium alkaloids;NA;NA;NA;NA;ALCALOIDES NATURALES DEL OPIO
N02AA01;morphine;0.1;g;O;NA;MORFINA
N02AA01;morphine;30;mg;P;NA;MORFINA
N02AA01;morphine;30;mg;R;NA;MORFINA
N02AA02;opium;NA;NA;NA;NA;OPIO
N02AA03;hydromorphone;20;mg;O;NA;HIDROMORFONA
N02AA03;hydromorphone;4;mg;P;NA;HIDROMORFONA
N02AA03;hydromorphone;4;mg;R;NA;HIDROMORFONA
N02AA04;nicomorphine;30;mg;O;NA;NICOMORFINA
N02AA04;nicomorphine;30;mg;P;NA;NICOMORFINA
N02AA04;nicomorphine;30;mg;R;NA;NICOMORFINA
N02AA05;oxycodone;75;mg;O;NA;OXICODONA
N02AA05;oxycodone;30;mg;P;NA;OXICODONA
N02AA08;dihydrocodeine;0.15;g;O;NA;DIHIDROCODEÍNA
N02AA10;papaveretum;NA;NA;NA;NA;PAPAVERETUM
N02AA11;oxymorphone;NA;NA;NA;NA;OXIMORFONA
N02AA51;morphine, combinations;NA;NA;NA;NA;MORFINA, COMBINACIONES
N02AA53;hydromorphone and naloxone;NA;NA;NA;NA;HIDROMORFONA Y NALOXONA
N02AA55;oxycodone and naloxone;75;mg;O;Refers to oxycodone;OXICODONA Y NALOXONA
N02AA56;oxycodone and naltrexone;NA;NA;NA;NA;OXICODONA Y NALTREXONA
N02AA58;dihydrocodeine, combinations;NA;NA;NA;NA;DIHIDROCODEÍNA, COMBINACIONES
N02AA59;codeine, combinations excl. psycholeptics;NA;NA;NA;NA;CODEÍNA, COMBINACIONES EXC. PSICOLÉPTICOS
N02AA79;codeine, combinations with psycholeptics;NA;NA;NA;NA;CODEÍNA, COMBINACIONES CON PSICOLÉPTICOS
N02AB;Phenylpiperidine derivatives;NA;NA;NA;NA;DERIVADOS DE LA FENILPIPERIDINA
N02AB01;ketobemidone;50;mg;O;NA;KETOBEMIDONA
N02AB01;ketobemidone;50;mg;P;NA;KETOBEMIDONA
N02AB02;pethidine;0.4;g;O;NA;PETIDINA
N02AB02;pethidine;0.4;g;P;NA;PETIDINA
N02AB02;pethidine;0.4;g;R;NA;PETIDINA
N02AB03;fentanyl;0.6;mg;N;NA;FENTANILO
N02AB03;fentanyl;0.6;mg;SL;NA;FENTANILO
N02AB03;fentanyl;1.2;mg;TD;NA;FENTANILO
N02AB52;pethidine, combinations excl. psycholeptics;NA;NA;NA;NA;PETIDINA, COMBINACIONES EXC. PSICOLÉPTICOS
N02AB72;pethidine, combinations with psycholeptics;NA;NA;NA;NA;PETIDINA, COMBINACIONES CON PSICOLÉPTICOS
N02AC;Diphenylpropylamine derivatives;NA;NA;NA;NA;DERIVADOS DE LA DIFENILPROPILAMINA
N02AC01;dextromoramide;20;mg;O;NA;DEXTROMORAMIDA
N02AC01;dextromoramide;20;mg;P;NA;DEXTROMORAMIDA
N02AC01;dextromoramide;40;mg;R;NA;DEXTROMORAMIDA
N02AC03;piritramide;45;mg;P;NA;PIRITRATRAMIDA
N02AC04;dextropropoxyphene;0.2;g;O;chloride;DEXTROPROPOXIFENO
N02AC04;dextropropoxyphene;0.3;g;O;napsylate;DEXTROPROPOXIFENO
N02AC05;bezitramide;15;mg;O;NA;BEZITRAMIDA
N02AC52;methadone, combinations excl. psycholeptics;NA;NA;NA;NA;METADONA, COMBINACIONES EXCL. PSICOLÉPTICOS
N02AC54;dextropropoxyphene, combinations excl. psycholeptics;NA;NA;NA;NA;DEXTROPROPOXIFENO, COMBINACIONES EXC. PSICOLÉPTICOS
N02AC74;dextropropoxyphene, combinations with psycholeptics;NA;NA;NA;NA;DEXTROPROPOXIFENO, COMBINACIONES CON PSICOLÉPTICOS
N02AD;Benzomorphan derivatives;NA;NA;NA;NA;DERIVADOS DE BENZOMORPHAN
N02AD01;pentazocine;0.2;g;O;NA;PENTAZOCINA
N02AD01;pentazocine;0.2;g;P;NA;PENTAZOCINA
N02AD02;phenazocine;3;mg;P;NA;FENAZOCINA
N02AD51;pentazocine and naloxone;NA;NA;NA;NA;PENTAZOCINA Y NALOXONA
N02AE;Oripavine derivatives;NA;NA;NA;NA;DERIVADOS DE ORIPAVINE
N02AE01;buprenorphine;1.2;mg;P;NA;BUPRENORFINA
N02AE01;buprenorphine;1.2;mg;SL;NA;BUPRENORFINA
N02AE01;buprenorphine;1.2;mg;TD;NA;BUPRENORFINA
N02AF;Morphinan derivatives;NA;NA;NA;NA;DERIVADOS DE LA MORFINA
N02AF01;butorphanol;12;mg;P;NA;BUTORFANOL
N02AF02;nalbuphine;80;mg;P;NA;NALBUPHINE
N02AG;Opioids in combination with antispasmodics;NA;NA;NA;NA;OPIOIDES EN COMBINACIÓN CON ANTIESPASMÓDICOS
N02AG01;morphine and antispasmodics;NA;NA;NA;NA;MORFINA Y ANTIESPASMÓDICOS
N02AG02;ketobemidone and antispasmodics;NA;NA;NA;NA;CETOBEMIDONA Y ANTIESPASMÓDICOS
N02AG03;pethidine and antispasmodics;NA;NA;NA;NA;PETIDINA Y ANTIESPASMÓDICOS
N02AG04;hydromorphone and antispasmodics;NA;NA;NA;NA;HIDROMORFONA Y ANTIESPASMÓDICOS
N02AJ;Opioids in combination with non-opioid analgesics;NA;NA;NA;NA;OPIOIDES EN COMBINACIÓN CON ANALGÉSICOS NO OPIOIDES
N02AJ01;dihydrocodeine and paracetamol;NA;NA;NA;NA;DIHIDROCODEÍNA Y PARACETAMOL
N02AJ02;dihydrocodeine and acetylsalicylic acid;NA;NA;NA;NA;DIHIDROCODEÍNA Y ÁCIDO ACETILSALICÍLICO
N02AJ03;dihydrocodeine and other non-opioid analgesics;NA;NA;NA;NA;DIHIDROCODEÍNA Y OTROS ANALGÉSICOS NO OPIOIDES
N02AJ06;codeine and paracetamol;NA;NA;NA;NA;CODEÍNA Y PARACETAMOL
N02AJ07;codeine and acetylsalicylic acid;NA;NA;NA;NA;CODEÍNA Y ÁCIDO ACETILSALICÍLICO
N02AJ08;codeine and ibuprofen;NA;NA;NA;NA;CODEÍNA E IBUPROFENO
N02AJ09;codeine and other non-opioid analgesics;NA;NA;NA;NA;CODEÍNA Y OTROS ANALGÉSICOS NO OPIOIDES
N02AJ13;tramadol and paracetamol;NA;NA;NA;NA;TRAMADOL Y PARACETAMOL
N02AJ14;tramadol and dexketoprofen;NA;NA;NA;NA;TRAMADOL Y DEXKETOPROFENO
N02AJ15;tramadol and other non-opioid analgesics;NA;NA;NA;NA;TRAMADOL Y OTROS ANALGÉSICOS NO OPIOIDES
N02AJ16;tramadol and celecoxib;NA;NA;NA;NA;TRAMADOL Y CELECOXIB
N02AJ17;oxycodone and paracetamol;NA;NA;NA;NA;OXICODONA Y PARACETAMOL
N02AJ18;oxycodone and acetylsalicylic acid;NA;NA;NA;NA;OXICODONA Y ÁCIDO ACETILSALICÍLICO
N02AJ19;oxycodone and ibuprofen;NA;NA;NA;NA;OXICODONA E IBUPROFENO
N02AJ22;hydrocodone and paracetamol;NA;NA;NA;NA;HIDROCODONA Y PARACETAMOL
N02AJ23;hydrocodone and ibuprofen;NA;NA;NA;NA;HIDROCODONA E IBUPROFENO
N02AX;Other opioids;NA;NA;NA;NA;OTROS OPIOIDES
N02AX01;tilidine;0.2;g;O;NA;TILIDINA
N02AX01;tilidine;0.2;g;P;NA;TILIDINA
N02AX02;tramadol;0.3;g;O;NA;TRAMADOL
N02AX02;tramadol;0.3;g;P;NA;TRAMADOL
N02AX02;tramadol;0.3;g;R;NA;TRAMADOL
N02AX03;dezocine;NA;NA;NA;NA;DEZOCINA
N02AX05;meptazinol;1.2;g;O;NA;MEPTAZINOL
N02AX05;meptazinol;1.2;g;P;NA;MEPTAZINOL
N02AX06;tapentadol;0.4;g;O;NA;TAPENTADOL
N02AX07;oliceridine;NA;NA;NA;NA;OLICERIDINA
N02AX51;tilidine and naloxone;NA;NA;NA;NA;TILIDINA Y NALOXONA
N02B;OTHER ANALGESICS AND ANTIPYRETICS;NA;NA;NA;NA;OTROS ANALGÉSICOS Y ANTIPIRÉTICOS
N02BA;Salicylic acid and derivatives;NA;NA;NA;NA;ÁCIDO SALICÍLICO Y DERIVADOS
N02BA01;acetylsalicylic acid;3;g;O;NA;ÁCIDO ACETILSALICÍLICO
N02BA01;acetylsalicylic acid;1;g;P;Expressed as lysine acetylsalisylate;ÁCIDO ACETILSALICÍLICO
N02BA01;acetylsalicylic acid;3;g;R;NA;ÁCIDO ACETILSALICÍLICO
N02BA02;aloxiprin;3;g;O;NA;ALOXIPRIN
N02BA03;choline salicylate;3;g;O;NA;SALICILATO DE COLINA
N02BA04;sodium salicylate;3;g;O;NA;SALICILATO DE SODIO
N02BA05;salicylamide;3;g;O;NA;SALICILAMIDA
N02BA06;salsalate;3;g;O;NA;SALSALATO
N02BA07;ethenzamide;3;g;O;NA;ETENZAMIDA
N02BA08;morpholine salicylate;NA;NA;NA;NA;SALICILATO DE MORFOLINA
N02BA09;dipyrocetyl;3;g;O;NA;DIPIROCETILO
N02BA10;benorilate;3;g;O;NA;BENORILATO
N02BA11;diflunisal;0.75;g;O;NA;DIFLUNISAL
N02BA12;potassium salicylate;7;g;O;NA;SALICILATO DE POTASIO
N02BA14;guacetisal;NA;NA;NA;NA;GUACETISAL
N02BA15;carbasalate calcium;3.6;g;O;NA;CARBASALATO CÁLCICO
N02BA16;imidazole salicylate;NA;NA;NA;NA;SALICILATO DE IMIDAZOL
N02BA51;acetylsalicylic acid, combinations excl. psycholeptics;NA;NA;NA;NA;ÁCIDO ACETILSALICÍLICO, COMBINACIONES, EXC. PSICOLÉPTICOS
N02BA55;salicylamide, combinations excl. psycholeptics;NA;NA;NA;NA;SALICILAMIDA, COMBINACIONES, EXC. PSICOLÉPTICOS
N02BA57;ethenzamide, combinations excl. psycholeptics;NA;NA;NA;NA;ETENZUMIDA, COMBINACIONES EXCL. PSICOLÉPTICOS
N02BA59;dipyrocetyl, combinations excl. psycholeptics;NA;NA;NA;NA;DIPIROCETILO, COMBINACIONES EXCL. PSICOLÉPTICOS
N02BA65;carbasalate calcium combinations excl. psycholeptics;NA;NA;NA;NA;COMBINACIONES DE CARBASALATO CÁLCICO EXC. PSICOLÉPTICOS
N02BA67;magnesium salicylate, combinations excl. psycholeptics;NA;NA;NA;NA;SALICILATO DE MAGNESIO, COMBINACIONES EXCL. PSICOLÉPTICOS
N02BA71;acetylsalicylic acid, combinations with psycholeptics;NA;NA;NA;NA;ÁCIDO ACETILSALICÍLICO, COMBINACIONES CON PSICOLÉPTICOS
N02BA75;salicylamide, combinations with psycholeptics;NA;NA;NA;NA;SALICILAMIDA, COMBINACIONES CON PSICOLÉPTICOS
N02BA77;ethenzamide, combinations with psycholeptics;NA;NA;NA;NA;ETENZUMIDA, COMBINACIONES CON PSICOLÉPTICOS
N02BA79;dipyrocetyl, combinations with psycholeptics;NA;NA;NA;NA;DIPIROCETILO, COMBINACIONES CON PSICOLÉPTICOS
N02BB;Pyrazolones;NA;NA;NA;NA;PIRAZOLONAS
N02BB01;phenazone;3;g;O;NA;FENAZONA
N02BB02;metamizole sodium;3;g;O;NA;METAMIZOL SÓDICO
N02BB02;metamizole sodium;3;g;P;NA;METAMIZOL SÓDICO
N02BB02;metamizole sodium;3;g;R;NA;METAMIZOL SÓDICO
N02BB03;aminophenazone;0.5;g;R;NA;AMINOFENAZONA
N02BB04;propyphenazone;3;g;R;NA;PROPIFENAZONA
N02BB05;nifenazone;NA;NA;NA;NA;NIFENAZONA
N02BB51;phenazone, combinations excl. psycholeptics;3;g;O;Refers to phenazone;FENAZONA, COMBINACIONES EXC. PSICOLÉPTICOS
N02BB52;metamizole sodium, combinations excl. psycholeptics;NA;NA;NA;NA;METAMIZOL SÓDICO, COMBINACIONES, EXC. PSICOLÉPTICOS
N02BB53;aminophenazone, combinations excl. psycholeptics;NA;NA;NA;NA;AMINOFENOZONA, COMBINACIONES, EXC. PSICOLÉPTICOS
N02BB54;propyphenazone, combinations excl. psycholeptics;3;g;O;Refers to propyphenazone;PROPIFENAZONA, COMBINACIONES EXC. PSICOLÉPTICOS
N02BB71;phenazone, combinations with psycholeptics;NA;NA;NA;NA;FENAZONA, COMBINACIONES CON PSICOLÉPTICOS
N02BB72;metamizole sodium, combinations with psycholeptics;NA;NA;NA;NA;METAMIZOL SÓDICO, COMBINACIONES CON PSICOLÉPTICOS
N02BB73;aminophenazone, combinations with psycholeptics;NA;NA;NA;NA;AMINOFENAZONA, COMBINACIONES CON PSICOLÉPTICOS
N02BB74;propyphenazone, combinations with psycholeptics;NA;NA;NA;NA;PROPIFENAZONA, COMBINACIONES CON PSICOLÉPTICOS
N02BE;Anilides;NA;NA;NA;NA;ANÍLIDES
N02BE01;paracetamol;3;g;O;NA;PARACETAMOL
N02BE01;paracetamol;3;g;P;NA;PARACETAMOL
N02BE01;paracetamol;3;g;R;NA;PARACETAMOL
N02BE03;phenacetin;1.8;g;O;NA;PHENACETIN
N02BE04;bucetin;NA;NA;NA;NA;BUCETÍN
N02BE05;propacetamol;6;g;P;NA;PROPACETAMOL
N02BE51;paracetamol, combinations excl. psycholeptics;NA;NA;NA;NA;PARACETAMOL, COMBINACIONES EXCL. PSICOLÉPTICOS
N02BE53;phenacetin, combinations excl. psycholeptics;NA;NA;NA;NA;FENACETINA, COMBINACIONES EXC. PSICOLÉPTICOS
N02BE54;bucetin, combinations excl. psycholeptics;NA;NA;NA;NA;BUCETINA, COMBINACIONES EXCL. PSICOLÉPTICOS
N02BE71;paracetamol, combinations with psycholeptics;NA;NA;NA;NA;PARACETAMOL, COMBINACIONES CON PSICOLÉPTICOS
N02BE73;phenacetin, combinations with psycholeptics;NA;NA;NA;NA;FENACETINA, COMBINACIONES CON PSICOLÉPTICOS
N02BE74;bucetin, combinations with psycholeptics;NA;NA;NA;NA;BUCETINA, COMBINACIONES CON PSICOLÉPTICOS
N02BF;Gabapentinoids;NA;NA;NA;NA;GABAPENTINOIDES
N02BF01;gabapentin;1.8;g;O;NA;GABAPENTINA
N02BF02;pregabalin;0.3;g;O;NA;PREGABALINA
N02BF03;mirogabalin;25;mg;O;NA;MIROGABALINA
N02BG;Other analgesics and antipyretics;NA;NA;NA;NA;OTROS ANALGÉSICOS Y ANTIPIRÉTICOS
N02BG02;rimazolium;0.9;g;O;NA;RIMAZOLIO
N02BG03;glafenine;0.8;g;O;NA;GLAFENINA
N02BG04;floctafenine;1;g;O;NA;FLOCTAFENINA
N02BG05;viminol;NA;NA;NA;NA;VIMINOL
N02BG06;nefopam;NA;NA;NA;NA;NEFOPAM
N02BG07;flupirtine;0.4;g;O;NA;FLUPIRTINA
N02BG08;ziconotide;12;mcg;P;NA;ZICONOTIDE
N02BG09;methoxyflurane;NA;NA;NA;NA;METOXIFLURANO
N02BG10;cannabinoids;NA;NA;NA;NA;CANNABINOIDES
N02BG12;tanezumab;NA;NA;NA;NA;TANEZUMAB
N02C;ANTIMIGRAINE PREPARATIONS;NA;NA;NA;NA;PREPARACIONES PARA LA MIGRAÑA
N02CA;Ergot alkaloids;NA;NA;NA;NA;ALCALOIDES DEL CORNEZUELO DE CENTENO
N02CA01;dihydroergotamine;1;mg;N;NA;DIHIDROERGOTAMINA
N02CA01;dihydroergotamine;4;mg;O;NA;DIHIDROERGOTAMINA
N02CA01;dihydroergotamine;4;mg;P;NA;DIHIDROERGOTAMINA
N02CA02;ergotamine;4;mg;Inhal.aerosol;NA;ERGOTAMINA
N02CA02;ergotamine;4;mg;O;NA;ERGOTAMINA
N02CA02;ergotamine;4;mg;P;NA;ERGOTAMINA
N02CA02;ergotamine;4;mg;R;NA;ERGOTAMINA
N02CA02;ergotamine;4;mg;SL;NA;ERGOTAMINA
N02CA04;methysergide;4;mg;O;NA;METISERGIDA
N02CA07;lisuride;NA;NA;NA;NA;LISURIDE
N02CA51;dihydroergotamine, combinations;NA;NA;NA;NA;DIHIDROERGOTAMINA, COMBINACIONES
N02CA52;ergotamine, combinations excl. psycholeptics;4;mg;O;Refers to ergotamine;ERGOTAMINA, COMBINACIONES EXCL. PSICOLÉPTICOS
N02CA72;ergotamine, combinations with psycholeptics;4;mg;O;Refers to ergotamine;ERGOTAMINA, COMBINACIONES CON PSICOLÉPTICOS
N02CB;Corticosteroid derivatives;NA;NA;NA;NA;DERIVADOS DE CORTICOIDES
N02CB01;flumedroxone;20;mg;O;NA;FLUMEDROXONA
N02CC;Selective serotonin (5HT1) agonists;NA;NA;NA;NA;AGONISTAS SELECTIVOS DE LA SEROTONINA (5HT1)
N02CC01;sumatriptan;20;mg;N;NA;SUMATRIPTÁN
N02CC01;sumatriptan;50;mg;O;NA;SUMATRIPTÁN
N02CC01;sumatriptan;6;mg;P;NA;SUMATRIPTÁN
N02CC01;sumatriptan;25;mg;R;NA;SUMATRIPTÁN
N02CC02;naratriptan;2.5;mg;O;NA;NARATRIPTÁN
N02CC03;zolmitriptan;2.5;mg;N;NA;ZOLMITRIPTÁN
N02CC03;zolmitriptan;2.5;mg;O;NA;ZOLMITRIPTÁN
N02CC04;rizatriptan;10;mg;O;NA;RIZATRIPTÁN
N02CC05;almotriptan;12.5;mg;O;NA;ALMOTRIPTÁN
N02CC06;eletriptan;40;mg;O;NA;ELETRIPTÁN
N02CC07;frovatriptan;2.5;mg;O;NA;FROVATRIPTÁN
N02CC08;lasmiditan;0.1;g;O;NA;LASMIDITAN
N02CC51;sumatriptan and naproxen;NA;NA;NA;NA;SUMATRIPTÁN Y NAPROXENO
N02CD;Calcitonin gene-related peptide (CGRP) antagonists;NA;NA;NA;NA;ANTAGONISTAS DEL PÉPTIDO RELACIONADO CON EL GEN DE LA CALCITONINA (CGRP)
N02CD01;erenumab;2.5;mg;P;NA;ERENUMAB
N02CD02;galcanezumab;4;mg;P;NA;GALCANEZUMAB
N02CD03;fremanezumab;7.5;mg;P;NA;FREMANEZUMAB
N02CD04;ubrogepant;NA;NA;NA;NA;UBROGEPANT
N02CD05;eptinezumab;1.1;mg;P;NA;EPTINEZUMAB
N02CD06;rimegepant;37.5;mg;O;NA;RIMEGEPANT
N02CD07;atogepant;NA;NA;NA;NA;ATOGEPANT
N02CX;Other antimigraine preparations;NA;NA;NA;NA;OTROS PREPARADOS ANTIMIGRAÑA
N02CX01;pizotifen;1.5;mg;O;NA;PIZOTIFEN
N02CX02;clonidine;0.1;mg;O;NA;CLONIDINA
N02CX03;iprazochrome;24;mg;O;NA;IPRAZOCROMO
N02CX05;dimetotiazine;NA;NA;NA;NA;DIMETOTIAZINA
N02CX06;oxetorone;NA;NA;NA;NA;OXETORONE
N03;ANTIEPILEPTICS;NA;NA;NA;NA;ANTIEPILÉPTICOS
N03A;ANTIEPILEPTICS;NA;NA;NA;NA;ANTIEPILÉPTICOS
N03AA;Barbiturates and derivatives;NA;NA;NA;NA;BARBITÚRICOS Y DERIVADOS
N03AA01;methylphenobarbital;0.5;g;O;NA;METILFENOBARBITAL
N03AA02;phenobarbital;0.1;g;O;NA;FENOBARBITAL
N03AA02;phenobarbital;0.1;g;P;NA;FENOBARBITAL
N03AA03;primidone;1.25;g;O;NA;PRIMIDONA
N03AA04;barbexaclone;NA;NA;NA;NA;BARBEXACLONE
N03AA30;metharbital;0.2;g;O;NA;METHARBITAL
N03AB;Hydantoin derivatives;NA;NA;NA;NA;DERIVADOS DE LA HIDANTOÍNA
N03AB01;ethotoin;2.5;g;O;NA;ETOTOÍNA
N03AB02;phenytoin;0.3;g;O;NA;FENITOÍNA
N03AB02;phenytoin;0.3;g;P;NA;FENITOÍNA
N03AB03;amino(diphenylhydantoin) valeric acid;0.3;g;O;NA;AMINO(DIFENILHIDANTOÍNA) ÁCIDO VALÉRICO
N03AB04;mephenytoin;0.4;g;O;NA;MEFENITOÍNA
N03AB05;fosphenytoin;0.45;g;P;NA;FOSFENITOÍNA
N03AB52;phenytoin, combinations;NA;NA;NA;NA;FENITOÍNA, COMBINACIONES
N03AB54;mephenytoin, combinations;NA;NA;NA;NA;MEFENITOÍNA, COMBINACIONES
N03AC;Oxazolidine derivatives;NA;NA;NA;NA;DERIVADOS DE LA OXAZOLIDINA
N03AC01;paramethadione;0.9;g;O;NA;PARAMETADONA
N03AC02;trimethadione;1.5;g;O;NA;TRIMETADONA
N03AC03;ethadione;NA;NA;NA;NA;EHADIONA
N03AD;Succinimide derivatives;NA;NA;NA;NA;DERIVADOS DE LA SUCCINIMIDA
N03AD01;ethosuximide;1.25;g;O;NA;ETOSUXIMIDA
N03AD02;phensuximide;2;g;O;NA;FENESUXIMIDA
N03AD03;mesuximide;0.9;g;O;NA;MESUXIMIDA
N03AD51;ethosuximide, combinations;NA;NA;NA;NA;ETOSUXIMIDA, COMBINACIONES
N03AE;Benzodiazepine derivatives;NA;NA;NA;NA;DERIVADOS DE LAS BENZODIAZEPINAS
N03AE01;clonazepam;8;mg;O;NA;CLONAZEPAM
N03AE01;clonazepam;8;mg;P;NA;CLONAZEPAM
N03AF;Carboxamide derivatives;NA;NA;NA;NA;DERIVADOS DE LA CARBOXAMIDA
N03AF01;carbamazepine;1;g;O;NA;CARBAMAZEPINA
N03AF01;carbamazepine;1;g;R;NA;CARBAMAZEPINA
N03AF02;oxcarbazepine;1;g;O;NA;DE OXCARBAZEPINA
N03AF03;rufinamide;1.4;g;O;NA;RUFINAMIDA
N03AF04;eslicarbazepine;0.8;g;O;NA;ESLICARBAZEPINE
N03AG;Fatty acid derivatives;NA;NA;NA;NA;DERIVADOS DE ÁCIDOS GRASOS
N03AG01;valproic acid;1.5;g;O;NA;ÁCIDO VALPROICO
N03AG01;valproic acid;1.5;g;P;NA;ÁCIDO VALPROICO
N03AG01;valproic acid;1.5;g;R;NA;ÁCIDO VALPROICO
N03AG02;valpromide;1.5;g;O;NA;VALPROMIDA
N03AG03;aminobutyric acid;1;g;O;NA;ÁCIDO AMINOBUTÍRICO
N03AG03;aminobutyric acid;1;g;P;NA;ÁCIDO AMINOBUTÍRICO
N03AG04;vigabatrin;2;g;O;NA;VIGABATRINA
N03AG05;progabide;NA;NA;NA;NA;PROGABIDE
N03AG06;tiagabine;30;mg;O;NA;TIAGABINA
N03AX;Other antiepileptics;NA;NA;NA;NA;OTROS ANTIEPILÉPTICOS
N03AX03;sultiame;0.4;g;O;NA;SULTIAMO
N03AX07;phenacemide;1.5;g;O;NA;FENACÉMIDA
N03AX09;lamotrigine;0.3;g;O;NA;LAMOTRIGINA
N03AX10;felbamate;2.4;g;O;NA;FELBAMATO
N03AX11;topiramate;0.3;g;O;NA;TOPIRAMATO
N03AX13;pheneturide;NA;NA;NA;NA;FENETURO
N03AX14;levetiracetam;1.5;g;O;NA;LEVETIRACETAM
N03AX14;levetiracetam;1.5;g;P;NA;LEVETIRACETAM
N03AX15;zonisamide;0.2;g;O;NA;ZONISAMIDA
N03AX17;stiripentol;1;g;O;NA;STIRIPENTOL
N03AX18;lacosamide;0.3;g;O;NA;LACOSAMIDA
N03AX18;lacosamide;0.3;g;P;NA;LACOSAMIDA
N03AX19;carisbamate;NA;NA;NA;NA;CARISMAMATO
N03AX21;retigabine;0.9;g;O;NA;RETIGABINA
N03AX22;perampanel;8;mg;O;NA;PERAMPANEL
N03AX23;brivaracetam;0.1;g;O;NA;BRIVARACETAM
N03AX23;brivaracetam;0.1;g;P;NA;BRIVARACETAM
N03AX24;cannabidiol;0.7;g;O;NA;CANNABIDIOL
N03AX25;cenobamate;0.2;g;O;NA;CENOBAMATO.
N03AX26;fenfluramine;8;mg;O;NA;FENFLURAMINA
N03AX27;ganaxolone;NA;NA;NA;NA;GANAXOLONA
N03AX30;beclamide;NA;NA;NA;NA;BECLAMIDA
N04;ANTI-PARKINSON DRUGS;NA;NA;NA;NA;MEDICAMENTOS ANTI-PARKINSON
N04A;ANTICHOLINERGIC AGENTS;NA;NA;NA;NA;AGENTES ANTICOLINÉRGICOS
N04AA;Tertiary amines;NA;NA;NA;NA;AMINAS TERCIARIAS
N04AA01;trihexyphenidyl;10;mg;O;NA;TRIHEXIFENIDILO
N04AA02;biperiden;10;mg;O;NA;BIPERIDEN
N04AA02;biperiden;10;mg;P;NA;BIPERIDEN
N04AA03;metixene;40;mg;O;NA;METIXENE
N04AA04;procyclidine;25;mg;O;NA;PROCICLIDINA
N04AA04;procyclidine;25;mg;P;NA;PROCICLIDINA
N04AA05;profenamine;NA;NA;NA;NA;PROFENAMINA
N04AA08;dexetimide;0.5;mg;O;NA;DEXETIMIDA
N04AA08;dexetimide;0.125;mg;P;NA;DEXETIMIDA
N04AA09;phenglutarimide;NA;NA;NA;NA;FENGLUTARIMIDA
N04AA10;mazaticol;NA;NA;NA;NA;MAZATICOL
N04AA11;bornaprine;NA;NA;NA;NA;BORNAPRINA
N04AA12;tropatepine;NA;NA;NA;NA;TROPATEPINA
N04AB;Ethers chemically close to antihistamines;NA;NA;NA;NA;ÉTERES QUÍMICAMENTE CERCANOS A LOS ANTIHISTAMÍNICOS
N04AB01;etanautine;NA;NA;NA;NA;ETANAUTA
N04AB02;orphenadrine (chloride);0.2;g;O;NA;ORFENADRINA (CLORURO)
N04AB02;orphenadrine (chloride);0.2;g;P;NA;ORFENADRINA (CLORURO)
N04AC;Ethers of tropine or tropine derivatives;NA;NA;NA;NA;ÉTERES DE TROPINA O DERIVADOS DE LA TROPINA
N04AC01;benzatropine;2;mg;O;NA;BENZATROPINA
N04AC01;benzatropine;2;mg;P;NA;BENZATROPINA
N04AC30;etybenzatropine;9;mg;O;NA;ETYBENZATROPINA
N04B;DOPAMINERGIC AGENTS;NA;NA;NA;NA;AGENTES DOPAMINÉRGICOS
N04BA;Dopa and dopa derivatives;NA;NA;NA;NA;DOPA Y DERIVADOS DE DOPA
N04BA01;levodopa;3.5;g;O;NA;LEVODOPA
N04BA02;levodopa and decarboxylase inhibitor;0.6;g;O;Refers to levodopa;INHIBIDOR DE LA LEVODOPA Y LA DESCARBOXILASA
N04BA03;levodopa, decarboxylase inhibitor and COMT inhibitor;0.45;g;O;Refers to levodopa;LEVODOPA, INHIBIDOR DE LA DESCARBOXILASA E INHIBIDOR DE LA COMT
N04BA04;melevodopa;NA;NA;NA;NA;MELEVODOPA
N04BA05;melevodopa and decarboxylase inhibitor;NA;NA;NA;NA;MELEVODOPA E INHIBIDOR DE LA DESCARBOXILASA
N04BA06;etilevodopa and decarboxylase inhibitor;NA;NA;NA;NA;ETILEVODOPA E INHIBIDOR DE LA DESCARBOXILASA
N04BA07;foslevodopa and decarboxylase inhibitor;NA;NA;NA;NA;INHIBIDOR DE LA FOSLEVODOPA Y LA DESCARBOXILASA
N04BB;Adamantane derivatives;NA;NA;NA;NA;DERIVADOS DEL ADAMANTANO
N04BB01;amantadine;0.2;g;O;NA;AMANTADINA
N04BC;Dopamine agonists;NA;NA;NA;NA;AGONISTAS DE LA DOPAMINA
N04BC01;bromocriptine;40;mg;O;NA;BROMOCRIPTINA
N04BC02;pergolide;3;mg;O;NA;PÉRGOLIDE
N04BC03;dihydroergocryptine mesylate;NA;NA;NA;NA;MESILATO DE DIHIDROERGOCRIPTINA
N04BC04;ropinirole;6;mg;O;NA;ROPINIROLE
N04BC05;pramipexole;2.5;mg;O;hydrochloride;PRAMIPEXOL
N04BC06;cabergoline;3;mg;O;NA;CABERGOLINA
N04BC07;apomorphine;20;mg;P;NA;APOMORFINA
N04BC08;piribedil;0.2;g;O;NA;PIRIBEDIL
N04BC09;rotigotine;6;mg;TD;patch;ROTIGOTINA
N04BD;Monoamine oxidase B inhibitors;NA;NA;NA;NA;INHIBIDORES DE LA MONOAMINOOXIDASA B
N04BD01;selegiline;5;mg;O;NA;SELEGILINA
N04BD02;rasagiline;1;mg;O;NA;RASAGILINA
N04BD03;safinamide;75;mg;O;NA;SAFINAMIDA
N04BX;Other dopaminergic agents;NA;NA;NA;NA;OTROS AGENTES DOPAMINÉRGICOS
N04BX01;tolcapone;0.45;g;O;NA;TOLCAPONE
N04BX02;entacapone;1;g;O;NA;ENTACAPONA
N04BX03;budipine;NA;NA;NA;NA;BUDIPINA
N04BX04;opicapone;50;mg;O;NA;OPICAPONA
N04C;OTHER ANTIPARKINSON DRUGS;NA;NA;NA;NA;OTROS FÁRMACOS ANTIPARKINSONIANOS
N04CX;Other antiparkinson drugs;NA;NA;NA;NA;OTROS FÁRMACOS ANTIPARKINSONIANOS
N04CX01;istradefylline;NA;NA;NA;NA;ISTRADEFYLLINE
N05;PSYCHOLEPTICS;NA;NA;NA;NA;PSICOLÉPTICOS
N05A;ANTIPSYCHOTICS;NA;NA;NA;NA;ANTIPSICÓTICOS
N05AA;Phenothiazines with aliphatic side-chain;NA;NA;NA;NA;FENOTIAZINAS CON CADENA LATERAL ALIFÁTICA
N05AA01;chlorpromazine;0.3;g;O;NA;CLORPROMAZINA
N05AA01;chlorpromazine;0.1;g;P;NA;CLORPROMAZINA
N05AA01;chlorpromazine;0.3;g;R;NA;CLORPROMAZINA
N05AA02;levomepromazine;0.3;g;O;NA;LEVOMEPROMAZINA
N05AA02;levomepromazine;0.1;g;P;NA;LEVOMEPROMAZINA
N05AA03;promazine;0.3;g;O;NA;PROMAZINE
N05AA03;promazine;0.1;g;P;NA;PROMAZINE
N05AA04;acepromazine;0.1;g;O;NA;ACEPROMAZINA
N05AA04;acepromazine;50;mg;P;NA;ACEPROMAZINA
N05AA05;triflupromazine;0.1;g;O;NA;TRIFLUPROMAZINA
N05AA05;triflupromazine;0.1;g;P;NA;TRIFLUPROMAZINA
N05AA06;cyamemazine;NA;NA;NA;NA;CIAMEMAZINA
N05AA07;chlorproethazine;NA;NA;NA;NA;CLORPROETACINA
N05AB;Phenothiazines with piperazine structure;NA;NA;NA;NA;FENOTIAZINAS CON ESTRUCTURA DE PIPERAZINA
N05AB01;dixyrazine;50;mg;O;NA;DIXIRAZINA
N05AB01;dixyrazine;30;mg;P;NA;DIXIRAZINA
N05AB02;fluphenazine;10;mg;O;NA;FLUFENAZINA
N05AB02;fluphenazine;1;mg;P;depot;FLUFENAZINA
N05AB03;perphenazine;30;mg;O;NA;PERFENAZINA
N05AB03;perphenazine;7;mg;P;depot;PERFENAZINA
N05AB03;perphenazine;10;mg;P;NA;PERFENAZINA
N05AB03;perphenazine;16;mg;R;NA;PERFENAZINA
N05AB04;prochlorperazine;0.1;g;O;NA;PROCLORPERAZINA
N05AB04;prochlorperazine;50;mg;P;NA;PROCLORPERAZINA
N05AB04;prochlorperazine;0.1;g;R;NA;PROCLORPERAZINA
N05AB05;thiopropazate;60;mg;O;NA;TIOPROPURATO
N05AB06;trifluoperazine;20;mg;O;NA;TRIFLUOPERAZINA
N05AB06;trifluoperazine;8;mg;P;NA;TRIFLUOPERAZINA
N05AB06;trifluoperazine;20;mg;R;NA;TRIFLUOPERAZINA
N05AB07;acetophenazine;50;mg;O;NA;ACETOFENAZINA
N05AB08;thioproperazine;75;mg;O;NA;TIOPROPERAZINA
N05AB08;thioproperazine;20;mg;P;NA;TIOPROPERAZINA
N05AB09;butaperazine;10;mg;O;NA;BUTAPERRAZINA
N05AB10;perazine;0.1;g;O;NA;PERAZINA
N05AB10;perazine;0.1;g;P;NA;PERAZINA
N05AC;Phenothiazines with piperidine structure;NA;NA;NA;NA;FENOTIAZINAS CON ESTRUCTURA DE PIPERIDINA
N05AC01;periciazine;50;mg;O;NA;PERICIAZINA
N05AC01;periciazine;20;mg;P;NA;PERICIAZINA
N05AC02;thioridazine;0.3;g;O;NA;TIORIDAZINA
N05AC03;mesoridazine;0.2;g;O;NA;MESORIDAZINA
N05AC03;mesoridazine;0.2;g;P;NA;MESORIDAZINA
N05AC04;pipotiazine;10;mg;O;NA;PIPOTIAZINA
N05AC04;pipotiazine;5;mg;P;depot;PIPOTIAZINA
N05AD;Butyrophenone derivatives;NA;NA;NA;NA;DERIVADOS DEL BUTIROFENONA
N05AD01;haloperidol;8;mg;O;NA;HALOPERIDOL
N05AD01;haloperidol;8;mg;P;NA;HALOPERIDOL
N05AD01;haloperidol;3.3;mg;P;depot;HALOPERIDOL
N05AD02;trifluperidol;2;mg;O;NA;TRIFLUPERIDOL
N05AD03;melperone;0.3;g;O;NA;MELPERONE
N05AD03;melperone;0.3;g;P;NA;MELPERONE
N05AD04;moperone;20;mg;O;NA;MOPERONA
N05AD04;moperone;20;mg;P;NA;MOPERONA
N05AD05;pipamperone;0.2;g;O;NA;PIAMPERONE
N05AD06;bromperidol;10;mg;O;NA;BROMPERIDOL
N05AD06;bromperidol;10;mg;P;NA;BROMPERIDOL
N05AD06;bromperidol;3.3;mg;P;depot;BROMPERIDOL
N05AD07;benperidol;1.5;mg;O;NA;BENPERIDOL
N05AD08;droperidol;2.5;mg;P;NA;DROPERIDOL
N05AD09;fluanisone;NA;NA;NA;NA;FLUANISONA
N05AD10;lumateperone;NA;NA;NA;NA;LUMATEPERONA
N05AE;Indole derivatives;NA;NA;NA;NA;DERIVADOS DEL INDOL
N05AE01;oxypertine;0.12;g;O;NA;OXIPERTINA
N05AE02;molindone;50;mg;O;NA;MOLINDONA
N05AE03;sertindole;16;mg;O;NA;SERTINDOLE
N05AE04;ziprasidone;80;mg;O;NA;ZIPRASIDONE
N05AE04;ziprasidone;40;mg;P;NA;ZIPRASIDONE
N05AE05;lurasidone;60;mg;O;as hydrochloride;LURASIDONA
N05AF;Thioxanthene derivatives;NA;NA;NA;NA;DERIVADOS DEL TIOXANTENO
N05AF01;flupentixol;6;mg;O;NA;FLUPENTIXOL
N05AF01;flupentixol;4;mg;P;depot;FLUPENTIXOL
N05AF02;clopenthixol;0.1;g;O;NA;CLOPENTHIXOL
N05AF02;clopenthixol;0.1;g;P;NA;CLOPENTHIXOL
N05AF03;chlorprothixene;0.3;g;O;NA;CLORPROTIXENO
N05AF03;chlorprothixene;50;mg;P;NA;CLORPROTIXENO
N05AF04;tiotixene;30;mg;O;NA;TIOTIXENE
N05AF05;zuclopenthixol;30;mg;O;NA;ZUCLOPENTHIXOL
N05AF05;zuclopenthixol;15;mg;P;depot;ZUCLOPENTHIXOL
N05AF05;zuclopenthixol;30;mg;P;NA;ZUCLOPENTHIXOL
N05AG;Diphenylbutylpiperidine derivatives;NA;NA;NA;NA;DERIVADOS DE LA DIFENILBUTILPIPERIDINA
N05AG01;fluspirilene;0.7;mg;P;depot;FLUSPIRILENO
N05AG02;pimozide;4;mg;O;NA;PIMOZIDA
N05AG03;penfluridol;6;mg;O;NA;PENFLURIDOL
N05AH;Diazepines, oxazepines, thiazepines and oxepines;NA;NA;NA;NA;DIAZEPINAS, OXAZEPINAS, TIAZEPINAS Y OXEPINAS
N05AH01;loxapine;9.1;mg;Inhal.powder;delivered dose;LOXAPINA
N05AH01;loxapine;0.1;g;O;NA;LOXAPINA
N05AH02;clozapine;0.3;g;O;NA;CLOZAPINA
N05AH02;clozapine;0.3;g;P;NA;CLOZAPINA
N05AH03;olanzapine;10;mg;O;NA;OLANZAPINA
N05AH03;olanzapine;10;mg;P;NA;OLANZAPINA
N05AH03;olanzapine;10;mg;P;depot;OLANZAPINA
N05AH04;quetiapine;0.4;g;O;NA;QUETIAPINA
N05AH05;asenapine;20;mg;SL;NA;ASENAPINA
N05AH06;clotiapine;80;mg;O;NA;CLOTIAPINA
N05AH06;clotiapine;80;mg;P;NA;CLOTIAPINA
N05AH53;olanzapine and samidorphan;NA;NA;NA;NA;OLANZAPINA Y SAMIDORFANO
N05AL;Benzamides;NA;NA;NA;NA;BENZAMIDAS
N05AL01;sulpiride;0.8;g;O;NA;SULPIRIDA
N05AL01;sulpiride;0.8;g;P;NA;SULPIRIDA
N05AL02;sultopride;1.2;g;O;NA;SULTOPRIDE
N05AL03;tiapride;0.4;g;O;NA;TIAPRIDE
N05AL03;tiapride;0.4;g;P;NA;TIAPRIDE
N05AL04;remoxipride;0.3;g;O;NA;REMOXIPRIDA
N05AL04;remoxipride;0.3;g;P;NA;REMOXIPRIDA
N05AL05;amisulpride;0.4;g;O;NA;AMISULPRIDA
N05AL05;amisulpride;7.5;mg;P;NA;AMISULPRIDA
N05AL06;veralipride;NA;NA;NA;NA;VERALIPRIDA
N05AL07;levosulpiride;0.4;g;O;NA;LEVOSULPIRIDA
N05AN;Lithium;NA;NA;NA;NA;LITIO
N05AN01;lithium;24;mmol;O;NA;LITIO
N05AX;Other antipsychotics;NA;NA;NA;NA;OTROS ANTIPSICÓTICOS
N05AX07;prothipendyl;0.24;g;O;NA;PROTHIPENDYL
N05AX07;prothipendyl;0.24;g;P;NA;PROTHIPENDYL
N05AX08;risperidone;5;mg;O;NA;RISPERIDONA
N05AX08;risperidone;2.7;mg;P;depot;RISPERIDONA
N05AX10;mosapramine;NA;NA;NA;NA;MOSAPRAMINA
N05AX11;zotepine;0.2;g;O;NA;ZOTEPINA
N05AX12;aripiprazole;15;mg;O;NA;ARIPIPRAZOL
N05AX12;aripiprazole;15;mg;P;NA;ARIPIPRAZOL
N05AX12;aripiprazole;13.3;mg;P;depot;ARIPIPRAZOL
N05AX13;paliperidone;6;mg;O;NA;PALIPERIDONA
N05AX13;paliperidone;2.5;mg;P;depot    Expressed as paliperidone;PALIPERIDONA
N05AX14;iloperidone;18;mg;O;NA;ILOPERIDONA
N05AX15;cariprazine;3;mg;O;NA;CARIPRAZINA
N05AX16;brexpiprazole;3;mg;O;NA;BREXPIPRAZOL
N05AX17;pimavanserin;NA;NA;NA;NA;PIMAVANSERINA
N05B;ANXIOLYTICS;NA;NA;NA;NA;ANSIOLÍTICOS
N05BA;Benzodiazepine derivatives;NA;NA;NA;NA;DERIVADOS DE LAS BENZODIAZEPINAS
N05BA01;diazepam;10;mg;O;NA;DIAZEPAM
N05BA01;diazepam;10;mg;P;NA;DIAZEPAM
N05BA01;diazepam;10;mg;R;NA;DIAZEPAM
N05BA02;chlordiazepoxide;30;mg;O;NA;CHLORDIAZEPOXIDE
N05BA02;chlordiazepoxide;50;mg;P;NA;CHLORDIAZEPOXIDE
N05BA03;medazepam;20;mg;O;NA;MEDAZEPAM
N05BA04;oxazepam;50;mg;O;NA;OXAZEPAM
N05BA05;potassium clorazepate;20;mg;O;NA;CLORAZEPATO DE POTASIO
N05BA06;lorazepam;2.5;mg;O;NA;LORAZEPAM
N05BA06;lorazepam;2.5;mg;P;NA;LORAZEPAM
N05BA06;lorazepam;2.5;mg;SL;NA;LORAZEPAM
N05BA07;adinazolam;NA;NA;NA;NA;ADINAZOLAM
N05BA08;bromazepam;10;mg;O;NA;BROMAZEPAM
N05BA09;clobazam;20;mg;O;NA;CLOBAZAM
N05BA10;ketazolam;NA;NA;NA;NA;KETAZOLAM
N05BA11;prazepam;30;mg;O;NA;PRAZEPAM
N05BA12;alprazolam;1;mg;O;NA;ALPRAZOLAM
N05BA13;halazepam;0.1;g;O;NA;HALAZEPAM
N05BA14;pinazepam;NA;NA;NA;NA;PINAZEPAM
N05BA15;camazepam;30;mg;O;NA;CAMAZEPAM
N05BA16;nordazepam;15;mg;O;NA;NORDAZEPAM
N05BA17;fludiazepam;0.75;mg;O;NA;FLUDIAZEPAM
N05BA18;ethyl loflazepate;2;mg;O;NA;LOFLAZEPATO DE ETILO
N05BA19;etizolam;NA;NA;NA;NA;ETIZOLAM
N05BA21;clotiazepam;NA;NA;NA;NA;CLOTIAZEPAM
N05BA22;cloxazolam;NA;NA;NA;NA;CLOXAZOLAM
N05BA23;tofisopam;NA;NA;NA;NA;TOFISOPAM
N05BA24;bentazepam;75;mg;O;NA;BENTAZEPAM
N05BA25;mexazolam;NA;NA;NA;NA;MEXAZOLAM
N05BA56;lorazepam, combinations;NA;NA;NA;NA;LORAZEPAM, COMBINACIONES
N05BB;Diphenylmethane derivatives;NA;NA;NA;NA;DERIVADOS DEL DIFENILMETANO
N05BB01;hydroxyzine;75;mg;O;NA;HIDROXICINA
N05BB01;hydroxyzine;75;mg;P;NA;HIDROXICINA
N05BB02;captodiame;0.2;g;O;NA;CAPTODIAME
N05BB51;hydroxyzine, combinations;NA;NA;NA;NA;HIDROXIZINA, COMBINACIONES
N05BC;Carbamates;NA;NA;NA;NA;CARBAMATOS
N05BC01;meprobamate;1.2;g;O;NA;MEPROBAMATO
N05BC03;emylcamate;0.9;g;O;NA;EMYLCAMATO
N05BC04;mebutamate;NA;NA;NA;NA;MEBUTAMATO
N05BC51;meprobamate, combinations;NA;NA;NA;NA;MEPROBAMATO, COMBINACIONES
N05BD;Dibenzo-bicyclo-octadiene derivatives;NA;NA;NA;NA;DERIVADOS DEL DIBENZO-BICICLO-OCTADIENO
N05BD01;benzoctamine;30;mg;O;NA;BENZOCTAMINA
N05BD01;benzoctamine;30;mg;P;NA;BENZOCTAMINA
N05BE;Azaspirodecanedione derivatives;NA;NA;NA;NA;DERIVADOS DE LA AZASPIRODECANEDIONA
N05BE01;buspirone;30;mg;O;NA;BUSPIRONA
N05BX;Other anxiolytics;NA;NA;NA;NA;OTROS ANSIOLÍTICOS
N05BX01;mephenoxalone;1.2;g;O;NA;MEFENOXALONA
N05BX02;gedocarnil;NA;NA;NA;NA;GEDOCARNIL
N05BX03;etifoxine;NA;NA;NA;NA;ETIFOXINA
N05BX04;fabomotizole;30;mg;O;NA;FABOMOTIZOLE
N05BX05;Lavandulae aetheroleum;NA;NA;NA;NA;LAVANDULAE AETHEROLEUM
N05C;HYPNOTICS AND SEDATIVES;NA;NA;NA;NA;HIPNÓTICOS Y SEDANTES
N05CA;Barbiturates, plain;NA;NA;NA;NA;BARBITÚRICOS, SIMPLES
N05CA01;pentobarbital;0.1;g;O;NA;PENTOBARBITAL
N05CA01;pentobarbital;0.1;g;P;NA;PENTOBARBITAL
N05CA01;pentobarbital;0.1;g;R;NA;PENTOBARBITAL
N05CA02;amobarbital;0.1;g;O;NA;AMOBARBITAL
N05CA02;amobarbital;0.1;g;P;NA;AMOBARBITAL
N05CA03;butobarbital;0.15;g;O;NA;BUTOBARBITAL
N05CA04;barbital;0.5;g;O;NA;BARBITAL
N05CA05;aprobarbital;0.1;g;O;NA;APROBARBITAL
N05CA05;aprobarbital;0.1;g;P;NA;APROBARBITAL
N05CA06;secobarbital;0.1;g;O;NA;SECOBARBITAL
N05CA07;talbutal;0.1;g;O;NA;TALBUTAL
N05CA08;vinylbital;0.15;g;O;NA;DE VINILOBITAL
N05CA09;vinbarbital;0.1;g;O;NA;VINBARBITAL
N05CA10;cyclobarbital;0.2;g;O;NA;CICLOBARBITAL
N05CA11;heptabarbital;0.2;g;O;NA;HEPTABARBITAL
N05CA12;reposal;0.2;g;O;NA;REPOSAL
N05CA15;methohexital;NA;NA;NA;NA;METOHEXITAL
N05CA16;hexobarbital;0.25;g;O;NA;HEXOBARBITAL
N05CA19;thiopental;NA;NA;NA;NA;TIOPENTAL
N05CA20;etallobarbital;NA;NA;NA;NA;ETALLOBARBITAL
N05CA21;allobarbital;NA;NA;NA;NA;ALOBARBITAL
N05CA22;proxibarbal;NA;NA;NA;NA;PROXIBARBAL
N05CB;Barbiturates, combinations;NA;NA;NA;NA;BARBITÚRICOS, COMBINACIONES
N05CB01;combinations of barbiturates;NA;NA;NA;NA;COMBINACIONES DE BARBITÚRICOS
N05CB02;barbiturates in combination with other drugs;NA;NA;NA;NA;BARBITÚRICOS EN COMBINACIÓN CON OTROS FÁRMACOS
N05CC;Aldehydes and derivatives;NA;NA;NA;NA;ALDEHÍDOS Y DERIVADOS
N05CC01;chloral hydrate;1;g;O;NA;HIDRATO DE CLORAL
N05CC01;chloral hydrate;1;g;R;NA;HIDRATO DE CLORAL
N05CC02;chloralodol;1.6;g;O;NA;CLOALODOL
N05CC03;acetylglycinamide chloral hydrate;1.7;g;O;NA;HIDRATO DE CLORAL DE ACETILGLICINAMIDA
N05CC04;dichloralphenazone;1.3;g;O;NA;DICLORALFENAZONA
N05CC05;paraldehyde;5;g;O;NA;PARALDEHÍDO
N05CC05;paraldehyde;5;g;P;NA;PARALDEHÍDO
N05CC05;paraldehyde;5;g;R;NA;PARALDEHÍDO
N05CD;Benzodiazepine derivatives;NA;NA;NA;NA;DERIVADOS DE LAS BENZODIAZEPINAS
N05CD01;flurazepam;30;mg;O;NA;FLURAZEPAM
N05CD02;nitrazepam;5;mg;O;NA;NITRAZEPAM
N05CD03;flunitrazepam;1;mg;O;NA;FLUNITRAZEPAM
N05CD03;flunitrazepam;1;mg;P;NA;FLUNITRAZEPAM
N05CD04;estazolam;3;mg;O;NA;ESTAZOLAM
N05CD05;triazolam;0.25;mg;O;NA;TRIAZOLAM
N05CD05;triazolam;0.2;mg;SL;NA;TRIAZOLAM
N05CD06;lormetazepam;1;mg;O;NA;LORMETAZEPAM
N05CD07;temazepam;20;mg;O;NA;TEMAZEPAM
N05CD08;midazolam;5;mg;N;NA;MIDAZOLAM
N05CD08;midazolam;15;mg;O;NA;MIDAZOLAM
N05CD08;midazolam;15;mg;P;NA;MIDAZOLAM
N05CD08;midazolam;10;mg;SL;NA;MIDAZOLAM
N05CD09;brotizolam;0.25;mg;O;NA;BROTIZOLAM
N05CD10;quazepam;15;mg;O;NA;QUAZEPAM
N05CD11;loprazolam;1;mg;O;NA;LOPRAZOLAM
N05CD12;doxefazepam;NA;NA;NA;NA;DOXEFAZEPAM
N05CD13;cinolazepam;NA;NA;NA;NA;CINOLAZEPAM
N05CD14;remimazolam;NA;NA;NA;NA;REMIMAZOLAM
N05CD15;nimetazepam;NA;NA;NA;NA;NIMETAZEPAM
N05CE;Piperidinedione derivatives;NA;NA;NA;NA;DERIVADOS DE LA PIPERIDIDIONA
N05CE01;glutethimide;0.25;g;O;NA;GLUTETIMIDA
N05CE02;methyprylon;0.2;g;O;NA;METIPRILONA
N05CE03;pyrithyldione;0.2;g;O;NA;PIRITILDIONA
N05CF;Benzodiazepine related drugs;NA;NA;NA;NA;MEDICAMENTOS RELACIONADOS CON LAS BENZODIAZEPINAS
N05CF01;zopiclone;7.5;mg;O;NA;ZOPICLONA
N05CF02;zolpidem;10;mg;O;NA;ZOLPIDEM
N05CF03;zaleplon;10;mg;O;NA;ZALEPLON
N05CF04;eszopiclone;2;mg;O;NA;ESZOPICLONA
N05CH;Melatonin receptor agonists;NA;NA;NA;NA;AGONISTAS DE LOS RECEPTORES DE MELATONINA
N05CH01;melatonin;2;mg;O;NA;MELATONINA
N05CH02;ramelteon;NA;NA;NA;NA;RAMELTEON
N05CH03;tasimelteon;NA;NA;NA;NA;TASIMELTEON
N05CJ;Orexin receptor antagonists;NA;NA;NA;NA;ANTAGONISTAS DE LOS RECEPTORES DE OREXINA
N05CJ01;suvorexant;NA;NA;NA;NA;SUVOREXANT
N05CJ02;lemborexant;NA;NA;NA;NA;LEMBOREXANT
N05CJ03;daridorexant;NA;NA;NA;NA;DARIDOREXANT
N05CM;Other hypnotics and sedatives;NA;NA;NA;NA;OTROS HIPNÓTICOS Y SEDANTES
N05CM01;methaqualone;0.2;g;O;NA;METACUALONA
N05CM02;clomethiazole;1.5;g;O;NA;CLOMETIAZOL
N05CM02;clomethiazole;1.5;g;P;NA;CLOMETIAZOL
N05CM03;bromisoval;0.6;g;O;NA;BROMISOVAL
N05CM04;carbromal;1;g;O;NA;CARBURO
N05CM05;scopolamine;0.9;mg;O;NA;ESCOPOLAMINA
N05CM05;scopolamine;0.9;mg;P;NA;ESCOPOLAMINA
N05CM06;propiomazine;25;mg;O;NA;PROPIOMAZINA
N05CM07;triclofos;1;g;O;NA;TRICLOFOS
N05CM08;ethchlorvynol;0.5;g;O;NA;ETCLORVINOL
N05CM09;Valerianae radix;NA;NA;NA;NA;VALERIANAE RADIX
N05CM10;hexapropymate;0.4;g;O;NA;HEXAPROPIMADO
N05CM11;bromides;NA;NA;NA;NA;BROMUROS
N05CM12;apronal;0.25;g;O;NA;DELANTAL
N05CM13;valnoctamide;0.6;g;O;NA;VALNOCTAMIDA
N05CM15;methylpentynol;NA;NA;NA;NA;METILPENTINOL
N05CM16;niaprazine;NA;NA;NA;NA;NIAPRAZINA
N05CM18;dexmedetomidine;1;mg;P;NA;DEXMEDETOMIDINA
N05CX;Hypnotics and sedatives in combination, excl. barbiturates;NA;NA;NA;NA;HIPNÓTICOS Y SEDANTES COMBINADOS, EXC. BARBITÚRICOS
N05CX01;meprobamate, combinations;NA;NA;NA;NA;MEPROBAMATO, COMBINACIONES
N05CX02;methaqualone, combinations;NA;NA;NA;NA;METACUALONA, COMBINACIONES
N05CX03;methylpentynol, combinations;NA;NA;NA;NA;METILPENTINOL, COMBINACIONES
N05CX04;clomethiazole, combinations;NA;NA;NA;NA;CLOMETIAZOL, COMBINACIONES
N05CX05;emepronium, combinations;NA;NA;NA;NA;EMEPRONIO, COMBINACIONES
N05CX06;dipiperonylaminoethanol, combinations;NA;NA;NA;NA;DE DIPIPERONILAMINOETANOL, COMBINACIONES
N06;PSYCHOANALEPTICS;NA;NA;NA;NA;PSICOANALÉPTICOS
N06A;ANTIDEPRESSANTS;NA;NA;NA;NA;ANTIDEPRESIVOS
N06AA;Non-selective monoamine reuptake inhibitors;NA;NA;NA;NA;INHIBIDORES NO SELECTIVOS DE LA RECAPTACIÓN DE MONOAMINAS
N06AA01;desipramine;0.1;g;O;NA;DESIPRAMINA
N06AA02;imipramine;0.1;g;O;NA;IMIPRAMINA
N06AA02;imipramine;0.1;g;P;NA;IMIPRAMINA
N06AA03;imipramine oxide;0.1;g;O;NA;ÓXIDO DE IMIPRAMINA
N06AA04;clomipramine;0.1;g;O;NA;CLOMIPRAMINA
N06AA04;clomipramine;0.1;g;P;NA;CLOMIPRAMINA
N06AA05;opipramol;0.15;g;O;NA;OPIPRAMOL
N06AA06;trimipramine;0.15;g;O;NA;TRIMIPRAMINA
N06AA06;trimipramine;0.15;g;P;NA;TRIMIPRAMINA
N06AA07;lofepramine;0.105;g;O;NA;LOFEPRAMINA
N06AA08;dibenzepin;0.3;g;O;NA;DIBENZEPINA
N06AA09;amitriptyline;75;mg;O;NA;AMITRIPTILINA
N06AA09;amitriptyline;75;mg;P;NA;AMITRIPTILINA
N06AA10;nortriptyline;75;mg;O;NA;NORTRIPTILINA
N06AA10;nortriptyline;30;mg;P;NA;NORTRIPTILINA
N06AA11;protriptyline;30;mg;O;NA;PROTRIPTILINA
N06AA12;doxepin;0.1;g;O;NA;DOXEPINA
N06AA12;doxepin;0.1;g;P;NA;DOXEPINA
N06AA13;iprindole;90;mg;O;NA;IPRINDOLE
N06AA14;melitracen;75;mg;O;NA;MELITRACEN
N06AA14;melitracen;75;mg;P;NA;MELITRACEN
N06AA15;butriptyline;75;mg;O;NA;BUTRIPTILINA
N06AA16;dosulepin;0.15;g;O;NA;DOSULAPINA
N06AA17;amoxapine;0.15;g;O;NA;AMOXAPINA
N06AA18;dimetacrine;0.15;g;O;NA;DIMETACRINO
N06AA19;amineptine;NA;NA;NA;NA;AMINEPTINA
N06AA21;maprotiline;0.1;g;O;NA;MAPROTILINA
N06AA21;maprotiline;0.1;g;P;NA;MAPROTILINA
N06AA23;quinupramine;NA;NA;NA;NA;QUINUPRAMINA
N06AB;Selective serotonin reuptake inhibitors;NA;NA;NA;NA;INHIBIDORES SELECTIVOS DE LA RECAPTACIÓN DE SEROTONINA
N06AB02;zimeldine;0.2;g;O;NA;ZIMELDINE
N06AB03;fluoxetine;20;mg;O;NA;FLUOXETINA
N06AB04;citalopram;20;mg;O;NA;CITALOPRAM
N06AB04;citalopram;20;mg;P;NA;CITALOPRAM
N06AB05;paroxetine;20;mg;O;NA;PAROXETINA
N06AB06;sertraline;50;mg;O;NA;SERTRALINA
N06AB07;alaproclate;NA;NA;NA;NA;ALAPROCLATE
N06AB08;fluvoxamine;0.1;g;O;NA;FLUVOXAMINA
N06AB09;etoperidone;NA;NA;NA;NA;ETOPERIDONA
N06AB10;escitalopram;10;mg;O;NA;ESCITALOPRAM
N06AF;Monoamine oxidase inhibitors, non-selective;NA;NA;NA;NA;INHIBIDORES DE LA MONOAMINOOXIDASA, NO SELECTIVOS
N06AF01;isocarboxazid;15;mg;O;NA;ISOCARBOXAZIDA
N06AF02;nialamide;0.1;g;O;NA;NIALAMIDA
N06AF03;phenelzine;60;mg;O;NA;FENELZINA
N06AF04;tranylcypromine;10;mg;O;NA;TRANILCIPROMINA
N06AF05;iproniazide;NA;NA;NA;NA;IPRONIAZIDA
N06AF06;iproclozide;NA;NA;NA;NA;IPROCLOZIDA
N06AG;Monoamine oxidase A inhibitors;NA;NA;NA;NA;INHIBIDORES DE LA MONOAMINOOXIDASA A
N06AG02;moclobemide;0.3;g;O;NA;MOCLOBEMIDA
N06AG03;toloxatone;NA;NA;NA;NA;TOLOXATONA
N06AX;Other antidepressants;NA;NA;NA;NA;OTROS ANTIDEPRESIVOS
N06AX01;oxitriptan;NA;NA;NA;NA;OXITRIPTÁN
N06AX02;tryptophan;NA;NA;NA;NA;TRIPTÓFANO
N06AX03;mianserin;60;mg;O;NA;MIANSERIN
N06AX04;nomifensine;0.15;g;O;NA;NOMIFENSINE
N06AX05;trazodone;0.3;g;O;NA;TRAZODONA
N06AX06;nefazodone;0.4;g;O;NA;NEFAZODONA
N06AX07;minaprine;0.1;g;O;NA;MINAPRINA
N06AX08;bifemelane;NA;NA;NA;NA;BIFEMELANE
N06AX09;viloxazine;0.2;g;O;NA;VILOXAZINA
N06AX10;oxaflozane;NA;NA;NA;NA;OXAFLOZANE
N06AX11;mirtazapine;30;mg;O;NA;MIRTAZAPINA
N06AX12;bupropion;0.3;g;O;NA;BUPROPIÓN
N06AX13;medifoxamine;NA;NA;NA;NA;MEDIFOXAMINA
N06AX14;tianeptine;37.5;mg;O;NA;TIANEPTINA
N06AX15;pivagabine;NA;NA;NA;NA;PIVAGABINA
N06AX16;venlafaxine;0.1;g;O;NA;VENLAFAXINA
N06AX17;milnacipran;0.1;g;O;NA;MILNACIPRÁN
N06AX18;reboxetine;8;mg;O;NA;REBOXETINA
N06AX19;gepirone;NA;NA;NA;NA;GEPIRONA
N06AX21;duloxetine;60;mg;O;NA;DULOXETINA
N06AX22;agomelatine;25;mg;O;NA;AGOMELATINA
N06AX23;desvenlafaxine;50;mg;O;NA;DESVENLAFAXINA
N06AX24;vilazodone;NA;NA;NA;NA;VILAZODONA
N06AX25;Hyperici herba;NA;NA;NA;NA;HYPERICI HERBA
N06AX26;vortioxetine;10;mg;O;NA;VORTIOXETINA
N06AX27;esketamine;8;mg;N;NA;ESKETAMINA
N06AX28;levomilnacipran;40;mg;O;NA;LEVOMILNACIPRÁN
N06AX29;brexanolone;NA;NA;NA;NA;BREXANOLONA
N06AX62;bupropion and dextromethorphan;NA;NA;NA;NA;BUPROPIÓN Y DEXTROMETORFANO
N06B;PSYCHOSTIMULANTS, AGENTS USED FOR ADHD AND NOOTROPICS;NA;NA;NA;NA;PSICOESTIMULANTES, AGENTES UTILIZADOS PARA EL TDAH Y NOOTRÓPICOS
N06BA;Centrally acting sympathomimetics;NA;NA;NA;NA;SIMPATICOMIMÉTICOS DE ACCIÓN CENTRAL
N06BA01;amfetamine;15;mg;O;NA;DE ANFETAMINA
N06BA01;amfetamine;15;mg;P;NA;DE ANFETAMINA
N06BA02;dexamfetamine;15;mg;O;NA;DEXANFETAMINA
N06BA03;metamfetamine;15;mg;O;NA;METAMFETAMINA
N06BA04;methylphenidate;30;mg;O;NA;METILFENIDATO
N06BA05;pemoline;40;mg;O;NA;PEMOLINA
N06BA06;fencamfamin;NA;NA;NA;NA;FENCAMFAMIN
N06BA07;modafinil;0.3;g;O;NA;MODAFINILO
N06BA08;fenozolone;NA;NA;NA;NA;FENOZOLONA
N06BA09;atomoxetine;80;mg;O;NA;ATOMOXETINA
N06BA10;fenetylline;NA;NA;NA;NA;FENITILINA
N06BA11;dexmethylphenidate;15;mg;O;NA;DEXMETILFENIDATO
N06BA12;lisdexamfetamine;30;mg;O;NA;LISDEXANFETAMINA
N06BA13;armodafinil;0.15;g;O;NA;ARMODAFINILO
N06BA14;solriamfetol;NA;NA;NA;NA;SOLRIAMFETOL
N06BA15;dexmethylphenidate and serdexmethylphenidate;NA;NA;NA;NA;DEXMETILFENIDATO Y SERDEXMETILFENIDATO
N06BC;Xanthine derivatives;NA;NA;NA;NA;DERIVADOS DE LA XANTINA
N06BC01;caffeine;0.4;g;O;NA;CAFEÍNA
N06BC01;caffeine;0.4;g;P;NA;CAFEÍNA
N06BC02;propentofylline;NA;NA;NA;NA;PROPENTOFILINA
N06BX;Other psychostimulants and nootropics;NA;NA;NA;NA;OTROS PSICOESTIMULANTES Y NOOTRÓPICOS
N06BX01;meclofenoxate;NA;NA;NA;NA;MECLOFENOXATO
N06BX02;pyritinol;0.6;g;O;NA;PIRITINOL
N06BX03;piracetam;2.4;g;O;NA;PIRACETAM
N06BX03;piracetam;6;g;P;NA;PIRACETAM
N06BX04;deanol;NA;NA;NA;NA;DEANOL
N06BX05;fipexide;NA;NA;NA;NA;FIPECÓXIDO
N06BX06;citicoline;NA;NA;NA;NA;CITICOLINA
N06BX07;oxiracetam;NA;NA;NA;NA;OXIRACETAM
N06BX08;pirisudanol;NA;NA;NA;NA;PIRISUDANOL
N06BX09;linopirdine;NA;NA;NA;NA;LINOPIRDINA
N06BX10;nizofenone;NA;NA;NA;NA;NIZOFENONA
N06BX11;aniracetam;NA;NA;NA;NA;ANIRACETAM
N06BX12;acetylcarnitine;NA;NA;NA;NA;ACETILCARNITINA
N06BX13;idebenone;0.9;g;O;NA;IDEBENONA
N06BX14;prolintane;NA;NA;NA;NA;PROLINTANO
N06BX15;pipradrol;30;mg;O;NA;PIPRADROL
N06BX16;pramiracetam;NA;NA;NA;NA;PRAMIRACETAM
N06BX17;adrafinil;NA;NA;NA;NA;ADRAFINIL
N06BX18;vinpocetine;15;mg;O;NA;VINPOCETINA
N06BX21;temgicoluril;NA;NA;NA;NA;TEMGICOLURIL
N06BX22;phenibut;NA;NA;NA;NA;FENIBUT
N06C;PSYCHOLEPTICS AND PSYCHOANALEPTICS IN COMBINATION;NA;NA;NA;NA;PSICOLÉPTICOS Y PSICOANALÉPTICOS EN COMBINACIÓN
N06CA;Antidepressants in combination with psycholeptics;NA;NA;NA;NA;ANTIDEPRESIVOS EN COMBINACIÓN CON PSICOLÉPTICOS
N06CA01;amitriptyline and psycholeptics;NA;NA;NA;NA;AMITRIPTILINA Y PSICOLÉPTICOS
N06CA02;melitracen and psycholeptics;NA;NA;NA;NA;MELITRACEN Y PSICOLÉPTICOS
N06CA03;fluoxetine and psycholeptics;NA;NA;NA;NA;FLUOXETINA Y PSICOLÉPTICOS
N06CB;Psychostimulants in combination with psycholeptics;NA;NA;NA;NA;PSICOESTIMULANTES EN COMBINACIÓN CON PSICOLÉPTICOS
N06D;ANTI-DEMENTIA DRUGS;NA;NA;NA;NA;MEDICAMENTOS CONTRA LA DEMENCIA
N06DA;Anticholinesterases;NA;NA;NA;NA;ANTICOLINESTERASAS
N06DA01;tacrine;0.12;g;O;NA;TACRINO
N06DA02;donepezil;7.5;mg;O;NA;DONEPEZILO
N06DA03;rivastigmine;9;mg;O;NA;RIVASTIGMINA
N06DA03;rivastigmine;9.5;mg;TD;delivered dose;RIVASTIGMINA
N06DA04;galantamine;16;mg;O;NA;GALANTAMINA
N06DA05;ipidacrine;NA;NA;NA;NA;IPIDACRINO
N06DA52;donepezil and memantine;NA;NA;NA;NA;DONEPEZILO Y MEMANTINA
N06DA53;donepezil, memantine and Ginkgo folium;NA;NA;NA;NA;DONEPEZILO, MEMANTINA Y GINKGO FOLIUM
N06DX;Other anti-dementia drugs;NA;NA;NA;NA;OTROS MEDICAMENTOS CONTRA LA DEMENCIA
N06DX01;memantine;20;mg;O;NA;MEMANTINA
N06DX02;Ginkgo folium;0.12;g;O;NA;FOLIO DE GINKGO
N06DX03;aducanumab;NA;NA;NA;NA;ADUCANUMAB
N06DX04;lecanemab;NA;NA;NA;NA;LECANEMAB
N06DX05;donanemab;NA;NA;NA;NA;DONANEMAB
N06DX30;combinations;NA;NA;NA;NA;COMBINACIONES
N07;OTHER NERVOUS SYSTEM DRUGS;NA;NA;NA;NA;OTROS MEDICAMENTOS PARA EL SISTEMA NERVIOSO
N07A;PARASYMPATHOMIMETICS;NA;NA;NA;NA;PARASIMPATICOMIMÉTICOS
N07AA;Anticholinesterases;NA;NA;NA;NA;ANTICOLINESTERASAS
N07AA01;neostigmine;60;mg;O;NA;NEOSTIGMINA
N07AA01;neostigmine;2;mg;P;NA;NEOSTIGMINA
N07AA02;pyridostigmine;0.18;g;O;NA;PIRIDOSTIGMINA
N07AA02;pyridostigmine;10;mg;P;NA;PIRIDOSTIGMINA
N07AA03;distigmine;5;mg;O;NA;DISTIGMINA
N07AA03;distigmine;0.25;mg;P;NA;DISTIGMINA
N07AA30;ambenonium;60;mg;O;NA;AMBENONIO
N07AA51;neostigmine, combinations;NA;NA;NA;NA;NEOSTIGMINA, COMBINACIONES
N07AB;Choline esters;NA;NA;NA;NA;ÉSTERES DE COLINA
N07AB01;carbachol;6;mg;O;NA;CARBACHOL
N07AB01;carbachol;0.5;mg;P;NA;CARBACHOL
N07AB02;bethanechol;45;mg;O;NA;BETANECOL
N07AX;Other parasympathomimetics;NA;NA;NA;NA;OTROS PARASIMPATICOMIMÉTICOS
N07AX01;pilocarpine;15;mg;O;NA;PILOCARPINA
N07AX01;pilocarpine;10;mg;P;NA;PILOCARPINA
N07AX02;choline alfoscerate;NA;NA;NA;NA;ALFOSCERATO DE COLINA
N07AX03;cevimeline;90;mg;O;NA;CEVIMELINA
N07B;DRUGS USED IN ADDICTIVE DISORDERS;NA;NA;NA;NA;DROGAS UTILIZADAS EN TRASTORNOS ADICTIVOS
N07BA;Drugs used in nicotine dependence;NA;NA;NA;NA;FÁRMACOS UTILIZADOS EN LA DEPENDENCIA A LA NICOTINA
N07BA01;nicotine;30;mg;Chewing gum;NA;NICOTINA
N07BA01;nicotine;60;mg;Inhal;NA;NICOTINA
N07BA01;nicotine;30;mg;N;NA;NICOTINA
N07BA01;nicotine;30;mg;SL;NA;NICOTINA
N07BA01;nicotine;14;mg;TD;NA;NICOTINA
N07BA03;varenicline;2;mg;O;NA;VARENICLINA
N07BA04;cytisinicline;NA;NA;NA;NA;CITISINICLINA
N07BB;Drugs used in alcohol dependence;NA;NA;NA;NA;DROGAS UTILIZADAS EN LA DEPENDENCIA DEL ALCOHOL
N07BB01;disulfiram;0.2;g;O;NA;DISULFIRAM
N07BB02;calcium carbimide;NA;NA;NA;NA;CARBIMIDA DE CALCIO
N07BB03;acamprosate;2;g;O;NA;ACAMPROSATO
N07BB04;naltrexone;50;mg;O;NA;NALTREXONA
N07BB05;nalmefene;18;mg;O;NA;NALMEFENO
N07BC;Drugs used in opioid dependence;NA;NA;NA;NA;FÁRMACOS UTILIZADOS EN LA DEPENDENCIA DE OPIOIDES
N07BC01;buprenorphine;1.6;mg;implant;NA;BUPRENORFINA
N07BC01;buprenorphine;2.1;mg;P;NA;BUPRENORFINA
N07BC01;buprenorphine;8;mg;SL;NA;BUPRENORFINA
N07BC02;methadone;25;mg;O;NA;METADONA
N07BC02;methadone;25;mg;P;NA;METADONA
N07BC03;levacetylmethadol;NA;NA;NA;NA;LEVACETILMETADOL
N07BC04;lofexidine;1.4;mg;O;NA;LOFEXIDINA
N07BC05;levomethadone;15;mg;O;NA;LEVOMETADONA
N07BC06;diamorphine;NA;NA;NA;NA;DIAMORFINA
N07BC51;buprenorphine, combinations;8;mg;SL;Refers to buprenorphine;BUPRENORFINA, COMBINACIONES
N07C;ANTIVERTIGO PREPARATIONS;NA;NA;NA;NA;PREPARACIONES CONTRA EL VÉRTIGO
N07CA;Antivertigo preparations;NA;NA;NA;NA;PREPARACIONES CONTRA EL VÉRTIGO
N07CA01;betahistine;24;mg;O;NA;BETAHISTINA
N07CA02;cinnarizine;90;mg;O;NA;CINNARIZINA
N07CA03;flunarizine;10;mg;O;NA;FLUNARIZINA
N07CA04;acetylleucine;NA;NA;NA;NA;ACETILLLEUCINA
N07CA52;cinnarizine, combinations;90;mg;O;Refers to cinnarizine;CINNARIZINA, COMBINACIONES
N07X;OTHER NERVOUS SYSTEM DRUGS;NA;NA;NA;NA;OTROS MEDICAMENTOS PARA EL SISTEMA NERVIOSO
N07XA;Gangliosides and ganglioside derivatives;NA;NA;NA;NA;GANGLIÓSIDOS Y DERIVADOS DE GANGLIÓSIDOS
N07XX;Other nervous system drugs;NA;NA;NA;NA;OTROS MEDICAMENTOS PARA EL SISTEMA NERVIOSO
N07XX01;tirilazad;0.42;g;P;NA;TIRILAZAD
N07XX02;riluzole;0.1;g;O;NA;RILUZOLE
N07XX03;xaliproden;NA;NA;NA;NA;XALIPRODEN
N07XX04;sodium oxybate;7.5;g;O;NA;OXIBATO DE SODIO
N07XX05;amifampridine;40;mg;O;NA;AMIFAMPRIDINA
N07XX06;tetrabenazine;0.1;g;O;NA;TETRABENAZINA
N07XX07;fampridine;20;mg;O;NA;FAMPRIDINA
N07XX08;tafamidis;20;mg;O;NA;TAFAMIDIS
N07XX10;laquinimod;NA;NA;NA;NA;LAQUINIMOD
N07XX11;pitolisant;18;mg;O;NA;PITOLISANT
N07XX12;patisiran;NA;NA;NA;NA;PATISIRAN
N07XX13;valbenazine;NA;NA;NA;NA;VALBENAZINA
N07XX14;edaravone;NA;NA;NA;NA;EDARAVONE
N07XX15;inotersen;41;mg;P;NA;INOTERSEN
N07XX16;deutetrabenazine;NA;NA;NA;NA;DEUTETRABENAZINA
N07XX17;arimoclomol;NA;NA;NA;NA;ARIMOCLOMOL
N07XX18;vutrisiran;NA;NA;NA;NA;VUTRISIRAN
N07XX19;sodium phenylbutyrate and ursodoxicoltaurine;NA;NA;NA;NA;FENILBUTIRATO DE SODIO Y URSODOXICOLTAURINA
N07XX21;eplontersen;NA;NA;NA;NA;EPLONTERSEN
N07XX22;tofersen;NA;NA;NA;NA;TOFERSEN
N07XX23;troriluzole;NA;NA;NA;NA;TRORILUZOL
N07XX59;dextromethorphan, combinations;40;mg;O;Refers to dextromethorphan;DEXTROMETORFANO, COMBINACIONES
P;ANTIPARASITIC PRODUCTS, INSECTICIDES AND REPELLENTS;NA;NA;NA;NA;PRODUCTOS ANTIPARASITARIOS, INSECTICIDAS Y REPELENTES
P01;ANTIPROTOZOALS;NA;NA;NA;NA;ANTIPROTOZOARIOS
P01A;AGENTS AGAINST AMOEBIASIS AND OTHER PROTOZOAL DISEASES;NA;NA;NA;NA;AGENTES CONTRA LA AMEBIASIS Y OTRAS ENFERMEDADES PROTOZOARIAS
P01AA;Hydroxyquinoline derivatives;NA;NA;NA;NA;DERIVADOS DE LA HIDROXIQUINOLINA
P01AA01;broxyquinoline;NA;NA;NA;NA;BROXIQUINOLINA
P01AA02;clioquinol;NA;NA;NA;NA;CLIOQUINOL
P01AA04;chlorquinaldol;NA;NA;NA;NA;CLORQUINALDOL
P01AA05;tilbroquinol;NA;NA;NA;NA;TILBROQUINOL
P01AA30;tilbroquinol and tiliquinol;NA;NA;NA;NA;TILBROQUINOL Y TILIQUINOL
P01AA52;clioquinol, combinations;NA;NA;NA;NA;CLIOQUINOL, COMBINACIONES
P01AB;Nitroimidazole derivatives;NA;NA;NA;NA;DERIVADOS DEL NITROIMIDAZOL
P01AB01;metronidazole;2;g;O;NA;METRONIDAZOL
P01AB01;metronidazole;2;g;R;NA;METRONIDAZOL
P01AB02;tinidazole;2;g;O;NA;TINIDAZOL
P01AB02;tinidazole;2;g;R;NA;TINIDAZOL
P01AB03;ornidazole;1.5;g;O;NA;ORNIDAZOL
P01AB04;azanidazole;NA;NA;NA;NA;AZANIDAZOL
P01AB05;propenidazole;NA;NA;NA;NA;PROPENIDAZOL
P01AB06;nimorazole;2;g;O;NA;NIMORAZOL
P01AB07;secnidazole;2;g;O;NA;SECNIDAZOL
P01AB51;metronidazole and furazolidone;NA;NA;NA;NA;METRONIDAZOL Y FURAZOLIDONA
P01AB52;metronidazole and diloxanide;NA;NA;NA;NA;METRONIDAZOL Y DILOXANIDA
P01AC;Dichloroacetamide derivatives;NA;NA;NA;NA;DERIVADOS DE LA DICLOROACETAMIDA
P01AC01;diloxanide;1.5;g;O;NA;DILOXANIDA
P01AC02;clefamide;NA;NA;NA;NA;CLEFAMIDA
P01AC03;etofamide;NA;NA;NA;NA;ETOFAMIDA
P01AC04;teclozan;NA;NA;NA;NA;TECLOZAN
P01AR;Arsenic compounds;NA;NA;NA;NA;COMPUESTOS DE ARSÉNICO
P01AR01;arsthinol;NA;NA;NA;NA;ARSTHINOL
P01AR02;difetarsone;NA;NA;NA;NA;DIFETARSONE
P01AR03;glycobiarsol;NA;NA;NA;NA;GLYCOBIARSOL
P01AR53;glycobiarsol, combinations;NA;NA;NA;NA;GLYCOBIARSOL, COMBINACIONES
P01AX;Other agents against amoebiasis and other protozoal diseases;NA;NA;NA;NA;OTROS AGENTES CONTRA LA AMEBIASIS Y OTRAS ENFERMEDADES PROTOZOARIAS
P01AX01;chiniofon;NA;NA;NA;NA;CHINIOFON
P01AX02;emetine;60;mg;P;NA;EMETINA
P01AX04;phanquinone;NA;NA;NA;NA;FANQUINONA
P01AX05;mepacrine;0.3;g;O;NA;MEPACRINA
P01AX06;atovaquone;2.25;g;O;NA;ATOVACUONA
P01AX07;trimetrexate;85;mg;P;NA;TRIMETREXATO
P01AX08;tenonitrozole;NA;NA;NA;NA;TENONNITROZOL
P01AX09;dehydroemetine;60;mg;P;NA;DEHIDROEMETINA
P01AX10;fumagillin;NA;NA;NA;NA;FUMAGILINA
P01AX11;nitazoxanide;1;g;O;NA;NITAZOXANIDA
P01AX52;emetine, combinations;NA;NA;NA;NA;EMETINA, COMBINACIONES
P01B;ANTIMALARIALS;NA;NA;NA;NA;ANTIPALÚDICOS
P01BA;Aminoquinolines;NA;NA;NA;NA;AMINOQUINOLINAS
P01BA01;chloroquine;0.5;g;O;base;CLOROQUINA
P01BA01;chloroquine;0.5;g;P;base;CLOROQUINA
P01BA02;hydroxychloroquine;0.516;g;O;base;HIDROXICLOROQUINA
P01BA03;primaquine;15;mg;O;base;PRIMAQUINA
P01BA06;amodiaquine;0.5;g;O;NA;AMODIAQUINA
P01BA07;tafenoquine;NA;NA;NA;NA;TAFENOQUINA
P01BB;Biguanides;NA;NA;NA;NA;BIGUANIDAS
P01BB01;proguanil;0.2;g;O;hydrochloride, (prophylactic daily dose);PROGUANIL
P01BB02;cycloguanil embonate;NA;NA;NA;NA;EMBONATO DE CICLOGUANIL
P01BB51;proguanil and atovaquone;NA;NA;NA;NA;PROGUANIL Y ATOVACUONA
P01BB52;chloroquine and proguanil;NA;NA;NA;NA;CLOROQUINA Y PROGUANIL
P01BC;Methanolquinolines;NA;NA;NA;NA;METANOLQUINOLINAS
P01BC01;quinine;1.5;g;O;base;QUININA
P01BC01;quinine;1.5;g;P;base;QUININA
P01BC02;mefloquine;1;g;O;base;MEFLOQUINA
P01BD;Diaminopyrimidines;NA;NA;NA;NA;DIAMINOPIRIMIDINAS
P01BD01;pyrimethamine;75;mg;O;NA;PIRIMETAMINA
P01BD51;pyrimethamine, combinations;75;mg;O;Refers to pyrimethamine;PIRIMETAMINA, COMBINACIONES
P01BD51;pyrimethamine, combinations;75;mg;P;Refers to pyrimethamine;PIRIMETAMINA, COMBINACIONES
P01BE;Artemisinin and derivatives, plain;NA;NA;NA;NA;ARTEMISININA Y DERIVADOS, SIMPLES
P01BE01;artemisinin;1;g;O;NA;ARTEMISININA
P01BE02;artemether;0.28;g;O;NA;ARTÉMETRO
P01BE02;artemether;0.12;g;P;NA;ARTÉMETRO
P01BE02;artemether;0.28;g;R;NA;ARTÉMETRO
P01BE03;artesunate;0.28;g;O;NA;ARTESUNATO
P01BE03;artesunate;0.28;g;P;NA;ARTESUNATO
P01BE03;artesunate;0.28;g;R;NA;ARTESUNATO
P01BE04;artemotil;NA;NA;NA;NA;ARTEMOTIL
P01BE05;artenimol;0.28;g;O;NA;ARTONIMOL
P01BF;Artemisinin and derivatives, combinations;NA;NA;NA;NA;ARTEMISININA Y DERIVADOS, COMBINACIONES
P01BF01;artemether and lumefantrine;0.28;g;O;Refers to artemether;ARTEMETHER Y LUMEFANTRINA
P01BF02;artesunate and mefloquine;NA;NA;NA;NA;ARTESUNATO Y MEFLOQUINA
P01BF03;artesunate and amodiaquine;NA;NA;NA;NA;ARTESUNATO Y AMODIAQUINA
P01BF04;artesunate, sulfalene and pyrimethamine;NA;NA;NA;NA;ARTESUNATO, SULFALENO Y PIRIMETAMINA
P01BF05;artenimol and piperaquine;NA;NA;NA;NA;ARTONIMOL Y PIPERAQUINA
P01BF06;artesunate and pyronaridine;NA;NA;NA;NA;ARTESUNATO Y PIRONARIDINA
P01BF07;artemisinin and piperaquine;NA;NA;NA;NA;ARTEMISININA Y PIPERAQUINA
P01BF08;artemisinin and naphthoquine;NA;NA;NA;NA;ARTEMISININA Y NAFTOQUINA
P01BF09;artesunate, sulfadoxine and pyrimethamine;NA;NA;NA;NA;ARTESUNATO, SULFADOXINA Y PIRIMETAMINA
P01BX;Other antimalarials;NA;NA;NA;NA;OTROS ANTIPALÚDICOS
P01BX01;halofantrine;1.5;g;O;NA;HALOFANTRINA
P01BX02;arterolane and piperaquine;NA;NA;NA;NA;ARTEROLANO Y PIPERAQUINA
P01C;AGENTS AGAINST LEISHMANIASIS AND TRYPANOSOMIASIS;NA;NA;NA;NA;AGENTES CONTRA LA LEISHMANIASIS Y LA TRIPANOSOMIASIS
P01CA;Nitroimidazole derivatives;NA;NA;NA;NA;DERIVADOS DEL NITROIMIDAZOL
P01CA02;benznidazole;0.4;g;O;NA;BENZNIDAZOL
P01CA03;fexinidazole;1.44;g;O;NA;FEXINIDAZOL
P01CB;Antimony compounds;NA;NA;NA;NA;COMPUESTOS DE ANTIMONIO
P01CB01;meglumine antimonate;0.85;g;P;Sb5+;ANTIMONIATO DE MEGLUMINA
P01CB02;sodium stibogluconate;0.85;g;P;Sb5+;ESTIBOGLUCONATO DE SODIO
P01CC;Nitrofuran derivatives;NA;NA;NA;NA;DERIVADOS DEL NITROFURANO
P01CC01;nifurtimox;0.7;g;O;NA;NIFURTIMOX
P01CC02;nitrofural;NA;NA;NA;NA;NITROFURAL
P01CD;Arsenic compounds;NA;NA;NA;NA;COMPUESTOS DE ARSÉNICO
P01CD01;melarsoprol;60;mg;P;NA;MELARSOPROL
P01CD02;acetarsol;NA;NA;NA;NA;ACETARSOL
P01CX;Other agents against leishmaniasis and trypanosomiasis;NA;NA;NA;NA;OTROS AGENTES CONTRA LA LEISHMANIASIS Y LA TRIPANOSOMIASIS
P01CX01;pentamidine isethionate;0.28;g;P;per injection;ISETIONATO DE PENTAMIDINA
P01CX02;suramin sodium;0.27;g;P;NA;SURAMINA SÓDICA
P01CX03;eflornithine;NA;NA;NA;NA;EFLORNITINA
P01CX04;miltefosine;0.15;g;O;NA;MILTEFOSINA
P02;ANTHELMINTICS;NA;NA;NA;NA;ANTIHELMÍNTICOS
P02B;ANTITREMATODALS;NA;NA;NA;NA;ANTITREMATODOLES
P02BA;Quinoline derivatives and related substances;NA;NA;NA;NA;DERIVADOS DE LA QUINOLINA Y SUSTANCIAS AFINES
P02BA01;praziquantel;3;g;O;NA;PRAZIQUANTEL
P02BA02;oxamniquine;1;g;O;NA;OXAMNIQUINA
P02BA03;arpraziquantel;NA;NA;NA;NA;ARPRAZIQUANTEL
P02BB;Organophosphorous compounds;NA;NA;NA;NA;COMPUESTOS ORGANOFOSFORADOS
P02BB01;metrifonate;40;mg;O;NA;METRIFONATO
P02BX;Other antitrematodal agents;NA;NA;NA;NA;OTROS AGENTES ANTITREMATODOS.
P02BX01;bithionol;NA;NA;NA;NA;BITHIONOL
P02BX02;niridazole;NA;NA;NA;NA;NIRIDAZOL
P02BX03;stibophen;NA;NA;NA;NA;ESTIBOFÉN
P02BX04;triclabendazole;NA;NA;NA;NA;TRICLABENDAZOL
P02C;ANTINEMATODAL AGENTS;NA;NA;NA;NA;AGENTES ANTINEMATODALES
P02CA;Benzimidazole derivatives;NA;NA;NA;NA;DERIVADOS DEL BENZIMIDAZOL
P02CA01;mebendazole;0.2;g;O;NA;MEBENDAZOL
P02CA02;tiabendazole;3;g;O;NA;TIABENDAZOL
P02CA03;albendazole;0.4;g;O;NA;ALBENDAZOL
P02CA04;ciclobendazole;NA;NA;NA;NA;CICLOBENDAZOL
P02CA05;flubendazole;0.2;g;O;NA;FLUBENDAZOL
P02CA06;fenbendazole;NA;NA;NA;NA;FENBENDAZOL
P02CA51;mebendazole, combinations;NA;NA;NA;NA;MEBENDAZOL, COMBINACIONES
P02CB;Piperazine and derivatives;NA;NA;NA;NA;PIPERAZINA Y DERIVADOS
P02CB01;piperazine;3.5;g;O;as hydrate;PIPERAZINA
P02CB02;diethylcarbamazine;0.4;g;O;NA;DIETILCARBAMAZINA
P02CC;Tetrahydropyrimidine derivatives;NA;NA;NA;NA;DERIVADOS DE LA TETRAHIDROPIRIMIDINA
P02CC01;pyrantel;0.75;g;O;NA;PIRANTEL
P02CC02;oxantel;NA;NA;NA;NA;OXANTEL
P02CE;Imidazothiazole derivatives;NA;NA;NA;NA;DERIVADOS DEL IMIDAZOTIAZOL
P02CE01;levamisole;0.15;g;O;NA;LEVAMISOL
P02CF;Avermectines;NA;NA;NA;NA;AVERMECTINAS
P02CF01;ivermectin;12;mg;O;NA;IVERMECTINA
P02CX;Other antinematodals;NA;NA;NA;NA;OTROS ANTINEMATODOS
P02CX01;pyrvinium;0.35;g;O;NA;PIRVINIO
P02CX02;bephenium;NA;NA;NA;NA;BEFENIO
P02CX03;moxidectin;NA;NA;NA;NA;MOXIDECTINA
P02D;ANTICESTODALS;NA;NA;NA;NA;ANTICESTODALS
P02DA;Salicylic acid derivatives;NA;NA;NA;NA;DERIVADOS DEL ÁCIDO SALICÍLICO
P02DA01;niclosamide;2;g;O;NA;NICLOSAMIDA
P02DX;Other anticestodals;NA;NA;NA;NA;OTROS ANTICESTODOLES
P02DX01;desaspidin;NA;NA;NA;NA;DESASPIDINA
P02DX02;dichlorophen;NA;NA;NA;NA;DICLOROFÉN
P03;ECTOPARASITICIDES, INCL. SCABICIDES, INSECTICIDES AND REPELLENTS;NA;NA;NA;NA;ECTOPARASITICIDAS, INCL. ESCABICIDAS, INSECTICIDAS Y REPELENTES
P03A;ECTOPARASITICIDES, INCL. SCABICIDES;NA;NA;NA;NA;ECTOPARASITICIDAS, INCL. ESCABICIDAS
P03AA;Sulfur containing products;NA;NA;NA;NA;PRODUCTOS QUE CONTIENEN AZUFRE
P03AA01;dixanthogen;NA;NA;NA;NA;DIXANTHOGEN
P03AA02;potassium polysulfide;NA;NA;NA;NA;POLISULFURO DE POTASIO
P03AA03;mesulfen;NA;NA;NA;NA;MESULFENO
P03AA04;disulfiram;NA;NA;NA;NA;DISULFIRAM
P03AA05;thiram;NA;NA;NA;NA;TIRAM
P03AA54;disulfiram, combinations;NA;NA;NA;NA;DISULFIRAM, COMBINACIONES
P03AB;Chlorine containing products;NA;NA;NA;NA;PRODUCTOS QUE CONTIENEN CLORO
P03AB01;clofenotane;NA;NA;NA;NA;CLOFENOTANO
P03AB02;lindane;NA;NA;NA;NA;LINDANO
P03AB51;clofenotane, combinations;NA;NA;NA;NA;CLOFENOTANO, COMBINACIONES
P03AC;Pyrethrines, incl. synthetic compounds;NA;NA;NA;NA;PIRETRINAS, INCL. COMPUESTOS SINTÉTICOS
P03AC01;pyrethrum;NA;NA;NA;NA;PIRETRO
P03AC02;bioallethrin;NA;NA;NA;NA;BIOALETRINA
P03AC03;phenothrin;NA;NA;NA;NA;FENOTRINA
P03AC04;permethrin;NA;NA;NA;NA;PERMETRINA
P03AC51;pyrethrum, combinations;NA;NA;NA;NA;PIRETRO, COMBINACIONES
P03AC52;bioallethrin, combinations;NA;NA;NA;NA;BIOALETRINA, COMBINACIONES
P03AC53;phenothrin, combinations;NA;NA;NA;NA;FENOTRINA, COMBINACIONES
P03AC54;permethrin, combinations;NA;NA;NA;NA;PERMETRINA, COMBINACIONES
P03AX;Other ectoparasiticides, incl. scabicides;NA;NA;NA;NA;LOS DEMÁS ECTOPARASITICIDAS, INCLUIDOS LOS ESCABICIDAS
P03AX01;benzyl benzoate;NA;NA;NA;NA;BENZOATO DE BENCILO
P03AX02;copper oleinate;NA;NA;NA;NA;OLEINATO DE COBRE
P03AX03;malathion;NA;NA;NA;NA;MALATIÓN
P03AX04;quassia;NA;NA;NA;NA;QUASSIA
P03AX05;dimeticone;NA;NA;NA;NA;DIMETICONA
P03AX06;benzyl alcohol;NA;NA;NA;NA;ALCOHOL BENCÍLICO
P03AX07;abametapir;NA;NA;NA;NA;ABAMETAPIR
P03B;INSECTICIDES AND REPELLENTS;NA;NA;NA;NA;INSECTICIDAS Y REPELENTES
P03BA;Pyrethrines;NA;NA;NA;NA;PIRETRINAS
P03BA01;cyfluthrin;NA;NA;NA;NA;CIFLUTRINA
P03BA02;cypermethrin;NA;NA;NA;NA;CIPERMETRINA
P03BA03;decamethrin;NA;NA;NA;NA;DECAMETHRIN
P03BA04;tetramethrin;NA;NA;NA;NA;TETRAMETRINA
P03BX;Other insecticides and repellents;NA;NA;NA;NA;OTROS INSECTICIDAS Y REPELENTES
P03BX01;diethyltoluamide;NA;NA;NA;NA;DIETILTOLUAMIDA
P03BX02;dimethylphthalate;NA;NA;NA;NA;DIMETILFTALATO
P03BX03;dibutylphthalate;NA;NA;NA;NA;DIBUTILFTALATO
P03BX04;dibutylsuccinate;NA;NA;NA;NA;DIBUTILSUCCINATO
P03BX05;dimethylcarbate;NA;NA;NA;NA;DIMETILCARBATO
P03BX06;etohexadiol;NA;NA;NA;NA;ETOHEXADIOL
R;RESPIRATORY SYSTEM;NA;NA;NA;NA;SISTEMA RESPIRATORIO
R01;NASAL PREPARATIONS;NA;NA;NA;NA;PREPARACIONES DE LA NASA
R01A;DECONGESTANTS AND OTHER NASAL PREPARATIONS FOR TOPICAL USE;NA;NA;NA;NA;DESCONGESTIONANTES Y OTRAS PREPARACIONES NASALES DE USO TÓPICO
R01AA;Sympathomimetics, plain;NA;NA;NA;NA;SIMPATICOMIMÉTICOS SIMPLES
R01AA02;cyclopentamine;NA;NA;NA;NA;CICLOPENTAMINA
R01AA03;ephedrine;8;mg;N;NA;EFEDRINA
R01AA04;phenylephrine;4;mg;N;NA;FENILEFRINA
R01AA05;oxymetazoline;0.4;mg;N;NA;OXIMETAZOLINA
R01AA06;tetryzoline;0.8;mg;N;NA;TETRYZOLINA
R01AA07;xylometazoline;0.8;mg;N;NA;XILOMETAZOLINA
R01AA08;naphazoline;0.4;mg;N;NA;NAPHAZOLINA
R01AA09;tramazoline;NA;NA;NA;NA;TRAMAZOLINA
R01AA10;metizoline;NA;NA;NA;NA;METIZOLINA
R01AA11;tuaminoheptane;NA;NA;NA;NA;TUAMINOHEPTANE
R01AA12;fenoxazoline;NA;NA;NA;NA;FENOXAZOLINA
R01AA13;tymazoline;NA;NA;NA;NA;TOMACOLINA
R01AA14;epinephrine;NA;NA;NA;NA;EPINEFRINA
R01AA15;indanazoline;NA;NA;NA;NA;INDANAZOLINA
R01AB;Sympathomimetics, combinations excl. corticosteroids;NA;NA;NA;NA;SIMPATICOMIMÉTICOS, COMBINACIONES, EXC. CORTICOSTEROIDES
R01AB01;phenylephrine;NA;NA;NA;NA;FENILEFRINA
R01AB02;naphazoline;NA;NA;NA;NA;NAPHAZOLINA
R01AB03;tetryzoline;NA;NA;NA;NA;TETRYZOLINA
R01AB05;ephedrine;NA;NA;NA;NA;EFEDRINA
R01AB06;xylometazoline;NA;NA;NA;NA;XILOMETAZOLINA
R01AB07;oxymetazoline;NA;NA;NA;NA;OXIMETAZOLINA
R01AB08;tuaminoheptane;NA;NA;NA;NA;TUAMINOHEPTANE
R01AC;Antiallergic agents, excl. corticosteroids;NA;NA;NA;NA;ANTIALÉRGICOS, EXC. CORTICOSTEROIDES
R01AC01;cromoglicic acid;40;mg;N;NA;ÁCIDO CROMOGLÍCICO
R01AC02;levocabastine;0.6;mg;N;NA;LEVOCABASTINE
R01AC03;azelastine;0.56;mg;N;NA;AZELASTINA
R01AC04;antazoline;NA;NA;NA;NA;ANTAZOLINA
R01AC05;spaglumic acid;NA;NA;NA;NA;ÁCIDO ESPAGLÍMICO
R01AC06;thonzylamine;NA;NA;NA;NA;TIONZILAMINA
R01AC07;nedocromil;10.4;mg;N;NA;NEDOCROMIL
R01AC08;olopatadine;NA;NA;NA;NA;OLOPATADINA
R01AC51;cromoglicic acid, combinations;NA;NA;NA;NA;ÁCIDO CROMOGLÍCICO, COMBINACIONES
R01AD;Corticosteroids;NA;NA;NA;NA;CORTICOSTEROIDES
R01AD01;beclometasone;0.4;mg;N;NA;BECLOMETASONA
R01AD02;prednisolone;NA;NA;NA;NA;PREDNISOLONA
R01AD03;dexamethasone;NA;NA;NA;NA;DEXAMETASONA
R01AD04;flunisolide;0.15;mg;N;NA;FLUNISOLIDA
R01AD05;budesonide;0.2;mg;N;NA;BUDESONIDA
R01AD06;betamethasone;0.4;mg;N;NA;BETAMETASONA
R01AD07;tixocortol;8;mg;N;NA;TIXOCORTOL
R01AD08;fluticasone;0.2;mg;N;NA;FLUTICASONA
R01AD09;mometasone;0.2;mg;N;NA;MOMETASONA
R01AD11;triamcinolone;0.22;mg;N;NA;TRIAMCINOLONA
R01AD12;fluticasone furoate;0.11;mg;N;NA;FUROATO DE FLUTICASONA
R01AD13;ciclesonide;0.2;mg;N;NA;CICLESONIDA
R01AD52;prednisolone, combinations;NA;NA;NA;NA;PREDNISOLONA, COMBINACIONES
R01AD53;dexamethasone, combinations;NA;NA;NA;NA;DEXAMETASONA, COMBINACIONES
R01AD57;tixocortol, combinations;NA;NA;NA;NA;TIXOCORTOL, COMBINACIONES
R01AD58;fluticasone, combinations;NA;NA;NA;NA;FLUTICASONA, COMBINACIONES
R01AD59;mometasone, combinations;NA;NA;NA;NA;MOMETASONA, COMBINACIONES
R01AD60;hydrocortisone, combinations;NA;NA;NA;NA;HIDROCORTISONA, COMBINACIONES
R01AX;Other nasal preparations;NA;NA;NA;NA;OTRAS PREPARACIONES NASALES
R01AX01;calcium hexamine thiocyanate;NA;NA;NA;NA;TIOCIANATO DE HEXAMINA DE CALCIO
R01AX02;retinol;800;U;N;NA;RETINOL
R01AX03;ipratropium bromide;0.24;mg;N;NA;BROMURO DE IPRATROPIO
R01AX05;ritiometan;NA;NA;NA;NA;RITIOMETÁN
R01AX06;mupirocin;NA;NA;NA;NA;MUPIROCINA
R01AX07;hexamidine;NA;NA;NA;NA;HEXAMIDINA
R01AX08;framycetin;NA;NA;NA;NA;FRAMICETINA
R01AX09;hyaluronic acid;NA;NA;NA;NA;ÁCIDO HIALURÓNICO
R01AX10;various;NA;NA;NA;NA;VARIOS
R01AX30;combinations;NA;NA;NA;NA;COMBINACIONES
R01B;NASAL DECONGESTANTS FOR SYSTEMIC USE;NA;NA;NA;NA;DESCONGESTIONANTES NASALES DE USO SISTÉMICO
R01BA;Sympathomimetics;NA;NA;NA;NA;SIMPATICOMIMÉTICOS
R01BA01;phenylpropanolamine;0.1;g;O;NA;FENILPROPANOLAMINA
R01BA02;pseudoephedrine;0.24;g;O;NA;SEUDOEFEDRINA
R01BA03;phenylephrine;40;mg;O;NA;FENILEFRINA
R01BA51;phenylpropanolamine, combinations;0.1;g;O;Refers to phenylpropanolamine;FENILPROPANOLAMINA, COMBINACIONES
R01BA52;pseudoephedrine, combinations;0.24;g;O;Refers to pseudoephedrine;PSEUDOEFEDRINA, COMBINACIONES
R01BA53;phenylephrine, combinations;NA;NA;NA;NA;FENILEFRINA, COMBINACIONES
R02;THROAT PREPARATIONS;NA;NA;NA;NA;PREPARACIONES PARA LA GARGANTA
R02A;THROAT PREPARATIONS;NA;NA;NA;NA;PREPARACIONES PARA LA GARGANTA
R02AA;Antiseptics;NA;NA;NA;NA;ANTISÉPTICOS
R02AA01;ambazone;40;mg;O;NA;AMBAZONE
R02AA02;dequalinium;1.5;mg;O;NA;DEQUALINIUM
R02AA03;dichlorobenzyl alcohol;NA;NA;NA;NA;ALCOHOL DICLOROBENCÍLICO
R02AA05;chlorhexidine;30;mg;O;NA;CLORHEXIDINA
R02AA06;cetylpyridinium;NA;NA;NA;NA;CETILPIRIDINIO
R02AA09;benzethonium;NA;NA;NA;NA;BENCETONIO
R02AA10;myristyl-benzalkonium;NA;NA;NA;NA;MYRISTYL-BENZALCONIO
R02AA11;chlorquinaldol;NA;NA;NA;NA;CLORQUINALDOL
R02AA12;hexylresorcinol;NA;NA;NA;NA;HEXILRESORCINOL
R02AA13;acriflavinium chloride;NA;NA;NA;NA;CLORURO DE ACRIFLAVINIO
R02AA14;oxyquinoline;NA;NA;NA;NA;OXIQUINOLINA
R02AA15;povidone-iodine;NA;NA;NA;NA;POVIDONA YODADA
R02AA16;benzalkonium;NA;NA;NA;NA;BENZALCONIO
R02AA17;cetrimonium;NA;NA;NA;NA;CETRIMONIO
R02AA18;hexamidine;NA;NA;NA;NA;HEXAMIDINA
R02AA19;phenol;NA;NA;NA;NA;FENOL
R02AA20;various;NA;NA;NA;NA;VARIOS
R02AA21;octenidine;NA;NA;NA;NA;OCTENIDINA
R02AB;Antibiotics;NA;NA;NA;NA;ANTIBIÓTICOS
R02AB01;neomycin;NA;NA;NA;NA;NEOMICINA
R02AB02;tyrothricin;NA;NA;NA;NA;TIROTRICINA
R02AB03;fusafungine;NA;NA;NA;NA;FUSAFUNGINA
R02AB04;bacitracin;NA;NA;NA;NA;BACITRACINA
R02AB30;gramicidin;NA;NA;NA;NA;GRAMICIDINA
R02AD;Anesthetics, local;NA;NA;NA;NA;ANESTÉSICOS LOCALES
R02AD01;benzocaine;NA;NA;NA;NA;BENZOCAÍNA
R02AD02;lidocaine;NA;NA;NA;NA;LIDOCAÍNA
R02AD03;cocaine;NA;NA;NA;NA;COCAÍNA
R02AD04;dyclonine;NA;NA;NA;NA;DICLONINA
R02AD05;ambroxol;NA;NA;NA;NA;AMBROXOL
R02AX;Other throat preparations;NA;NA;NA;NA;OTRAS PREPARACIONES PARA LA GARGANTA
R02AX01;flurbiprofen;44;mg;O;NA;FLURBIPROFENO
R02AX02;ibuprofen;NA;NA;NA;NA;IBUPROFENO
R02AX03;benzydamine;9;mg;O;NA;BENCIDAMINA
R03;DRUGS FOR OBSTRUCTIVE AIRWAY DISEASES;NA;NA;NA;NA;MEDICAMENTOS PARA LAS ENFERMEDADES OBSTRUCTIVAS DE LAS VÍAS RESPIRATORIAS
R03A;ADRENERGICS, INHALANTS;NA;NA;NA;NA;ADRÉRGICOS, INHALANTES
R03AA;Alpha- and beta-adrenoreceptor agonists;NA;NA;NA;NA;AGONISTAS DE LOS RECEPTORES ADRENÉRGICOS ALFA Y BETA
R03AA01;epinephrine;2.24;mg;Inhal.aerosol;NA;EPINEFRINA
R03AA01;epinephrine;20;mg;Inhal.solution;NA;EPINEFRINA
R03AB;Non-selective beta-adrenoreceptor agonists;NA;NA;NA;NA;AGONISTAS NO SELECTIVOS DE LOS RECEPTORES BETA-ADRENÉRGICOS
R03AB02;isoprenaline;0.64;mg;Inhal.aerosol;NA;ISOPRENALINA
R03AB02;isoprenaline;10;mg;Inhal.solution;NA;ISOPRENALINA
R03AB03;orciprenaline;6;mg;Inhal.aerosol;NA;ORCIPRENALINA
R03AC;Selective beta-2-adrenoreceptor agonists;NA;NA;NA;NA;AGONISTAS SELECTIVOS DE LOS RECEPTORES ADRENÉRGICOS BETA-2
R03AC02;salbutamol;0.8;mg;Inhal.aerosol;NA;SALBUTAMOL
R03AC02;salbutamol;0.8;mg;Inhal.powder;NA;SALBUTAMOL
R03AC02;salbutamol;10;mg;Inhal.solution;NA;SALBUTAMOL
R03AC03;terbutaline;2;mg;Inhal.aerosol;NA;TERBUTALINA
R03AC03;terbutaline;2;mg;Inhal.powder;NA;TERBUTALINA
R03AC03;terbutaline;20;mg;Inhal.solution;NA;TERBUTALINA
R03AC04;fenoterol;0.6;mg;Inhal.aerosol;NA;FENOTEROL
R03AC04;fenoterol;0.6;mg;Inhal.powder;NA;FENOTEROL
R03AC04;fenoterol;4;mg;Inhal.solution;NA;FENOTEROL
R03AC05;rimiterol;1.6;mg;Inhal.aerosol;NA;RIMITEROL
R03AC06;hexoprenaline;1.5;mg;Inhal.aerosol;NA;HEXOPRENALINA
R03AC07;isoetarine;NA;NA;NA;NA;ISOETARINA
R03AC08;pirbuterol;1.2;mg;Inhal.aerosol;NA;PIRBUTEROL
R03AC09;tretoquinol;NA;NA;NA;NA;TRETOQUINOL
R03AC10;carbuterol;NA;NA;NA;NA;CARBUTEROL
R03AC11;tulobuterol;1.6;mg;Inhal.aerosol;NA;TULOBUTEROL
R03AC12;salmeterol;0.1;mg;Inhal.aerosol;NA;SALMETEROL
R03AC12;salmeterol;0.1;mg;Inhal.powder;NA;SALMETEROL
R03AC13;formoterol;24;mcg;Inhal.aerosol;NA;FORMOTEROL
R03AC13;formoterol;24;mcg;Inhal.powder;NA;FORMOTEROL
R03AC14;clenbuterol;NA;NA;NA;NA;CLENBUTEROL
R03AC15;reproterol;NA;NA;NA;NA;REPROTEROL
R03AC16;procaterol;60;mcg;Inhal.aerosol;NA;PROCATEROL
R03AC17;bitolterol;NA;NA;NA;NA;BITOLTEROL
R03AC18;indacaterol;0.15;mg;Inhal.powder;NA;INDACATEROL
R03AC19;olodaterol;5;mcg;Inhal.solution;NA;OLODATEROL
R03AH;Combinations of adrenergics;NA;NA;NA;NA;COMBINACIONES DE ADRENÉRGICOS
R03AK;Adrenergics in combination with corticosteroids or other drugs, excl. anticholinergics;NA;NA;NA;NA;ADRENÉRGICOS EN COMBINACIÓN CON CORTICOSTEROIDES U OTROS FÁRMACOS, EXC. ANTICOLINÉRGICOS
R03AK01;epinephrine and other drugs for obstructive airway diseases;NA;NA;NA;NA;EPINEFRINA Y OTROS MEDICAMENTOS PARA LAS ENFERMEDADES OBSTRUCTIVAS DE LAS VÍAS RESPIRATORIAS
R03AK02;isoprenaline and other drugs for obstructive airway diseases;NA;NA;NA;NA;ISOPRENALINA Y OTROS FÁRMACOS PARA LAS ENFERMEDADES OBSTRUCTIVAS DE LAS VÍAS RESPIRATORIAS
R03AK04;salbutamol and sodium cromoglicate;NA;NA;NA;NA;SALBUTAMOL Y CROMOGLICATO DE SODIO
R03AK05;reproterol and sodium cromoglicate;NA;NA;NA;NA;REPROTEROL Y CROMOGLICATO DE SODIO
R03AK06;salmeterol and fluticasone;NA;NA;NA;NA;SALMETEROL Y FLUTICASONA
R03AK07;formoterol and budesonide;NA;NA;NA;NA;FORMOTEROL Y BUDESONIDA
R03AK08;formoterol and beclometasone;NA;NA;NA;NA;FORMOTEROL Y BECLOMETASONA
R03AK09;formoterol and mometasone;NA;NA;NA;NA;FORMOTEROL Y MOMETASONA
R03AK10;vilanterol and fluticasone furoate;NA;NA;NA;NA;VILANTEROL Y FUROATO DE FLUTICASONA
R03AK11;formoterol and fluticasone;NA;NA;NA;NA;FORMOTEROL Y FLUTICASONA
R03AK12;salmeterol and budesonide;NA;NA;NA;NA;SALMETEROL Y BUDESONIDA
R03AK13;salbutamol and beclometasone;NA;NA;NA;NA;SALBUTAMOL Y BECLOMETASONA
R03AK14;indacaterol and mometasone;NA;NA;NA;NA;INDACATEROL Y MOMETASONA
R03AK15;salbutamol and budesonide;NA;NA;NA;NA;SALBUTAMOL Y BUDESONIDA
R03AL;Adrenergics in combination with anticholinergics incl. triple combinations with corticosteroids;NA;NA;NA;NA;ADRENÉRGICOS EN COMBINACIÓN CON ANTICOLINÉRGICOS, INCL. COMBINACIONES TRIPLES CON CORTICOSTEROIDES
R03AL01;fenoterol and ipratropium bromide;NA;NA;NA;NA;FENOTEROL Y BROMURO DE IPRATROPIO
R03AL02;salbutamol and ipratropium bromide;NA;NA;NA;NA;SALBUTAMOL Y BROMURO DE IPRATROPIO
R03AL03;vilanterol and umeclidinium bromide;NA;NA;NA;NA;VILANTEROL Y BROMURO DE UMECLIDINIO
R03AL04;indacaterol and glycopyrronium bromide;NA;NA;NA;NA;BROMURO DE INDACATEROL Y GLICOPIRRONIO
R03AL05;formoterol and aclidinium bromide;NA;NA;NA;NA;FORMOTEROL Y BROMURO DE ACLIDINIO
R03AL06;olodaterol and tiotropium bromide;NA;NA;NA;NA;OLODATEROL Y BROMURO DE TIOTROPIO
R03AL07;formoterol and glycopyrronium bromide;NA;NA;NA;NA;FORMOTEROL Y BROMURO DE GLICOPIRRONIO
R03AL08;vilanterol, umeclidinium bromide and fluticasone furoate;NA;NA;NA;NA;VILANTEROL, BROMURO DE UMECLIDINIO Y FUROATO DE FLUTICASONA
R03AL09;formoterol, glycopyrronium bromide and beclometasone;NA;NA;NA;NA;FORMOTEROL, BROMURO DE GLICOPIRRONIO Y BECLOMETASONA
R03AL10;formoterol and tiotropium bromide;NA;NA;NA;NA;FORMOTEROL Y BROMURO DE TIOTROPIO
R03AL11;formoterol, glycopyrronium bromide and budesonide;NA;NA;NA;NA;FORMOTEROL, BROMURO DE GLICOPIRRONIO Y BUDESONIDA
R03AL12;indacaterol, glycopyrronium bromide and mometasone;NA;NA;NA;NA;INDACATEROL, BROMURO DE GLICOPIRRONIO Y MOMETASONA
R03B;OTHER DRUGS FOR OBSTRUCTIVE AIRWAY DISEASES, INHALANTS;NA;NA;NA;NA;OTROS MEDICAMENTOS PARA LAS ENFERMEDADES OBSTRUCTIVAS DE LAS VÍAS RESPIRATORIAS, INHALANTES
R03BA;Glucocorticoids;NA;NA;NA;NA;GLUCOCORTICOIDES
R03BA01;beclometasone;0.8;mg;Inhal.aerosol;NA;BECLOMETASONA
R03BA01;beclometasone;0.8;mg;Inhal.powder;NA;BECLOMETASONA
R03BA01;beclometasone;1.5;mg;Inhal.solution;NA;BECLOMETASONA
R03BA02;budesonide;0.8;mg;Inhal.aerosol;NA;BUDESONIDA
R03BA02;budesonide;0.8;mg;Inhal.powder;NA;BUDESONIDA
R03BA02;budesonide;1.5;mg;Inhal.solution;NA;BUDESONIDA
R03BA03;flunisolide;1;mg;Inhal.aerosol;NA;FLUNISOLIDA
R03BA04;betamethasone;NA;NA;NA;NA;BETAMETASONA
R03BA05;fluticasone;0.6;mg;Inhal.aerosol;NA;FLUTICASONA
R03BA05;fluticasone;0.6;mg;Inhal.powder;NA;FLUTICASONA
R03BA05;fluticasone;1.5;mg;Inhal.solution;NA;FLUTICASONA
R03BA06;triamcinolone;NA;NA;NA;NA;TRIAMCINOLONA
R03BA07;mometasone;0.4;mg;Inhal.powder;NA;MOMETASONA
R03BA08;ciclesonide;0.16;mg;Inhal.aerosol;NA;CICLESONIDA
R03BA09;fluticasone furoate;NA;NA;NA;NA;FUROATO DE FLUTICASONA
R03BB;Anticholinergics;NA;NA;NA;NA;ANTICOLINÉRGICOS
R03BB01;ipratropium bromide;0.12;mg;Inhal.aerosol;NA;BROMURO DE IPRATROPIO
R03BB01;ipratropium bromide;0.12;mg;Inhal.powder;NA;BROMURO DE IPRATROPIO
R03BB01;ipratropium bromide;0.3;mg;Inhal.solution;NA;BROMURO DE IPRATROPIO
R03BB02;oxitropium bromide;0.6;mg;Inhal.aerosol;NA;BROMURO DE OXITROPIO
R03BB02;oxitropium bromide;4;mg;Inhal.solution;NA;BROMURO DE OXITROPIO
R03BB03;stramoni preparations;NA;NA;NA;NA;PREPARACIONES DE STRAMONI
R03BB04;tiotropium bromide;10;mcg;"""Inhal.powder""";Expressed as tiotropium, delivered dose;BROMURO DE TIOTROPIO
R03BB04;tiotropium bromide;5;mcg;Inhal.solution;NA;BROMURO DE TIOTROPIO
R03BB05;aclidinium bromide;0.644;mg;"""Inhal.powder""";Expressed as aclidinium, delivered dose;BROMURO DE ACLIDINIO
R03BB06;glycopyrronium bromide;44;mcg;"""Inhal.powder""";Expressed as glycopyrronium, delivered dose;BROMURO DE GLICOPIRRONIO
R03BB07;umeclidinium bromide;55;mcg;"""Inhal.powder""";Expressed as umeclidinium, delivered dose;BROMURO DE UMECLIDINIO
R03BB08;revefenacin;NA;NA;NA;NA;REVEFENACINA
R03BB54;tiotropium bromide, combinations;NA;NA;NA;NA;BROMURO DE TIOTROPIO, COMBINACIONES
R03BC;Antiallergic agents, excl. corticosteroids;NA;NA;NA;NA;ANTIALÉRGICOS, EXC. CORTICOSTEROIDES
R03BC01;cromoglicic acid;40;mg;Inhal.aerosol;NA;ÁCIDO CROMOGLÍCICO
R03BC01;cromoglicic acid;80;mg;Inhal.powder;NA;ÁCIDO CROMOGLÍCICO
R03BC01;cromoglicic acid;80;mg;Inhal.solution;NA;ÁCIDO CROMOGLÍCICO
R03BC03;nedocromil;8;mg;Inhal.aerosol;NA;NEDOCROMIL
R03BX;Other drugs for obstructive airway diseases, inhalants;NA;NA;NA;NA;OTROS MEDICAMENTOS PARA LAS ENFERMEDADES OBSTRUCTIVAS DE LAS VÍAS RESPIRATORIAS, INHALANTES
R03BX01;fenspiride;NA;NA;NA;NA;FENSPIRIDA
R03C;ADRENERGICS FOR SYSTEMIC USE;NA;NA;NA;NA;ADRENÉRGICOS DE USO SISTÉMICO
R03CA;Alpha- and beta-adrenoreceptor agonists;NA;NA;NA;NA;AGONISTAS DE LOS RECEPTORES ADRENÉRGICOS ALFA Y BETA
R03CA02;ephedrine;50;mg;O;NA;EFEDRINA
R03CB;Non-selective beta-adrenoreceptor agonists;NA;NA;NA;NA;AGONISTAS NO SELECTIVOS DE LOS RECEPTORES BETA-ADRENÉRGICOS
R03CB01;isoprenaline;40;mg;O;NA;ISOPRENALINA
R03CB02;methoxyphenamine;0.4;g;O;NA;METOXIFENAMINA
R03CB03;orciprenaline;60;mg;O;NA;ORCIPRENALINA
R03CB03;orciprenaline;60;mg;P;NA;ORCIPRENALINA
R03CB51;isoprenaline, combinations;NA;NA;NA;NA;ISOPRENALINA, COMBINACIONES
R03CB53;orciprenaline, combinations;NA;NA;NA;NA;ORCIPRENALINA, COMBINACIONES
R03CC;Selective beta-2-adrenoreceptor agonists;NA;NA;NA;NA;AGONISTAS SELECTIVOS DE LOS RECEPTORES ADRENÉRGICOS BETA-2
R03CC02;salbutamol;12;mg;O;NA;SALBUTAMOL
R03CC02;salbutamol;12;mg;P;NA;SALBUTAMOL
R03CC03;terbutaline;15;mg;O;NA;TERBUTALINA
R03CC03;terbutaline;15;mg;P;NA;TERBUTALINA
R03CC04;fenoterol;10;mg;O;NA;FENOTEROL
R03CC04;fenoterol;10;mg;R;NA;FENOTEROL
R03CC05;hexoprenaline;1.5;mg;O;NA;HEXOPRENALINA
R03CC05;hexoprenaline;1.5;mg;P;NA;HEXOPRENALINA
R03CC06;isoetarine;40;mg;O;NA;ISOETARINA
R03CC07;pirbuterol;30;mg;O;NA;PIRBUTEROL
R03CC08;procaterol;0.1;mg;O;NA;PROCATEROL
R03CC09;tretoquinol;9;mg;O;NA;TRETOQUINOL
R03CC09;tretoquinol;0.2;mg;P;NA;TRETOQUINOL
R03CC10;carbuterol;6;mg;O;NA;CARBUTEROL
R03CC11;tulobuterol;4;mg;O;NA;TULOBUTEROL
R03CC12;bambuterol;20;mg;O;NA;BAMBUTEROL
R03CC13;clenbuterol;40;mcg;O;NA;CLENBUTEROL
R03CC14;reproterol;NA;NA;NA;NA;REPROTEROL
R03CC15;formoterol;0.16;mg;O;NA;FORMOTEROL
R03CC53;terbutaline, combinations;NA;NA;NA;NA;TERBUTALINA, COMBINACIONES
R03CC63;clenbuterol and ambroxol;NA;NA;NA;NA;CLEMBUTEROL Y AMBROXOL
R03CK;Adrenergics and other drugs for obstructive airway diseases;NA;NA;NA;NA;ADRENÉRGICOS Y OTROS FÁRMACOS PARA LAS ENFERMEDADES OBSTRUCTIVAS DE LAS VÍAS RESPIRATORIAS
R03D;OTHER SYSTEMIC DRUGS FOR OBSTRUCTIVE AIRWAY DISEASES;NA;NA;NA;NA;OTROS FÁRMACOS SISTÉMICOS PARA LAS ENFERMEDADES OBSTRUCTIVAS DE LAS VÍAS RESPIRATORIAS
R03DA;Xanthines;NA;NA;NA;NA;XANTINAS
R03DA01;diprophylline;1;g;O;NA;DIPROFILINA
R03DA01;diprophylline;1;g;P;NA;DIPROFILINA
R03DA01;diprophylline;1;g;R;NA;DIPROFILINA
R03DA02;choline theophyllinate;0.6;g;O;NA;TEOFILINATO DE COLINA
R03DA02;choline theophyllinate;0.6;g;R;NA;TEOFILINATO DE COLINA
R03DA03;proxyphylline;1.2;g;O;NA;PROXIFILINA
R03DA03;proxyphylline;1.2;g;P;NA;PROXIFILINA
R03DA03;proxyphylline;1.2;g;R;NA;PROXIFILINA
R03DA04;theophylline;0.4;g;O;NA;TEOFILINA
R03DA04;theophylline;0.4;g;P;NA;TEOFILINA
R03DA04;theophylline;0.4;g;R;NA;TEOFILINA
R03DA05;aminophylline;0.6;g;O;NA;AMINOFILINA
R03DA05;aminophylline;0.6;g;P;NA;AMINOFILINA
R03DA05;aminophylline;0.6;g;R;NA;AMINOFILINA
R03DA06;etamiphylline;NA;NA;NA;NA;ETAMIFILINA
R03DA07;theobromine;NA;NA;NA;NA;TEOBROMINA
R03DA08;bamifylline;NA;NA;NA;NA;BAMIFILINA
R03DA09;acefylline piperazine;NA;NA;NA;NA;PIPERAZINA ACEFILLINA
R03DA10;bufylline;NA;NA;NA;NA;BUFYLLINE
R03DA11;doxofylline;0.8;g;O;NA;DOXOFILINA
R03DA11;doxofylline;0.8;g;P;NA;DOXOFILINA
R03DA12;mepyramine theophyllinacetate;0.6;g;O;NA;TEOFILINACETATO DE MEPIRAMINA
R03DA20;combinations of xanthines;NA;NA;NA;NA;COMBINACIONES DE XANTINAS
R03DA51;diprophylline, combinations;NA;NA;NA;NA;DIPROFILINA, COMBINACIONES
R03DA54;theophylline, combinations excl. psycholeptics;NA;NA;NA;NA;TEOFILINA, COMBINACIONES EXCL. PSICOLÉPTICOS
R03DA55;aminophylline, combinations;NA;NA;NA;NA;AMINOFILINA, COMBINACIONES
R03DA57;theobromine, combinations;NA;NA;NA;NA;TEOBROMINA, COMBINACIONES
R03DA74;theophylline, combinations with psycholeptics;NA;NA;NA;NA;TEOFILINA, COMBINACIONES CON PSICOLÉPTICOS
R03DB;Xanthines and adrenergics;NA;NA;NA;NA;XANTINAS Y ADRENÉRGICOS
R03DB01;diprophylline and adrenergics;NA;NA;NA;NA;DIPROFILINA Y ADRENÉRGICOS
R03DB02;choline theophyllinate and adrenergics;NA;NA;NA;NA;TEOFILINATO DE COLINA Y ADRENÉRGICOS
R03DB03;proxyphylline and adrenergics;NA;NA;NA;NA;PROXIFILINA Y ADRENÉRGICOS
R03DB04;theophylline and adrenergics;NA;NA;NA;NA;TEOFILINA Y ADRENÉRGICOS
R03DB05;aminophylline and adrenergics;NA;NA;NA;NA;AMINOFILINA Y ADRENÉRGICOS
R03DB06;etamiphylline and adrenergics;NA;NA;NA;NA;ETIMIFILINA Y ADRENÉRGICOS
R03DC;Leukotriene receptor antagonists;NA;NA;NA;NA;ANTAGONISTAS DE LOS RECEPTORES DE LEUCOTRIENOS
R03DC01;zafirlukast;40;mg;O;NA;ZAFIRLUKAST
R03DC02;pranlukast;NA;NA;NA;NA;PRANLUKAST
R03DC03;montelukast;10;mg;O;NA;MONTELUKAST
R03DC04;ibudilast;NA;NA;NA;NA;IBUDILAST
R03DC53;montelukast, combinations;NA;NA;NA;NA;MONTELUKAST, COMBINACIONES
R03DX;Other systemic drugs for obstructive airway diseases;NA;NA;NA;NA;OTROS FÁRMACOS SISTÉMICOS PARA LAS ENFERMEDADES OBSTRUCTIVAS DE LAS VÍAS RESPIRATORIAS
R03DX01;amlexanox;NA;NA;NA;NA;AMLEXANOX
R03DX02;eprozinol;NA;NA;NA;NA;EPROZINOL
R03DX03;fenspiride;NA;NA;NA;NA;FENSPIRIDA
R03DX05;omalizumab;16;mg;P;NA;OMALIZUMAB
R03DX06;seratrodast;NA;NA;NA;NA;SEROTRODAST
R03DX07;roflumilast;0.5;mg;O;NA;ROFLUMILAST
R03DX08;reslizumab;7.1;mg;P;NA;RESLIZUMAB
R03DX09;mepolizumab;3.6;mg;P;NA;MEPOLIZUMAB
R03DX10;benralizumab;0.54;mg;P;NA;BENRALIZUMAB
R03DX11;tezepelumab;NA;NA;NA;NA;TEZEPELUMAB
R05;COUGH AND COLD PREPARATIONS;NA;NA;NA;NA;PREPARACIONES PARA LA TOS Y EL RESFRIADO
R05C;EXPECTORANTS, EXCL. COMBINATIONS WITH COUGH SUPPRESSANTS;NA;NA;NA;NA;EXPECTORANTES, EXC. COMBINACIONES CON SUPRESORES DE LA TOS
R05CA;Expectorants;NA;NA;NA;NA;EXPECTORANTES
R05CA01;tyloxapol;5;mg;Inhal.solution;NA;TYLOXAPOL
R05CA02;potassium iodide;1.2;g;O;NA;YODURO DE POTASIO
R05CA03;guaifenesin;0.9;g;O;NA;GUAIFENESINA
R05CA03;guaifenesin;0.9;g;P;NA;GUAIFENESINA
R05CA04;ipecacuanha;4;mg;O;emetine;IPECACUANA
R05CA05;altheae radix;1.6;g;O;root;ALTHEAE RADIX
R05CA06;senega;3;g;O;root;SENEGA
R05CA07;antimony pentasulfide;0.2;g;O;NA;PENTASULFURO DE ANTIMONIO
R05CA08;creosote;NA;NA;NA;NA;CREOSOTA
R05CA09;guaiacolsulfonate;NA;NA;NA;NA;GUAIACOLSULFONATO
R05CA10;combinations;NA;NA;NA;NA;COMBINACIONES
R05CA11;levoverbenone;NA;NA;NA;NA;LEVOVERBENONA
R05CA12;Hederae helicis folium;NA;NA;NA;NA;HEDERAE HELICIS FOLIUM
R05CA13;cineole;NA;NA;NA;NA;CINEOL
R05CB;Mucolytics;NA;NA;NA;NA;MUCOLÍTICOS
R05CB01;acetylcysteine;1.6;g;Inhal.solution;NA;ACETILCISTEÍNA
R05CB01;acetylcysteine;0.5;g;O;NA;ACETILCISTEÍNA
R05CB02;bromhexine;24;mg;O;NA;BROMHEXINA
R05CB02;bromhexine;24;mg;P;NA;BROMHEXINA
R05CB03;carbocisteine;1.5;g;O;NA;CARBOCISTEÍNA
R05CB04;eprazinone;0.2;g;O;NA;EPRAZINONA
R05CB05;mesna;1.2;g;Inhal.solution;NA;MESNA
R05CB06;ambroxol;0.12;g;O;NA;AMBROXOL
R05CB07;sobrerol;NA;NA;NA;NA;SOBREROL
R05CB08;domiodol;NA;NA;NA;NA;DOMIODOL
R05CB09;letosteine;NA;NA;NA;NA;LETOSEÍNA
R05CB10;combinations;NA;NA;NA;NA;COMBINACIONES
R05CB11;stepronin;NA;NA;NA;NA;STEPRONIN
R05CB13;dornase alfa (desoxyribonuclease);2.5;mg;Inhal.solution;NA;DORNASA ALFA (DESOXIRRIBONUCLEASA)
R05CB14;neltenexine;NA;NA;NA;NA;NELTENEXINA
R05CB15;erdosteine;0.6;g;O;NA;ERDOSTEINA
R05CB16;mannitol;0.8;g;Inhal.powder;NA;MANITOL
R05D;COUGH SUPPRESSANTS, EXCL. COMBINATIONS WITH EXPECTORANTS;NA;NA;NA;NA;SUPRESORES DE LA TOS, EXC. COMBINACIONES CON EXPECTORANTES
R05DA;Opium alkaloids and derivatives;NA;NA;NA;NA;ALCALOIDES Y DERIVADOS DEL OPIO
R05DA01;ethylmorphine;50;mg;O;NA;ETILMORFINA
R05DA03;hydrocodone;15;mg;O;NA;HIDROCODONA
R05DA04;codeine;0.1;g;O;NA;CODEÍNA
R05DA05;opium alkaloids with morphine;NA;NA;NA;NA;ALCALOIDES DEL OPIO CON MORFINA
R05DA06;normethadone;NA;NA;NA;NA;NORMETHADONE
R05DA07;noscapine;0.125;g;O;NA;NOSCAPINE
R05DA08;pholcodine;50;mg;O;NA;FOLCODINA
R05DA09;dextromethorphan;90;mg;O;NA;DEXTROMETORFANO
R05DA10;thebacon;15;mg;O;NA;EL TOCINO
R05DA11;dimemorfan;NA;NA;NA;NA;DIMEMORFAN
R05DA12;acetyldihydrocodeine;30;mg;O;NA;ACETILDIHIDROCODEÍNA
R05DA20;combinations;NA;NA;NA;NA;COMBINACIONES
R05DB;Other cough suppressants;NA;NA;NA;NA;OTROS SUPRESORES DE LA TOS
R05DB01;benzonatate;0.6;g;O;NA;BENZONATATO
R05DB02;benproperine;75;mg;O;NA;BENPROPORINA
R05DB03;clobutinol;0.12;g;O;NA;CLOBUTINOL
R05DB03;clobutinol;0.12;g;P;NA;CLOBUTINOL
R05DB04;isoaminile;0.11;g;O;NA;ISOAMINIL
R05DB05;pentoxyverine;0.1;g;O;NA;PENTOXIVERINA
R05DB05;pentoxyverine;0.1;g;R;NA;PENTOXIVERINA
R05DB07;oxolamine;0.6;g;O;NA;OXOLAMINA
R05DB09;oxeladin;80;mg;O;NA;OXELADINA
R05DB10;clofedanol;60;mg;O;NA;CLOFEDANOL
R05DB11;pipazetate;80;mg;O;NA;PIPAZETATE
R05DB12;bibenzonium bromide;90;mg;O;NA;BROMURO DE BIBENZONIO
R05DB13;butamirate;25;mg;O;NA;BUTARATO
R05DB14;fedrilate;0.2;g;O;NA;FEDRILATA
R05DB15;zipeprol;NA;NA;NA;NA;ZIPEPROL
R05DB16;dibunate;NA;NA;NA;NA;DIBUNATE
R05DB17;droxypropine;NA;NA;NA;NA;DROXIPROPINA
R05DB18;prenoxdiazine;NA;NA;NA;NA;PRENOXDIAZINA
R05DB19;dropropizine;NA;NA;NA;NA;DROPROPIZINA
R05DB20;combinations;NA;NA;NA;NA;COMBINACIONES
R05DB21;cloperastine;60;mg;O;Expressed as cloperastine hydrochloride;CLOPERASTINE
R05DB22;meprotixol;NA;NA;NA;NA;MEPROTIXOL
R05DB23;piperidione;NA;NA;NA;NA;PIPERIDIONE
R05DB24;tipepidine;NA;NA;NA;NA;TIPEPIDINA
R05DB25;morclofone;NA;NA;NA;NA;MORCLOFONE
R05DB26;nepinalone;NA;NA;NA;NA;NEPINONA
R05DB27;levodropropizine;0.12;g;O;NA;LEVODROPROPIZINA
R05DB28;dimethoxanate;NA;NA;NA;NA;DIMETOXANATO
R05DB29;gefapixant;90;mg;O;NA;GEFAPIXANT
R05F;COUGH SUPPRESSANTS AND EXPECTORANTS, COMBINATIONS;NA;NA;NA;NA;SUPRESORES DE LA TOS Y EXPECTORANTES, COMBINACIONES
R05FA;Opium derivatives and expectorants;NA;NA;NA;NA;DERIVADOS DEL OPIO Y EXPECTORANTES
R05FA01;opium derivatives and mucolytics;NA;NA;NA;NA;DERIVADOS DEL OPIO Y MUCOLÍTICOS
R05FA02;opium derivatives and expectorants;NA;NA;NA;NA;DERIVADOS DEL OPIO Y EXPECTORANTES
R05FB;Other cough suppressants and expectorants;NA;NA;NA;NA;OTROS SUPRESORES DE LA TOS Y EXPECTORANTES
R05FB01;cough suppressants and mucolytics;NA;NA;NA;NA;SUPRESORES DE LA TOS Y MUCOLÍTICOS
R05FB02;cough suppressants and expectorants;NA;NA;NA;NA;SUPRESORES DE LA TOS Y EXPECTORANTES
R05X;OTHER COLD PREPARATIONS;NA;NA;NA;NA;OTRAS PREPARACIONES FRÍAS
R06;ANTIHISTAMINES FOR SYSTEMIC USE;NA;NA;NA;NA;ANTIHISTAMÍNICOS DE USO SISTÉMICO
R06A;ANTIHISTAMINES FOR SYSTEMIC USE;NA;NA;NA;NA;ANTIHISTAMÍNICOS DE USO SISTÉMICO
R06AA;Aminoalkyl ethers;NA;NA;NA;NA;ÉTERES AMINOALQUILADOS
R06AA01;bromazine;NA;NA;NA;NA;BROMAZINA
R06AA02;diphenhydramine;0.2;g;O;NA;DIFENHIDRAMINA
R06AA02;diphenhydramine;0.2;g;R;NA;DIFENHIDRAMINA
R06AA04;clemastine;2;mg;O;NA;CLEMASTINA
R06AA04;clemastine;2;mg;P;NA;CLEMASTINA
R06AA06;chlorphenoxamine;80;mg;O;NA;CLORFENOXAMINA
R06AA06;chlorphenoxamine;80;mg;P;NA;CLORFENOXAMINA
R06AA07;diphenylpyraline;10;mg;O;NA;DIFENILPIRALINA
R06AA08;carbinoxamine;16;mg;O;NA;CARBINOXAMINA
R06AA09;doxylamine;25;mg;O;NA;DOXILAMINA
R06AA10;trimethobenzamide;NA;NA;NA;NA;TRIMETOBENZAMIDA
R06AA11;dimenhydrinate;0.3;g;O;NA;DIMENHIDRINATO
R06AA11;dimenhydrinate;0.3;g;R;NA;DIMENHIDRINATO
R06AA52;diphenhydramine, combinations;NA;NA;NA;NA;DIFENHIDRAMINA, COMBINACIONES
R06AA54;clemastine, combinations;NA;NA;NA;NA;CLEMASTINE, COMBINACIONES
R06AA56;chlorphenoxamine, combinations;NA;NA;NA;NA;CLORFENOXAMINA, COMBINACIONES
R06AA57;diphenylpyraline, combinations;NA;NA;NA;NA;DIFENILPIRALINA, COMBINACIONES
R06AA59;doxylamine, combinations;NA;NA;NA;NA;DOXILAMINA, COMBINACIONES
R06AA61;dimenhydrinate, combinations;NA;NA;NA;NA;DIMENHIDRINATO, COMBINACIONES
R06AB;Substituted alkylamines;NA;NA;NA;NA;ALQUILAMINAS SUSTITUIDAS
R06AB01;brompheniramine;24;mg;O;NA;BROMPHENIRAMINA
R06AB02;dexchlorpheniramine;6;mg;O;NA;DEXCLORFENIRAMINA
R06AB02;dexchlorpheniramine;6;mg;P;NA;DEXCLORFENIRAMINA
R06AB03;dimetindene;4;mg;O;NA;DIMETINDENE
R06AB04;chlorphenamine;12;mg;O;NA;CLORFENAMINA
R06AB04;chlorphenamine;12;mg;P;NA;CLORFENAMINA
R06AB05;pheniramine;75;mg;O;NA;FENIRAMINA
R06AB06;dexbrompheniramine;NA;NA;NA;NA;DEXBROMPHENIRAMINA
R06AB07;talastine;NA;NA;NA;NA;TALASTINA
R06AB51;brompheniramine, combinations;NA;NA;NA;NA;BROMFENIRAMINA, COMBINACIONES
R06AB52;dexchlorpheniramine, combinations;NA;NA;NA;NA;DEXCLORFENIRAMINA, COMBINACIONES
R06AB54;chlorphenamine, combinations;NA;NA;NA;NA;CLORFENAMINA, COMBINACIONES
R06AB56;dexbrompheniramine, combinations;NA;NA;NA;NA;DEXBROMPHENIRAMINA, COMBINACIONES
R06AC;Substituted ethylene diamines;NA;NA;NA;NA;DIAMINAS DE ETILENO SUSTITUIDAS
R06AC01;mepyramine;0.2;g;O;NA;MEPIRAMINA
R06AC01;mepyramine;0.2;g;P;NA;MEPIRAMINA
R06AC02;histapyrrodine;80;mg;O;NA;HISTAPYRRODINE
R06AC03;chloropyramine;0.15;g;O;NA;CLOROPIRAMINA
R06AC03;chloropyramine;20;mg;P;NA;CLOROPIRAMINA
R06AC04;tripelennamine;0.15;g;O;NA;TRIPELENNAMINA
R06AC05;methapyrilene;NA;NA;NA;NA;METAPIRILENO
R06AC06;thonzylamine;NA;NA;NA;NA;TIONZILAMINA
R06AC52;histapyrrodine, combinations;NA;NA;NA;NA;HISTAPIRRODINA, COMBINACIONES
R06AC53;chloropyramine, combinations;NA;NA;NA;NA;CLOROPIRAMINA, COMBINACIONES
R06AD;Phenothiazine derivatives;NA;NA;NA;NA;DERIVADOS DE LA FENOTIAZINA
R06AD01;alimemazine;30;mg;O;NA;ALIMEMAZINE
R06AD01;alimemazine;30;mg;P;NA;ALIMEMAZINE
R06AD02;promethazine;25;mg;O;NA;PROMETAZINA
R06AD02;promethazine;25;mg;P;NA;PROMETAZINA
R06AD02;promethazine;25;mg;R;NA;PROMETAZINA
R06AD03;thiethylperazine;13;mg;O;NA;TIETILPERAZINA
R06AD03;thiethylperazine;13;mg;P;NA;TIETILPERAZINA
R06AD03;thiethylperazine;13;mg;R;NA;TIETILPERAZINA
R06AD04;methdilazine;16;mg;O;NA;METDILAZINA
R06AD05;hydroxyethylpromethazine;75;mg;O;NA;HIDROXIETILPROMETAZINA
R06AD06;thiazinam;0.9;g;O;NA;TIAZINAM
R06AD06;thiazinam;0.3;g;R;NA;TIAZINAM
R06AD07;mequitazine;10;mg;O;NA;MEQUITAZINA
R06AD08;oxomemazine;30;mg;O;NA;OXOMEMAZINA
R06AD09;isothipendyl;NA;NA;NA;NA;ISOTIPENDILO
R06AD52;promethazine, combinations;NA;NA;NA;NA;PROMETAZINA, COMBINACIONES
R06AD55;hydroxyethylpromethazine, combinations;NA;NA;NA;NA;HIDROXIETILPROMETAZINA, COMBINACIONES
R06AE;Piperazine derivatives;NA;NA;NA;NA;DERIVADOS DE LA PIPERAZINA
R06AE01;buclizine;50;mg;O;NA;BUCLIZINA
R06AE03;cyclizine;0.1;g;O;NA;CICLIZINA
R06AE03;cyclizine;0.1;g;P;NA;CICLIZINA
R06AE03;cyclizine;0.3;g;R;NA;CICLIZINA
R06AE04;chlorcyclizine;0.1;g;O;NA;CLORCICLIZINA
R06AE05;meclozine;50;mg;O;NA;MECLOZINA
R06AE05;meclozine;50;mg;R;NA;MECLOZINA
R06AE06;oxatomide;60;mg;O;NA;OXATOMIDA
R06AE07;cetirizine;10;mg;O;NA;CETIRIZINA
R06AE09;levocetirizine;5;mg;O;NA;LEVOCETIRIZINA
R06AE51;buclizine, combinations;NA;NA;NA;NA;BUCLIZINA, COMBINACIONES
R06AE53;cyclizine, combinations;NA;NA;NA;NA;CICLIZINA, COMBINACIONES
R06AE55;meclozine, combinations;NA;NA;NA;NA;MECLOZINA, COMBINACIONES
R06AK;Combinations of antihistamines;NA;NA;NA;NA;COMBINACIONES DE ANTIHISTAMÍNICOS
R06AX;Other antihistamines for systemic use;NA;NA;NA;NA;OTROS ANTIHISTAMÍNICOS DE USO SISTÉMICO
R06AX01;bamipine;0.1;g;O;NA;BAMIPINE
R06AX02;cyproheptadine;12;mg;O;NA;CIPROHEPTADINA
R06AX03;thenalidine;NA;NA;NA;NA;TENALIDINA
R06AX04;phenindamine;NA;NA;NA;NA;FENINDAMINA
R06AX05;antazoline;0.3;g;O;NA;ANTAZOLINA
R06AX05;antazoline;0.3;g;P;NA;ANTAZOLINA
R06AX07;triprolidine;7.5;mg;O;NA;TRIPROLIDINA
R06AX08;pyrrobutamine;NA;NA;NA;NA;PIRROBUTAMINA
R06AX09;azatadine;2;mg;O;NA;AZATADINA
R06AX11;astemizole;10;mg;O;NA;ASTEMIZOL
R06AX12;terfenadine;0.12;g;O;NA;TERFENADINA
R06AX13;loratadine;10;mg;O;NA;LORATADINA
R06AX15;mebhydrolin;0.2;g;O;NA;MEBHIDROLINA
R06AX16;deptropine;2;mg;O;NA;DEPTROPINA
R06AX17;ketotifen;2;mg;O;NA;KETOTIFEN
R06AX18;acrivastine;24;mg;O;NA;ACIRVASTINA
R06AX19;azelastine;4;mg;O;NA;AZELASTINA
R06AX21;tritoqualine;NA;NA;NA;NA;TRITOCULINA
R06AX22;ebastine;10;mg;O;NA;EBASTINE
R06AX23;pimethixene;NA;NA;NA;NA;PIMETIXENO
R06AX24;epinastine;NA;NA;NA;NA;EPINASTINA
R06AX25;mizolastine;10;mg;O;NA;MIZOLASTINA
R06AX26;fexofenadine;0.12;g;O;NA;FEXOFENADINA
R06AX27;desloratadine;5;mg;O;NA;DESLORATADINA
R06AX28;rupatadine;10;mg;O;NA;RUPATADINA
R06AX29;bilastine;20;mg;O;NA;BILASTINA
R06AX31;quifenadine;NA;NA;NA;NA;QUIFENADINA
R06AX32;sequifenadine;NA;NA;NA;NA;SEQUIFENADINA
R06AX53;thenalidine, combinations;NA;NA;NA;NA;TENALIDINA, COMBINACIONES
R06AX58;pyrrobutamine, combinations;NA;NA;NA;NA;PIRROBUTAMINA, COMBINACIONES
R07;OTHER RESPIRATORY SYSTEM PRODUCTS;NA;NA;NA;NA;OTROS PRODUCTOS PARA EL SISTEMA RESPIRATORIO
R07A;OTHER RESPIRATORY SYSTEM PRODUCTS;NA;NA;NA;NA;OTROS PRODUCTOS PARA EL SISTEMA RESPIRATORIO
R07AA;Lung surfactants;NA;NA;NA;NA;TENSIOACTIVOS PULMONARES
R07AA01;colfosceril palmitate;0.108;g;Inhal.powder;NA;PALMITATO DE COLFOSCERILO
R07AA02;natural phospholipids;0.16;g;Instill.solution;NA;FOSFOLÍPIDOS NATURALES
R07AA30;combinations;NA;NA;NA;NA;COMBINACIONES
R07AB;Respiratory stimulants;NA;NA;NA;NA;ESTIMULANTES RESPIRATORIOS
R07AB01;doxapram;0.4;g;P;NA;DOXAPRAM
R07AB02;nikethamide;0.5;g;O;NA;NIKETAMIDA
R07AB02;nikethamide;0.5;g;P;NA;NIKETAMIDA
R07AB03;pentetrazol;0.1;g;O;NA;PENTETRAZOL
R07AB04;etamivan;NA;NA;NA;NA;ETAMIVÁN
R07AB05;bemegride;NA;NA;NA;NA;BEMEGRIDE
R07AB06;prethcamide;0.4;g;O;NA;PRETHCAMIDA
R07AB06;prethcamide;0.4;g;P;NA;PRETHCAMIDA
R07AB07;almitrine;0.1;g;O;NA;ALMITRINA
R07AB08;dimefline;NA;NA;NA;NA;DIMEFURLINE
R07AB09;mepixanox;NA;NA;NA;NA;MEPIXANOX
R07AB52;nikethamide, combinations;NA;NA;NA;NA;NIKETAMIDA, COMBINACIONES
R07AB53;pentetrazol, combinations;NA;NA;NA;NA;PENTETRAZOL, COMBINACIONES
R07AX;Other respiratory system products;NA;NA;NA;NA;OTROS PRODUCTOS PARA EL SISTEMA RESPIRATORIO
R07AX01;nitric oxide;NA;NA;NA;NA;ÓXIDO NÍTRICO
R07AX02;ivacaftor;0.3;g;O;NA;IVACAFTOR
R07AX30;ivacaftor and lumacaftor;NA;NA;NA;NA;IVACAFTOR Y LUMACAFTOR
R07AX31;ivacaftor and tezacaftor;NA;NA;NA;NA;IVACAFTOR Y TEZACAFTOR
R07AX32;ivacaftor, tezacaftor and elexacaftor;NA;NA;NA;NA;IVACAFTOR, TEZACAFTOR Y ELEXACAFTOR
S;SENSORY ORGANS;NA;NA;NA;NA;ÓRGANOS SENSORIALES
S01;OPHTHALMOLOGICALS;NA;NA;NA;NA;OFTALMOLÓGICOS
S01A;ANTIINFECTIVES;NA;NA;NA;NA;ANTIINFECCIOSOS
S01AA;Antibiotics;NA;NA;NA;NA;ANTIBIÓTICOS
S01AA01;chloramphenicol;NA;NA;NA;NA;CLORANFENICOL
S01AA02;chlortetracycline;NA;NA;NA;NA;CLORTETRACICLINA
S01AA03;neomycin;NA;NA;NA;NA;NEOMICINA
S01AA04;oxytetracycline;NA;NA;NA;NA;OXITETRACICLINA
S01AA05;tyrothricin;NA;NA;NA;NA;TIROTRICINA
S01AA07;framycetin;NA;NA;NA;NA;FRAMICETINA
S01AA09;tetracycline;NA;NA;NA;NA;TETRACICLINA
S01AA10;natamycin;NA;NA;NA;NA;NATAMICINA
S01AA11;gentamicin;NA;NA;NA;NA;GENTAMICINA
S01AA12;tobramycin;NA;NA;NA;NA;TOBRAMICINA
S01AA13;fusidic acid;NA;NA;NA;NA;ÁCIDO FUSÍDICO
S01AA14;benzylpenicillin;NA;NA;NA;NA;BENZILPENICILINA
S01AA15;dihydrostreptomycin;NA;NA;NA;NA;DIHIDROESTREPTOMICINA
S01AA16;rifamycin;NA;NA;NA;NA;RIFAMICINA
S01AA17;erythromycin;NA;NA;NA;NA;ERITROMICINA
S01AA18;polymyxin B;NA;NA;NA;NA;POLIMIXINA B
S01AA19;ampicillin;NA;NA;NA;NA;AMPICILINA
S01AA20;antibiotics in combination with other drugs;NA;NA;NA;NA;ANTIBIÓTICOS EN COMBINACIÓN CON OTROS FÁRMACOS
S01AA21;amikacin;NA;NA;NA;NA;AMIKACINA
S01AA22;micronomicin;NA;NA;NA;NA;MICRONOMICINA
S01AA23;netilmicin;NA;NA;NA;NA;NETILMICINA
S01AA24;kanamycin;NA;NA;NA;NA;KANAMICINA
S01AA25;azidamfenicol;NA;NA;NA;NA;AZIDAMFENICOL
S01AA26;azithromycin;NA;NA;NA;NA;AZITROMICINA
S01AA27;cefuroxime;NA;NA;NA;NA;CEFUROXIMA
S01AA28;vancomycin;NA;NA;NA;NA;VANCOMICINA
S01AA29;dibekacin;NA;NA;NA;NA;DIBEKACINA
S01AA30;combinations of different antibiotics;NA;NA;NA;NA;COMBINACIONES DE DIFERENTES ANTIBIÓTICOS
S01AA31;cefmenoxime;NA;NA;NA;NA;CEFMENOXIMA
S01AA32;bacitracin;NA;NA;NA;NA;BACITRACINA
S01AB;Sulfonamides;NA;NA;NA;NA;SULFONAMIDAS
S01AB01;sulfamethizole;NA;NA;NA;NA;SULFAMETHIZOL
S01AB02;sulfafurazole;NA;NA;NA;NA;SULFAFURAZOL
S01AB03;sulfadicramide;NA;NA;NA;NA;SULFADICRAMIDA
S01AB04;sulfacetamide;NA;NA;NA;NA;SULFACETAMIDA
S01AB05;sulfafenazol;NA;NA;NA;NA;SULFAFENAZOL
S01AD;Antivirals;NA;NA;NA;NA;ANTIVIRALES
S01AD01;idoxuridine;NA;NA;NA;NA;IDOXURIDINA
S01AD02;trifluridine;NA;NA;NA;NA;TRIFLURIDINA
S01AD03;aciclovir;NA;NA;NA;NA;ACICLOVIR
S01AD05;interferon;NA;NA;NA;NA;INTERFERÓN
S01AD06;vidarabine;NA;NA;NA;NA;VIDARABINA
S01AD07;famciclovir;NA;NA;NA;NA;FAMCICLOVIR
S01AD08;fomivirsen;NA;NA;NA;NA;FOMIVIRSEN
S01AD09;ganciclovir;NA;NA;NA;NA;GANCICLOVIR
S01AE;Fluoroquinolones;NA;NA;NA;NA;FLUOROQUINOLONAS
S01AE01;ofloxacin;NA;NA;NA;NA;OFLOXACINA
S01AE02;norfloxacin;NA;NA;NA;NA;NORFLOXACINA
S01AE03;ciprofloxacin;NA;NA;NA;NA;CIPROFLOXACINO
S01AE04;lomefloxacin;NA;NA;NA;NA;LOMEFLOXACINO
S01AE05;levofloxacin;NA;NA;NA;NA;LEVOFLOXACINO
S01AE06;gatifloxacin;NA;NA;NA;NA;GATIFLOXACINA
S01AE07;moxifloxacin;NA;NA;NA;NA;MOXIFLOXACINA
S01AE08;besifloxacin;NA;NA;NA;NA;BESIFLOXACINA
S01AE09;tosufloxacin;NA;NA;NA;NA;TOSUFLOXACINA
S01AX;Other antiinfectives;NA;NA;NA;NA;OTROS ANTIINFECCIOSOS
S01AX01;mercury compounds;NA;NA;NA;NA;COMPUESTOS DE MERCURIO
S01AX02;silver compounds;NA;NA;NA;NA;COMPUESTOS DE PLATA
S01AX03;zinc compounds;NA;NA;NA;NA;COMPUESTOS DE ZINC
S01AX04;nitrofural;NA;NA;NA;NA;NITROFURAL
S01AX05;bibrocathol;NA;NA;NA;NA;BIBROCATHOL
S01AX06;resorcinol;NA;NA;NA;NA;RESORCINOL
S01AX07;sodium borate;NA;NA;NA;NA;BORATO DE SODIO
S01AX08;hexamidine;NA;NA;NA;NA;HEXAMIDINA
S01AX09;chlorhexidine;NA;NA;NA;NA;CLORHEXIDINA
S01AX10;sodium propionate;NA;NA;NA;NA;PROPIONATO DE SODIO
S01AX14;dibrompropamidine;NA;NA;NA;NA;DIBROMPROPAMIDINA
S01AX15;propamidine;NA;NA;NA;NA;PROPAMIDINA
S01AX16;picloxydine;NA;NA;NA;NA;PICLOXIDINA
S01AX18;povidone-iodine;NA;NA;NA;NA;POVIDONA YODADA
S01AX24;polihexanide;NA;NA;NA;NA;POLIHEXANIDA
S01B;ANTIINFLAMMATORY AGENTS;NA;NA;NA;NA;AGENTES ANTIINFLAMATORIOS
S01BA;Corticosteroids, plain;NA;NA;NA;NA;CORTICOSTEROIDES SIMPLES
S01BA01;dexamethasone;NA;NA;NA;NA;DEXAMETASONA
S01BA02;hydrocortisone;NA;NA;NA;NA;HIDROCORTISONA
S01BA03;cortisone;NA;NA;NA;NA;CORTISONA
S01BA04;prednisolone;NA;NA;NA;NA;PREDNISOLONA
S01BA05;triamcinolone;NA;NA;NA;NA;TRIAMCINOLONA
S01BA06;betamethasone;NA;NA;NA;NA;BETAMETASONA
S01BA07;fluorometholone;NA;NA;NA;NA;FLUOROMETOLONA
S01BA08;medrysone;NA;NA;NA;NA;MEDRISONA
S01BA09;clobetasone;NA;NA;NA;NA;CLOBETASONA
S01BA10;alclometasone;NA;NA;NA;NA;ALCLOMETASONA
S01BA11;desonide;NA;NA;NA;NA;DESONIDA
S01BA12;formocortal;NA;NA;NA;NA;FORMOCORTAL
S01BA13;rimexolone;NA;NA;NA;NA;RIMEXOLONA
S01BA14;loteprednol;NA;NA;NA;NA;LOTEPREDNOL
S01BA15;fluocinolone acetonide;NA;NA;NA;NA;ACETÓNIDO DE FLUOCINOLONA
S01BA16;difluprednate;NA;NA;NA;NA;DIFLUPREDNATO
S01BB;Corticosteroids and mydriatics in combination;NA;NA;NA;NA;COMBINACIÓN DE CORTICOSTEROIDES Y MIDRIÁTICOS
S01BB01;hydrocortisone and mydriatics;NA;NA;NA;NA;HIDROCORTISONA Y MIDRIÁTICOS
S01BB02;prednisolone and mydriatics;NA;NA;NA;NA;PREDNISOLONA Y MIDRIÁTICOS
S01BB03;fluorometholone and mydriatics;NA;NA;NA;NA;FLUOROMETOLONA Y MIDRIÁTICOS
S01BB04;betamethasone and mydriatics;NA;NA;NA;NA;BETAMETASONA Y MIDRIÁTICOS
S01BC;Antiinflammatory agents, non-steroids;NA;NA;NA;NA;ANTIINFLAMATORIOS NO ESTEROIDEOS
S01BC01;indometacin;NA;NA;NA;NA;INDOMETACINA
S01BC02;oxyphenbutazone;NA;NA;NA;NA;OXIFENBUTAZONA
S01BC03;diclofenac;NA;NA;NA;NA;DICLOFENACO
S01BC04;flurbiprofen;NA;NA;NA;NA;FLURBIPROFENO
S01BC05;ketorolac;NA;NA;NA;NA;KETOROLACO
S01BC06;piroxicam;NA;NA;NA;NA;PIROXICAM
S01BC07;bendazac;NA;NA;NA;NA;BENDAZAC
S01BC08;salicylic acid;NA;NA;NA;NA;ÁCIDO SALICÍLICO
S01BC09;pranoprofen;NA;NA;NA;NA;PRANOPROFENO
S01BC10;nepafenac;NA;NA;NA;NA;NEPAFENACO
S01BC11;bromfenac;NA;NA;NA;NA;BROMFENAC
S01C;ANTIINFLAMMATORY AGENTS AND ANTIINFECTIVES IN COMBINATION;NA;NA;NA;NA;COMBINACIÓN DE AGENTES ANTIINFLAMATORIOS Y ANTIINFECCIOSOS
S01CA;Corticosteroids and antiinfectives in combination;NA;NA;NA;NA;COMBINACIÓN DE CORTICOSTEROIDES Y ANTIINFECCIOSOS
S01CA01;dexamethasone and antiinfectives;NA;NA;NA;NA;DEXAMETASONA Y ANTIINFECCIOSOS
S01CA02;prednisolone and antiinfectives;NA;NA;NA;NA;PREDNISOLONA Y ANTIINFECCIOSOS
S01CA03;hydrocortisone and antiinfectives;NA;NA;NA;NA;HIDROCORTISONA Y ANTIINFECCIOSOS
S01CA04;fluocortolone and antiinfectives;NA;NA;NA;NA;FLUOCORTOLONA Y ANTIINFECCIOSOS
S01CA05;betamethasone and antiinfectives;NA;NA;NA;NA;BETAMETASONA Y ANTIINFECCIOSOS
S01CA06;fludrocortisone and antiinfectives;NA;NA;NA;NA;FLUDROCORTISONA Y ANTIINFECCIOSOS
S01CA07;fluorometholone and antiinfectives;NA;NA;NA;NA;FLUOROMETOLONA Y ANTIINFECCIOSOS
S01CA08;methylprednisolone and antiinfectives;NA;NA;NA;NA;METILPREDNISOLONA Y ANTIINFECCIOSOS
S01CA09;chloroprednisone and antiinfectives;NA;NA;NA;NA;CLOROPREDNISONA Y ANTIINFECCIOSOS
S01CA10;fluocinolone acetonide and antiinfectives;NA;NA;NA;NA;ACETÓNIDO DE FLUOCINOLONA Y ANTIINFECCIOSOS
S01CA11;clobetasone and antiinfectives;NA;NA;NA;NA;CLOBETASONA Y ANTIINFECCIOSOS
S01CA12;loteprednol and antiinfectives;NA;NA;NA;NA;LOTEPREDRNOL Y ANTIINFECCIOSOS
S01CB;Corticosteroids/antiinfectives/mydriatics in combination;NA;NA;NA;NA;COMBINACIÓN DE CORTICOSTEROIDES/ANTIINFECCIOSOS/MIDRIÁTICOS
S01CB01;dexamethasone;NA;NA;NA;NA;DEXAMETASONA
S01CB02;prednisolone;NA;NA;NA;NA;PREDNISOLONA
S01CB03;hydrocortisone;NA;NA;NA;NA;HIDROCORTISONA
S01CB04;betamethasone;NA;NA;NA;NA;BETAMETASONA
S01CB05;fluorometholone;NA;NA;NA;NA;FLUOROMETOLONA
S01CC;Antiinflammatory agents, non-steroids and antiinfectives in combination;NA;NA;NA;NA;COMBINACIÓN DE AGENTES ANTIINFLAMATORIOS, NO ESTEROIDEOS Y ANTIINFECCIOSOS
S01CC01;diclofenac and antiinfectives;NA;NA;NA;NA;DICLOFENACO Y ANTIINFECCIOSOS
S01CC02;indometacin and antiinfectives;NA;NA;NA;NA;INDOMETACINA Y ANTIINFECCIOSOS
S01E;ANTIGLAUCOMA PREPARATIONS AND MIOTICS;NA;NA;NA;NA;PREPARACIONES DE ANTIGLAUCOMA Y MIÓTICOS
S01EA;Sympathomimetics in glaucoma therapy;NA;NA;NA;NA;SIMPATICOMIMÉTICOS EN EL TRATAMIENTO DEL GLAUCOMA
S01EA01;epinephrine;NA;NA;NA;NA;EPINEFRINA
S01EA02;dipivefrine;NA;NA;NA;NA;DIPIVEFRINE
S01EA03;apraclonidine;NA;NA;NA;NA;APRACLONIDINA
S01EA04;clonidine;NA;NA;NA;NA;CLONIDINA
S01EA05;brimonidine;NA;NA;NA;NA;BRIMONIDINA
S01EA51;epinephrine, combinations;NA;NA;NA;NA;EPINEFRINA, COMBINACIONES
S01EB;Parasympathomimetics;NA;NA;NA;NA;PARASIMPATICOMIMÉTICOS
S01EB01;pilocarpine;0.4;ml;NA;NA;PILOCARPINA
S01EB01;pilocarpine;0.285;NA;lamella;NA;PILOCARPINA
S01EB01;pilocarpine;40;mg;ointment;NA;PILOCARPINA
S01EB02;carbachol;0.4;ml;NA;NA;CARBACHOL
S01EB03;ecothiopate;0.2;ml;NA;NA;ECOTIOPATE
S01EB04;demecarium;0.1;ml;NA;NA;DEMECARIUM
S01EB05;physostigmine;0.4;ml;NA;NA;FISOSTIGMINA
S01EB06;neostigmine;0.4;ml;NA;NA;NEOSTIGMINA
S01EB06;neostigmine;40;mg;ointment;NA;NEOSTIGMINA
S01EB07;fluostigmine;NA;NA;NA;NA;FLUOSTIGMINA
S01EB08;aceclidine;NA;NA;NA;NA;ACECLIDINA
S01EB09;acetylcholine;NA;NA;NA;NA;ACETILCOLINA
S01EB10;paraoxon;NA;NA;NA;NA;PARAOXÓN
S01EB51;pilocarpine, combinations;NA;NA;NA;NA;PILOCARPINA, COMBINACIONES
S01EB58;aceclidine, combinations;NA;NA;NA;NA;ACECLIDINA, COMBINACIONES
S01EC;Carbonic anhydrase inhibitors;NA;NA;NA;NA;INHIBIDORES DE LA ANHIDRASA CARBÓNICA
S01EC01;acetazolamide;0.75;g;O;NA;ACETAZOLAMIDA
S01EC01;acetazolamide;0.75;g;P;NA;ACETAZOLAMIDA
S01EC02;diclofenamide;0.1;g;O;NA;DICLOFENAMIDA
S01EC03;dorzolamide;0.3;ml;NA;NA;DORZOLAMIDA
S01EC04;brinzolamide;0.2;ml;NA;NA;BRINZOLAMIDA
S01EC05;methazolamide;0.2;g;O;NA;METAZOLAMIDA
S01EC54;brinzolamide, combinations;NA;NA;NA;NA;BRINZOLAMIDA, COMBINACIONES
S01ED;Beta blocking agents;NA;NA;NA;NA;AGENTES BLOQUEADORES BETA
S01ED01;timolol;NA;NA;NA;NA;TIMOLOL
S01ED02;betaxolol;NA;NA;NA;NA;BETAXOLOL
S01ED03;levobunolol;NA;NA;NA;NA;LEVOBUNOLOL
S01ED04;metipranolol;NA;NA;NA;NA;METIPRANOLOL
S01ED05;carteolol;NA;NA;NA;NA;CARTEOLOL
S01ED06;befunolol;NA;NA;NA;NA;BEFUNOLOL
S01ED51;timolol, combinations;NA;NA;NA;NA;TIMOLOL, COMBINACIONES
S01ED52;betaxolol, combinations;NA;NA;NA;NA;BETAXOLOL, COMBINACIONES
S01ED54;metipranolol, combinations;NA;NA;NA;NA;METIPRANOLOL, COMBINACIONES
S01ED55;carteolol, combinations;NA;NA;NA;NA;CARTEOLOL, COMBINACIONES
S01EE;Prostaglandin analogues;NA;NA;NA;NA;ANÁLOGOS DE LAS PROSTAGLANDINAS
S01EE01;latanoprost;NA;NA;NA;NA;LATANOPROST
S01EE02;unoprostone;NA;NA;NA;NA;UNOPROSTONE
S01EE03;bimatoprost;NA;NA;NA;NA;BIMATOPROST
S01EE04;travoprost;NA;NA;NA;NA;TRAVOPROST
S01EE05;tafluprost;NA;NA;NA;NA;TAFLUPROST
S01EE06;latanoprostene bunod;NA;NA;NA;NA;LATANOPROSTENE BUNOD
S01EE51;latanoprost and netarsudil;NA;NA;NA;NA;LATANOPROST Y NETARSUDIL
S01EX;Other antiglaucoma preparations;NA;NA;NA;NA;OTRAS PREPARACIONES PARA EL ANTIGLAUCOMA
S01EX01;guanethidine;NA;NA;NA;NA;GUANETIDINA
S01EX02;dapiprazole;NA;NA;NA;NA;DAPIPRAZOL
S01EX05;netarsudil;NA;NA;NA;NA;NETARSUDIL
S01EX06;omidenepag;NA;NA;NA;NA;OMIDENEPAG
S01EX07;ripasudil;NA;NA;NA;NA;RIPASUDIL
S01F;MYDRIATICS AND CYCLOPLEGICS;NA;NA;NA;NA;MIDRIÁTICOS Y CICLOPLÉJICOS
S01FA;Anticholinergics;NA;NA;NA;NA;ANTICOLINÉRGICOS
S01FA01;atropine;NA;NA;NA;NA;ATROPINA
S01FA02;scopolamine;NA;NA;NA;NA;ESCOPOLAMINA
S01FA03;methylscopolamine;NA;NA;NA;NA;METILESCOPOLAMINA
S01FA04;cyclopentolate;NA;NA;NA;NA;CICLOPENTOLADO
S01FA05;homatropine;NA;NA;NA;NA;HOMATROPINA
S01FA06;tropicamide;NA;NA;NA;NA;TROPICAMIDA
S01FA54;cyclopentolate, combinations;NA;NA;NA;NA;CICLOPENTOLADO, COMBINACIONES
S01FA56;tropicamide, combinations;NA;NA;NA;NA;TROPICAMIDA, COMBINACIONES
S01FB;Sympathomimetics excl. antiglaucoma preparations;NA;NA;NA;NA;SIMPATICOMIMÉTICOS, EXC. PREPARACIONES DE ANTIGLAUCOMA
S01FB01;phenylephrine;NA;NA;NA;NA;FENILEFRINA
S01FB02;ephedrine;NA;NA;NA;NA;EFEDRINA
S01FB03;ibopamine;NA;NA;NA;NA;IBOPAMINA
S01FB51;phenylephrine and ketorolac;NA;NA;NA;NA;FENILEFRINA Y KETOROLACO
S01G;DECONGESTANTS AND ANTIALLERGICS;NA;NA;NA;NA;DESCONGESTIONANTES Y ANTIALÉRGICOS
S01GA;Sympathomimetics used as decongestants;NA;NA;NA;NA;SIMPATICOMIMÉTICOS UTILIZADOS COMO DESCONGESTIONANTES
S01GA01;naphazoline;NA;NA;NA;NA;NAPHAZOLINA
S01GA02;tetryzoline;NA;NA;NA;NA;TETRYZOLINA
S01GA03;xylometazoline;NA;NA;NA;NA;XILOMETAZOLINA
S01GA04;oxymetazoline;NA;NA;NA;NA;OXIMETAZOLINA
S01GA05;phenylephrine;NA;NA;NA;NA;FENILEFRINA
S01GA06;oxedrine;NA;NA;NA;NA;OXEDRINA
S01GA07;brimonidine;NA;NA;NA;NA;BRIMONIDINA
S01GA51;naphazoline, combinations;NA;NA;NA;NA;NAPHAZOLINA, COMBINACIONES
S01GA52;tetryzoline, combinations;NA;NA;NA;NA;TETRYZOLINA, COMBINACIONES
S01GA53;xylometazoline, combinations;NA;NA;NA;NA;XILOMETAZOLINA, COMBINACIONES
S01GA55;phenylephrine, combinations;NA;NA;NA;NA;FENILEFRINA, COMBINACIONES
S01GA56;oxedrine, combinations;NA;NA;NA;NA;OXEDRINA, COMBINACIONES
S01GX;Other antiallergics;NA;NA;NA;NA;OTROS ANTIALÉRGICOS
S01GX01;cromoglicic acid;NA;NA;NA;NA;ÁCIDO CROMOGLÍCICO
S01GX02;levocabastine;NA;NA;NA;NA;LEVOCABASTINE
S01GX03;spaglumic acid;NA;NA;NA;NA;ÁCIDO ESPAGLÍMICO
S01GX04;nedocromil;NA;NA;NA;NA;NEDOCROMIL
S01GX05;lodoxamide;NA;NA;NA;NA;LODOXAMIDA
S01GX06;emedastine;NA;NA;NA;NA;EMEDASTINA
S01GX07;azelastine;NA;NA;NA;NA;AZELASTINA
S01GX08;ketotifen;NA;NA;NA;NA;KETOTIFEN
S01GX09;olopatadine;NA;NA;NA;NA;OLOPATADINA
S01GX10;epinastine;NA;NA;NA;NA;EPINASTINA
S01GX11;alcaftadine;NA;NA;NA;NA;ALCACTADINA
S01GX12;cetirizine;NA;NA;NA;NA;CETIRIZINA
S01GX13;bilastine;NA;NA;NA;NA;BILASTINA
S01GX51;cromoglicic acid, combinations;NA;NA;NA;NA;ÁCIDO CROMOGLÍCICO, COMBINACIONES
S01H;LOCAL ANESTHETICS;NA;NA;NA;NA;ANESTÉSICOS LOCALES
S01HA;Local anesthetics;NA;NA;NA;NA;ANESTÉSICOS LOCALES
S01HA01;cocaine;NA;NA;NA;NA;COCAÍNA
S01HA02;oxybuprocaine;NA;NA;NA;NA;OXIBUPROCAÍNA
S01HA03;tetracaine;NA;NA;NA;NA;TETRACAINE
S01HA04;proxymetacaine;NA;NA;NA;NA;PROXYMETACAÍNA
S01HA05;procaine;NA;NA;NA;NA;PROCAÍNA
S01HA06;cinchocaine;NA;NA;NA;NA;CINCHOCAÍNA
S01HA07;lidocaine;NA;NA;NA;NA;LIDOCAÍNA
S01HA08;chloroprocaine;NA;NA;NA;NA;CLOROPROCAÍNA
S01HA30;combinations;NA;NA;NA;NA;COMBINACIONES
S01J;DIAGNOSTIC AGENTS;NA;NA;NA;NA;AGENTES DIAGNÓSTICOS
S01JA;Colouring agents;NA;NA;NA;NA;COLORANTES
S01JA01;fluorescein;NA;NA;NA;NA;FLUORESCEÍNA
S01JA02;rose bengal sodium;NA;NA;NA;NA;ROSA DE BENGALA SODIO
S01JA51;fluorescein, combinations;NA;NA;NA;NA;FLUORESCEÍNA, COMBINACIONES
S01JX;Other ophthalmological diagnostic agents;NA;NA;NA;NA;OTROS AGENTES DE DIAGNÓSTICO OFTALMOLÓGICO
S01K;SURGICAL AIDS;NA;NA;NA;NA;AYUDAS QUIRÚRGICAS
S01KA;Viscoelastic substances;NA;NA;NA;NA;SUSTANCIAS VISCOELÁSTICAS
S01KA01;hyaluronic acid;NA;NA;NA;NA;ÁCIDO HIALURÓNICO
S01KA02;hypromellose;NA;NA;NA;NA;HIPROMELOSA
S01KA51;hyaluronic acid, combinations;NA;NA;NA;NA;ÁCIDO HIALURÓNICO, COMBINACIONES
S01KX;Other surgical aids;NA;NA;NA;NA;OTRAS AYUDAS QUIRÚRGICAS
S01KX01;chymotrypsin;NA;NA;NA;NA;QUIMOTRIPSINA
S01KX02;trypan blue;NA;NA;NA;NA;AZUL DE TRIPANO
S01L;OCULAR VASCULAR DISORDER AGENTS;NA;NA;NA;NA;AGENTES DE TRASTORNOS VASCULARES OCULARES
S01LA;Antineovascularisation agents;NA;NA;NA;NA;ANTINEOVASCULARIZANTES
S01LA01;verteporfin;NA;NA;NA;NA;VERTEPORFINA
S01LA02;anecortave;NA;NA;NA;NA;ANECORTAVE
S01LA03;pegaptanib;NA;NA;NA;NA;PEGAPTANIB
S01LA04;ranibizumab;NA;NA;NA;NA;RANIBIZUMAB
S01LA05;aflibercept;NA;NA;NA;NA;AFLIBERCEPT
S01LA06;brolucizumab;NA;NA;NA;NA;BROLUCIZUMAB
S01LA07;abicipar pegol;NA;NA;NA;NA;ABICIPAR PEGOL
S01LA08;bevacizumab;NA;NA;NA;NA;BEVACIZUMAB
S01LA09;faricimab;NA;NA;NA;NA;FARICIMAB
S01X;OTHER OPHTHALMOLOGICALS;NA;NA;NA;NA;OTROS OFTALMOLÓGICOS
S01XA;Other ophthalmologicals;NA;NA;NA;NA;OTROS OFTALMOLÓGICOS
S01XA01;guaiazulen;NA;NA;NA;NA;GUAIAZULEN
S01XA02;retinol;NA;NA;NA;NA;RETINOL
S01XA03;sodium chloride, hypertonic;NA;NA;NA;NA;CLORURO DE SODIO, HIPERTÓNICO
S01XA04;potassium iodide;NA;NA;NA;NA;YODURO DE POTASIO
S01XA05;sodium edetate;NA;NA;NA;NA;EDETATO DE SODIO
S01XA06;ethylmorphine;NA;NA;NA;NA;ETILMORFINA
S01XA07;alum;NA;NA;NA;NA;ALUMBRE
S01XA08;acetylcysteine;NA;NA;NA;NA;ACETILCISTEÍNA
S01XA09;iodoheparinate;NA;NA;NA;NA;YODOHEPARINATO
S01XA10;inosine;NA;NA;NA;NA;INOSINA
S01XA11;nandrolone;NA;NA;NA;NA;NANDROLONA
S01XA12;dexpanthenol;NA;NA;NA;NA;DEXPANTENOL
S01XA13;alteplase;NA;NA;NA;NA;ALTEPLASA
S01XA14;heparin;NA;NA;NA;NA;HEPARINA
S01XA15;ascorbic acid;NA;NA;NA;NA;ÁCIDO ASCÓRBICO
S01XA18;ciclosporin;NA;NA;NA;NA;CICLOSPORINA
S01XA19;limbal stem cells, autologous;NA;NA;NA;NA;CÉLULAS MADRE LIMBALES AUTÓLOGAS
S01XA20;artificial tears and other indifferent preparations;NA;NA;NA;NA;LÁGRIMAS ARTIFICIALES Y OTRAS PREPARACIONES INDIFERENTES
S01XA21;mercaptamine;NA;NA;NA;NA;MERCAPTAMINA
S01XA22;ocriplasmin;NA;NA;NA;NA;OCRIPLASMINA
S01XA23;sirolimus;NA;NA;NA;NA;SIROLIMUS
S01XA24;cenegermin;NA;NA;NA;NA;CENEGERMIN
S01XA25;lifitegrast;NA;NA;NA;NA;LIFITEGRAST
S01XA26;riboflavin;NA;NA;NA;NA;RIBOFLAVINA
S01XA27;voretigene neparvovec;NA;NA;NA;NA;VORETÉGINÉ NEPARVOVEC
S01XA28;varenicline;NA;NA;NA;NA;VARENICLINA
S01XA29;sepofarsen;NA;NA;NA;NA;SEPOFARSEN
S01XA31;pegcetacoplan;NA;NA;NA;NA;PEGCETACOPLAN
S02;OTOLOGICALS;NA;NA;NA;NA;OTOLÓGICOS
S02A;ANTIINFECTIVES;NA;NA;NA;NA;ANTIINFECCIOSOS
S02AA;Antiinfectives;NA;NA;NA;NA;ANTIINFECCIOSOS
S02AA01;chloramphenicol;NA;NA;NA;NA;CLORANFENICOL
S02AA02;nitrofural;NA;NA;NA;NA;NITROFURAL
S02AA03;boric acid;NA;NA;NA;NA;ÁCIDO BÓRICO
S02AA04;aluminium acetotartrate;NA;NA;NA;NA;ACETOTARTRATO DE ALUMINIO
S02AA05;clioquinol;NA;NA;NA;NA;CLIOQUINOL
S02AA06;hydrogen peroxide;NA;NA;NA;NA;PERÓXIDO DE HIDRÓGENO
S02AA07;neomycin;NA;NA;NA;NA;NEOMICINA
S02AA08;tetracycline;NA;NA;NA;NA;TETRACICLINA
S02AA09;chlorhexidine;NA;NA;NA;NA;CLORHEXIDINA
S02AA10;acetic acid;NA;NA;NA;NA;ÁCIDO ACÉTICO
S02AA11;polymyxin B;NA;NA;NA;NA;POLIMIXINA B
S02AA12;rifamycin;NA;NA;NA;NA;RIFAMICINA
S02AA13;miconazole;NA;NA;NA;NA;MICONAZOL
S02AA14;gentamicin;NA;NA;NA;NA;GENTAMICINA
S02AA15;ciprofloxacin;NA;NA;NA;NA;CIPROFLOXACINO
S02AA16;ofloxacin;NA;NA;NA;NA;OFLOXACINA
S02AA17;fosfomycin;NA;NA;NA;NA;FOSFOMICINA
S02AA18;cefmenoxime;NA;NA;NA;NA;CEFMENOXIMA
S02AA30;antiinfectives, combinations;NA;NA;NA;NA;ANTIINFECCIOSOS, COMBINACIONES
S02B;CORTICOSTEROIDS;NA;NA;NA;NA;CORTICOSTEROIDES
S02BA;Corticosteroids;NA;NA;NA;NA;CORTICOSTEROIDES
S02BA01;hydrocortisone;NA;NA;NA;NA;HIDROCORTISONA
S02BA03;prednisolone;NA;NA;NA;NA;PREDNISOLONA
S02BA06;dexamethasone;NA;NA;NA;NA;DEXAMETASONA
S02BA07;betamethasone;NA;NA;NA;NA;BETAMETASONA
S02BA08;fluocinolone acetonide;NA;NA;NA;NA;ACETÓNIDO DE FLUOCINOLONA
S02C;CORTICOSTEROIDS AND ANTIINFECTIVES IN COMBINATION;NA;NA;NA;NA;COMBINACIÓN DE CORTICOSTEROIDES Y ANTIINFECCIOSOS
S02CA;Corticosteroids and antiinfectives in combination;NA;NA;NA;NA;COMBINACIÓN DE CORTICOSTEROIDES Y ANTIINFECCIOSOS
S02CA01;prednisolone and antiinfectives;NA;NA;NA;NA;PREDNISOLONA Y ANTIINFECCIOSOS
S02CA02;flumetasone and antiinfectives;NA;NA;NA;NA;FLUMETASONA Y ANTIINFECCIOSOS
S02CA03;hydrocortisone and antiinfectives;NA;NA;NA;NA;HIDROCORTISONA Y ANTIINFECCIOSOS
S02CA04;triamcinolone and antiinfectives;NA;NA;NA;NA;TRIAMCINOLONA Y ANTIINFECCIOSOS
S02CA05;fluocinolone acetonide and antiinfectives;NA;NA;NA;NA;ACETÓNIDO DE FLUOCINOLONA Y ANTIINFECCIOSOS
S02CA06;dexamethasone and antiinfectives;NA;NA;NA;NA;DEXAMETASONA Y ANTIINFECCIOSOS
S02CA07;fludrocortisone and antiinfectives;NA;NA;NA;NA;FLUDROCORTISONA Y ANTIINFECCIOSOS
S02D;OTHER OTOLOGICALS;NA;NA;NA;NA;OTROS OTOLÓGICOS
S02DA;Analgesics and anesthetics;NA;NA;NA;NA;ANALGÉSICOS Y ANESTÉSICOS
S02DA01;lidocaine;NA;NA;NA;NA;LIDOCAÍNA
S02DA02;cocaine;NA;NA;NA;NA;COCAÍNA
S02DA03;phenazone;NA;NA;NA;NA;FENAZONA
S02DA04;cinchocaine;NA;NA;NA;NA;CINCHOCAÍNA
S02DA30;combinations;NA;NA;NA;NA;COMBINACIONES
S02DC;Indifferent preparations;NA;NA;NA;NA;PREPARACIONES INDIFERENTES
S03;OPHTHALMOLOGICAL AND OTOLOGICAL PREPARATIONS;NA;NA;NA;NA;PREPARACIONES OFTALMOLÓGICAS Y OTOLÓGICAS
S03A;ANTIINFECTIVES;NA;NA;NA;NA;ANTIINFECCIOSOS
S03AA;Antiinfectives;NA;NA;NA;NA;ANTIINFECCIOSOS
S03AA01;neomycin;NA;NA;NA;NA;NEOMICINA
S03AA02;tetracycline;NA;NA;NA;NA;TETRACICLINA
S03AA03;polymyxin B;NA;NA;NA;NA;POLIMIXINA B
S03AA04;chlorhexidine;NA;NA;NA;NA;CLORHEXIDINA
S03AA05;hexamidine;NA;NA;NA;NA;HEXAMIDINA
S03AA06;gentamicin;NA;NA;NA;NA;GENTAMICINA
S03AA07;ciprofloxacin;NA;NA;NA;NA;CIPROFLOXACINO
S03AA08;chloramphenicol;NA;NA;NA;NA;CLORANFENICOL
S03AA30;antiinfectives, combinations;NA;NA;NA;NA;ANTIINFECCIOSOS, COMBINACIONES
S03B;CORTICOSTEROIDS;NA;NA;NA;NA;CORTICOSTEROIDES
S03BA;Corticosteroids;NA;NA;NA;NA;CORTICOSTEROIDES
S03BA01;dexamethasone;NA;NA;NA;NA;DEXAMETASONA
S03BA02;prednisolone;NA;NA;NA;NA;PREDNISOLONA
S03BA03;betamethasone;NA;NA;NA;NA;BETAMETASONA
S03C;CORTICOSTEROIDS AND ANTIINFECTIVES IN COMBINATION;NA;NA;NA;NA;COMBINACIÓN DE CORTICOSTEROIDES Y ANTIINFECCIOSOS
S03CA;Corticosteroids and antiinfectives in combination;NA;NA;NA;NA;COMBINACIÓN DE CORTICOSTEROIDES Y ANTIINFECCIOSOS
S03CA01;dexamethasone and antiinfectives;NA;NA;NA;NA;DEXAMETASONA Y ANTIINFECCIOSOS
S03CA02;prednisolone and antiinfectives;NA;NA;NA;NA;PREDNISOLONA Y ANTIINFECCIOSOS
S03CA04;hydrocortisone and antiinfectives;NA;NA;NA;NA;HIDROCORTISONA Y ANTIINFECCIOSOS
S03CA05;fludrocortisone and antiinfectives;NA;NA;NA;NA;FLUDROCORTISONA Y ANTIINFECCIOSOS
S03CA06;betamethasone and antiinfectives;NA;NA;NA;NA;BETAMETASONA Y ANTIINFECCIOSOS
S03CA07;methylprednisolone and antiinfectives;NA;NA;NA;NA;METILPREDNISOLONA Y ANTIINFECCIOSOS
S03D;OTHER OPHTHALMOLOGICAL AND OTOLOGICAL PREPARATIONS;NA;NA;NA;NA;OTROS PREPARADOS OFTALMOLÓGICOS Y OTOLÓGICOS
V;VARIOUS;NA;NA;NA;NA;VARIOS
V01;ALLERGENS;NA;NA;NA;NA;ALÉRGENOS
V01A;ALLERGENS;NA;NA;NA;NA;ALÉRGENOS
V01AA;Allergen extracts;NA;NA;NA;NA;EXTRACTOS DE ALÉRGENOS
V01AA01;feather;NA;NA;NA;NA;PLUMA
V01AA02;grass pollen;NA;NA;NA;NA;POLEN DE GRAMÍNEAS
V01AA03;house dust mites;NA;NA;NA;NA;ÁCAROS DEL POLVO DOMÉSTICO
V01AA04;mould fungus and yeast fungus;NA;NA;NA;NA;HONGOS DE MOHO Y HONGOS DE LEVADURA
V01AA05;tree pollen;NA;NA;NA;NA;POLEN DE ÁRBOL
V01AA07;insects;NA;NA;NA;NA;INSECTOS
V01AA08;food;NA;NA;NA;NA;VÍVERES
V01AA09;textiles;NA;NA;NA;NA;TEXTILES
V01AA10;flowers;NA;NA;NA;NA;FLORES
V01AA11;animals;NA;NA;NA;NA;ANIMALES
V01AA20;various;NA;NA;NA;NA;VARIOS
V03;ALL OTHER THERAPEUTIC PRODUCTS;NA;NA;NA;NA;TODOS LOS DEMÁS PRODUCTOS TERAPÉUTICOS
V03A;ALL OTHER THERAPEUTIC PRODUCTS;NA;NA;NA;NA;TODOS LOS DEMÁS PRODUCTOS TERAPÉUTICOS
V03AB;Antidotes;NA;NA;NA;NA;ANTÍDOTOS
V03AB01;ipecacuanha;NA;NA;NA;NA;IPECACUANA
V03AB02;nalorphine;NA;NA;NA;NA;NALORFINA
V03AB03;edetates;NA;NA;NA;NA;EDETATES
V03AB04;pralidoxime;NA;NA;NA;NA;PRALIDOXIMA
V03AB05;prednisolone and promethazine;NA;NA;NA;NA;PREDNISOLONA Y PROMETAZINA
V03AB06;thiosulfate;NA;NA;NA;NA;TIOSULFATO
V03AB08;sodium nitrite;NA;NA;NA;NA;NITRITO DE SODIO
V03AB09;dimercaprol;NA;NA;NA;NA;DIMERCAPROL
V03AB13;obidoxime;NA;NA;NA;NA;OBIDOXIMA
V03AB14;protamine;NA;NA;NA;NA;PROTAMINE
V03AB15;naloxone;NA;NA;NA;NA;NALOXONA
V03AB16;ethanol;NA;NA;NA;NA;ETANOL
V03AB17;methylthioninium chloride;NA;NA;NA;NA;CLORURO DE METILTIONINIO
V03AB18;potassium permanganate;NA;NA;NA;NA;PERMANGANATO DE POTASIO
V03AB19;physostigmine;NA;NA;NA;NA;FISOSTIGMINA
V03AB20;copper sulfate;NA;NA;NA;NA;SULFATO DE COBRE
V03AB21;potassium iodide;NA;NA;NA;NA;YODURO DE POTASIO
V03AB22;amyl nitrite;NA;NA;NA;NA;NITRITO DE AMILO
V03AB23;acetylcysteine;NA;NA;NA;NA;ACETILCISTEÍNA
V03AB24;digitalis antitoxin;NA;NA;NA;NA;ANTITOXINA DIGITÁLICA
V03AB25;flumazenil;NA;NA;NA;NA;FLUMAZENIL
V03AB26;methionine;NA;NA;NA;NA;METIONINA
V03AB27;4-dimethylaminophenol;NA;NA;NA;NA;4-DIMETILAMINOFENOL
V03AB29;cholinesterase;NA;NA;NA;NA;COLINESTERASA
V03AB31;prussian blue;NA;NA;NA;NA;AZUL DE PRUSIA
V03AB32;glutathione;NA;NA;NA;NA;GLUTATIÓN
V03AB33;hydroxocobalamin;NA;NA;NA;NA;HIDROXOCOBALAMINA
V03AB34;fomepizole;NA;NA;NA;NA;FOMEPIZOL
V03AB35;sugammadex;NA;NA;NA;NA;SUGAMMADEX
V03AB36;phentolamine;NA;NA;NA;NA;FENTOLAMINA
V03AB37;idarucizumab;NA;NA;NA;NA;IDARUCIZUMAB
V03AB38;andexanet alfa;NA;NA;NA;NA;ANDEXANET ALFA
V03AB54;pralidoxime and atropine;NA;NA;NA;NA;PRALIDOXIMA Y ATROPINA
V03AC;Iron chelating agents;NA;NA;NA;NA;AGENTES QUELANTES DEL HIERRO
V03AC01;deferoxamine;NA;NA;NA;NA;DEFEROXAMINA
V03AC02;deferiprone;NA;NA;NA;NA;DEFERIPRONA
V03AC03;deferasirox;NA;NA;NA;NA;DEFERASIROX
V03AE;Drugs for treatment of hyperkalemia and hyperphosphatemia;NA;NA;NA;NA;FÁRMACOS PARA EL TRATAMIENTO DE LA HIPERPOTASEMIA Y LA HIPERFOSFATEMIA
V03AE01;polystyrene sulfonate;45;g;O;NA;SULFONATO DE POLIESTIRENO
V03AE02;sevelamer;6.4;g;O;NA;SEVELAMER
V03AE03;lanthanum carbonate;2.25;g;O;Expressed as lanthanum;CARBONATO DE LANTANO
V03AE04;calcium acetate and magnesium carbonate;NA;NA;NA;NA;ACETATO DE CALCIO Y CARBONATO DE MAGNESIO
V03AE05;sucroferric oxyhydroxide;1.5;g;O;NA;OXIHIDRÓXIDO SUCRÓFERRO
V03AE06;colestilan;NA;NA;NA;NA;COLESTILAN
V03AE07;calcium acetate;6;g;O;NA;ACETATO DE CALCIO
V03AE08;ferric citrate;6;g;O;NA;CITRATO FÉRRICO
V03AE09;patiromer calcium;8.4;g;O;NA;PATIROMER CALCIO
V03AE10;sodium zirconium cyclosilicate;7.5;g;O;NA;CICLOSILICATO DE CIRCONIO SÓDICO
V03AF;Detoxifying agents for antineoplastic treatment;NA;NA;NA;NA;AGENTES DESINTOXICANTES PARA EL TRATAMIENTO ANTINEOPLÁSICO
V03AF01;mesna;NA;NA;NA;NA;MESNA
V03AF02;dexrazoxane;1.5;g;P;NA;DEXRAZOXANO
V03AF03;calcium folinate;60;mg;O;Expressed as folinic acid;FOLENTATO DE CALCIO
V03AF03;calcium folinate;60;mg;P;Expressed as folinic acid;FOLENTATO DE CALCIO
V03AF04;calcium levofolinate;30;mg;O;Expressed as levofolinic acid;LEVOFOLINATO DE CALCIO
V03AF04;calcium levofolinate;30;mg;P;Expressed as levofolinic acid;LEVOFOLINATO DE CALCIO
V03AF05;amifostine;1.7;g;P;NA;AMIFOSTINA
V03AF06;sodium folinate;60;mg;P;Expressed as folinic acid;FOMINATO DE SODIO
V03AF07;rasburicase;14;mg;P;NA;RASBURICASA
V03AF08;palifermin;4.2;mg;P;NA;PALIFERMINA
V03AF09;glucarpidase;NA;NA;NA;NA;GLUCARPIDASA
V03AF10;sodium levofolinate;30;mg;P;Expressed as levofolinic acid;LEVOFOLINATO DE SODIO
V03AF11;arginine and lysine;NA;NA;NA;NA;ARGININA Y LISINA
V03AF12;trilaciclib;NA;NA;NA;NA;TRILACICLIB
V03AG;Drugs for treatment of hypercalcemia;NA;NA;NA;NA;FÁRMACOS PARA EL TRATAMIENTO DE LA HIPERCALCEMIA
V03AG01;sodium cellulose phosphate;NA;NA;NA;NA;FOSFATO DE CELULOSA SÓDICA
V03AG05;sodium phosphate;8;g;O;NA;FOSFATO DE SODIO
V03AH;Drugs for treatment of hypoglycemia;NA;NA;NA;NA;FÁRMACOS PARA EL TRATAMIENTO DE LA HIPOGLUCEMIA
V03AH01;diazoxide;NA;NA;NA;NA;DIAZÓXIDO
V03AK;Tissue adhesives;NA;NA;NA;NA;ADHESIVOS PARA TEJIDOS
V03AM;Drugs for embolisation;NA;NA;NA;NA;FÁRMACOS PARA LA EMBOLIZACIÓN
V03AN;Medical gases;NA;NA;NA;NA;GASES MEDICINALES
V03AN01;oxygen;NA;NA;NA;NA;OXÍGENO
V03AN02;carbon dioxide;NA;NA;NA;NA;DIÓXIDO DE CARBONO
V03AN03;helium;NA;NA;NA;NA;HELIO
V03AN04;nitrogen;NA;NA;NA;NA;NITRÓGENO
V03AN05;medical air;NA;NA;NA;NA;AIRE MEDICINAL
V03AX;Other therapeutic products;NA;NA;NA;NA;OTROS PRODUCTOS TERAPÉUTICOS
V03AX02;nalfurafine;NA;NA;NA;NA;NALFURAFINA
V03AX03;cobicistat;0.15;g;O;NA;COBICISTAT
V03AX04;difelikefalin;15;mcg;P;NA;DIFELIKEFALIN
V03AZ;Nerve depressants;NA;NA;NA;NA;DEPRESORES NERVIOSOS
V03AZ01;ethanol;NA;NA;NA;NA;ETANOL
V04;DIAGNOSTIC AGENTS;NA;NA;NA;NA;AGENTES DIAGNÓSTICOS
V04B;URINE TESTS;NA;NA;NA;NA;ANÁLISIS DE ORINA
V04C;OTHER DIAGNOSTIC AGENTS;NA;NA;NA;NA;OTROS AGENTES DIAGNÓSTICOS
V04CA;Tests for diabetes;NA;NA;NA;NA;PRUEBAS PARA LA DIABETES
V04CA01;tolbutamide;NA;NA;NA;NA;TOLBUTAMIDA
V04CA02;glucose;NA;NA;NA;NA;GLUCOSA
V04CB;Tests for fat absorption;NA;NA;NA;NA;PRUEBAS DE ABSORCIÓN DE GRASA
V04CB01;vitamin A concentrates;NA;NA;NA;NA;CONCENTRADOS DE VITAMINA A
V04CC;Tests for bile duct patency;NA;NA;NA;NA;PRUEBAS DE PERMEABILIDAD DEL CONDUCTO BILIAR
V04CC01;sorbitol;NA;NA;NA;NA;SORBITOL
V04CC02;magnesium sulfate;NA;NA;NA;NA;SULFATO DE MAGNESIO
V04CC03;sincalide;NA;NA;NA;NA;SINCALIDE
V04CC04;ceruletide;NA;NA;NA;NA;CERULETIDA
V04CD;Tests for pituitary function;NA;NA;NA;NA;PRUEBAS DE LA FUNCIÓN PITUITARIA
V04CD01;metyrapone;NA;NA;NA;NA;METIRAPONA
V04CD03;sermorelin;NA;NA;NA;NA;SERMORELINA
V04CD04;corticorelin;NA;NA;NA;NA;CORTICORELINA
V04CD05;somatorelin;NA;NA;NA;NA;SOMATORELINA
V04CD06;macimorelin;NA;NA;NA;NA;MACIMORELIN
V04CE;Tests for liver functional capacity;NA;NA;NA;NA;PRUEBAS DE CAPACIDAD FUNCIONAL HEPÁTICA
V04CE01;galactose;NA;NA;NA;NA;GALACTOSA
V04CE02;sulfobromophthalein;NA;NA;NA;NA;SULFOBROMOFTALEÍNA
V04CE03;methacetin (13C);NA;NA;NA;NA;METACETINA (13C)
V04CF;Tuberculosis diagnostics;NA;NA;NA;NA;DIAGNÓSTICO DE LA TUBERCULOSIS
V04CF01;tuberculin;NA;NA;NA;NA;TUBERCULINA
V04CG;Tests for gastric secretion;NA;NA;NA;NA;PRUEBAS PARA LA SECRECIÓN GÁSTRICA
V04CG01;cation exchange resins;NA;NA;NA;NA;RESINAS DE INTERCAMBIO CATIÓNICO
V04CG02;betazole;NA;NA;NA;NA;BETAZOL
V04CG03;histamine phosphate;NA;NA;NA;NA;FOSFATO DE HISTAMINA
V04CG04;pentagastrin;NA;NA;NA;NA;PENTAGASTRINA
V04CG05;methylthioninium chloride;NA;NA;NA;NA;CLORURO DE METILTIONINIO
V04CG30;caffeine and sodium benzoate;NA;NA;NA;NA;CAFEÍNA Y BENZOATO DE SODIO
V04CH;Tests for renal function and ureteral injuries;NA;NA;NA;NA;PRUEBAS PARA LA FUNCIÓN RENAL Y LESIONES URETERALES
V04CH01;inulin and other polyfructosans;NA;NA;NA;NA;INULINA Y OTROS POLIFRUCTOSANOS
V04CH02;indigo carmine;NA;NA;NA;NA;ÍNDIGO CARMÍN
V04CH03;phenolsulfonphthalein;NA;NA;NA;NA;FENOLSULFONFTALEÍNA
V04CH04;alsactide;NA;NA;NA;NA;ALSÁCTIDA
V04CH30;aminohippuric acid;NA;NA;NA;NA;ÁCIDO AMINOHIPÚRICO
V04CJ;Tests for thyreoidea function;NA;NA;NA;NA;PRUEBAS PARA LA FUNCIÓN TIROIDEA
V04CJ01;thyrotropin;NA;NA;NA;NA;TIROTROPINA
V04CJ02;protirelin;NA;NA;NA;NA;PROTIRELIN
V04CK;Tests for pancreatic function;NA;NA;NA;NA;PRUEBAS PARA LA FUNCIÓN PANCREÁTICA
V04CK01;secretin;NA;NA;NA;NA;SECRETINA
V04CK02;pancreozymin (cholecystokinin);NA;NA;NA;NA;PANCREOZIMINA (COLECISTOQUININA)
V04CK03;bentiromide;NA;NA;NA;NA;BENTIROMIDE
V04CL;Tests for allergic diseases;NA;NA;NA;NA;PRUEBAS PARA ENFERMEDADES ALÉRGICAS
V04CM;Tests for fertility disturbances;NA;NA;NA;NA;PRUEBAS PARA DETECTAR TRASTORNOS DE LA FERTILIDAD
V04CM01;gonadorelin;NA;NA;NA;NA;GONADORELINA
V04CX;Other diagnostic agents;NA;NA;NA;NA;OTROS AGENTES DIAGNÓSTICOS
V04CX01;indocyanine green;NA;NA;NA;NA;VERDE DE INDOCIANINA
V04CX02;folic acid;NA;NA;NA;NA;ÁCIDO FÓLICO
V04CX03;methacholine;NA;NA;NA;NA;METACOLINA
V04CX04;mannitol;NA;NA;NA;NA;MANITOL
V04CX05;13C-urea;NA;NA;NA;NA;13C-UREA
V04CX06;hexaminolevulinate;NA;NA;NA;NA;HEXAMINOLEVULINATO
V04CX07;edrophonium;NA;NA;NA;NA;EDROFONIO
V04CX08;carbon monoxide;NA;NA;NA;NA;MONÓXIDO DE CARBONO
V04CX09;patent blue;NA;NA;NA;NA;AZUL CHAROL
V04CX10;pafolacianine;NA;NA;NA;NA;PAFOLACIANINA
V04CX11;lithium chloride;NA;NA;NA;NA;CLORURO DE LITIO
V06;GENERAL NUTRIENTS;NA;NA;NA;NA;NUTRIENTES GENERALES
V06A;DIET FORMULATIONS FOR TREATMENT OF OBESITY;NA;NA;NA;NA;FORMULACIONES DIETÉTICAS PARA EL TRATAMIENTO DE LA OBESIDAD
V06AA;Low-energy diets;NA;NA;NA;NA;DIETAS BAJAS EN ENERGÍA
V06B;PROTEIN SUPPLEMENTS;NA;NA;NA;NA;SUPLEMENTOS DE PROTEÍNAS
V06C;INFANT FORMULAS;NA;NA;NA;NA;FÓRMULAS INFANTILES
V06CA;Nutrients without phenylalanine;NA;NA;NA;NA;NUTRIENTES SIN FENILALANINA
V06D;OTHER NUTRIENTS;NA;NA;NA;NA;OTROS NUTRIENTES
V06DA;Carbohydrates/proteins/minerals/vitamins, combinations;NA;NA;NA;NA;HIDRATOS DE CARBONO/PROTEÍNAS/MINERALES/VITAMINAS, COMBINACIONES
V06DB;Fat/carbohydrates/proteins/minerals/vitamins, combinations;NA;NA;NA;NA;GRASAS/HIDRATOS DE CARBONO/PROTEÍNAS/MINERALES/VITAMINAS, COMBINACIONES
V06DC;Carbohydrates;NA;NA;NA;NA;CARBOHIDRATOS
V06DC01;glucose;NA;NA;NA;NA;GLUCOSA
V06DC02;fructose;NA;NA;NA;NA;FRUCTOSA
V06DD;Amino acids, incl. combinations with polypeptides;NA;NA;NA;NA;AMINOÁCIDOS, INCL. COMBINACIONES CON POLIPÉPTIDOS
V06DE;Amino acids/carbohydrates/minerals/vitamins, combinations;NA;NA;NA;NA;AMINOÁCIDOS/HIDRATOS DE CARBONO/MINERALES/VITAMINAS, COMBINACIONES
V06DF;Milk substitutes;NA;NA;NA;NA;SUSTITUTOS DE LA LECHE
V06DX;Other combinations of nutrients;NA;NA;NA;NA;OTRAS COMBINACIONES DE NUTRIENTES
V07;ALL OTHER NON-THERAPEUTIC PRODUCTS;NA;NA;NA;NA;TODOS LOS DEMÁS PRODUCTOS NO TERAPÉUTICOS
V07A;ALL OTHER NON-THERAPEUTIC PRODUCTS;NA;NA;NA;NA;TODOS LOS DEMÁS PRODUCTOS NO TERAPÉUTICOS
V07AA;Plasters;NA;NA;NA;NA;REVOCOS
V07AB;Solvents and diluting agents, incl. irrigating solutions;NA;NA;NA;NA;DISOLVENTES Y DILUYENTES, INCLUIDAS LAS SOLUCIONES DE IRRIGACIÓN
V07AC;Blood transfusion, auxiliary products;NA;NA;NA;NA;TRANSFUSIÓN DE SANGRE, PRODUCTOS AUXILIARES
V07AD;Blood tests, auxiliary products;NA;NA;NA;NA;ANÁLISIS DE SANGRE, PRODUCTOS AUXILIARES
V07AN;Incontinence equipment;NA;NA;NA;NA;EQUIPO PARA LA INCONTINENCIA
V07AR;Sensitivity tests, discs and tablets;NA;NA;NA;NA;PRUEBAS DE SENSIBILIDAD, DISCOS Y COMPRIMIDOS
V07AS;Stomi equipment;NA;NA;NA;NA;EQUIPOS STOMI
V07AT;Cosmetics;NA;NA;NA;NA;COSMÉTICOS
V07AV;Technical disinfectants;NA;NA;NA;NA;DESINFECTANTES TÉCNICOS
V07AX;Washing agents etc.;NA;NA;NA;NA;AGENTES DE LAVADO, ETC.
V07AY;Other non-therapeutic auxiliary products;NA;NA;NA;NA;OTROS PRODUCTOS AUXILIARES NO TERAPÉUTICOS
V07AZ;Chemicals and reagents for analysis;NA;NA;NA;NA;PRODUCTOS QUÍMICOS Y REACTIVOS PARA ANÁLISIS
V08;CONTRAST MEDIA;NA;NA;NA;NA;MEDIOS DE CONTRASTE
V08A;X-RAY CONTRAST MEDIA, IODINATED;NA;NA;NA;NA;MEDIOS DE CONTRASTE DE RAYOS X, YODADOS
V08AA;Watersoluble, nephrotropic, high osmolar X-ray contrast media;NA;NA;NA;NA;MEDIOS DE CONTRASTE DE RAYOS X SOLUBLES EN AGUA, NEFROTRÓPICOS, DE ALTA OSMOLAR
V08AA01;diatrizoic acid;NA;NA;NA;NA;ÁCIDO DIATRIZOICO
V08AA02;metrizoic acid;NA;NA;NA;NA;ÁCIDO METRIZOICO
V08AA03;iodamide;NA;NA;NA;NA;IODAMIDA
V08AA04;iotalamic acid;NA;NA;NA;NA;ÁCIDO IOTALÁMICO
V08AA05;ioxitalamic acid;NA;NA;NA;NA;ÁCIDO IOXITALÁMICO
V08AA06;ioglicic acid;NA;NA;NA;NA;ÁCIDO IOGLÍCICO
V08AA07;acetrizoic acid;NA;NA;NA;NA;ÁCIDO ACETIZOICO
V08AA08;iocarmic acid;NA;NA;NA;NA;ÁCIDO IOCÁRMICO
V08AA09;methiodal;NA;NA;NA;NA;METIODAL
V08AA10;diodone;NA;NA;NA;NA;DIODONA
V08AB;Watersoluble, nephrotropic, low osmolar X-ray contrast media;NA;NA;NA;NA;MEDIOS DE CONTRASTE DE RAYOS X SOLUBLES EN AGUA, NEFROTRÓPICOS, DE BAJA OSMOLAR
V08AB01;metrizamide;NA;NA;NA;NA;METRIZAMIDA
V08AB02;iohexol;NA;NA;NA;NA;IOHEXOL
V08AB03;ioxaglic acid;NA;NA;NA;NA;ÁCIDO IOXÁLICO
V08AB04;iopamidol;NA;NA;NA;NA;IOPAMIDOL
V08AB05;iopromide;NA;NA;NA;NA;IOPROMIDA
V08AB06;iotrolan;NA;NA;NA;NA;IOTROLAN
V08AB07;ioversol;NA;NA;NA;NA;IOVERSOL
V08AB08;iopentol;NA;NA;NA;NA;IOPENTOL
V08AB09;iodixanol;NA;NA;NA;NA;YODIXANOL
V08AB10;iomeprol;NA;NA;NA;NA;IOMEPROL
V08AB11;iobitridol;NA;NA;NA;NA;IOBITRIDOL
V08AB12;ioxilan;NA;NA;NA;NA;IOXILAN
V08AC;Watersoluble, hepatotropic X-ray contrast media;NA;NA;NA;NA;MEDIOS DE CONTRASTE DE RAYOS X HEPATOTRÓPICOS SOLUBLES EN AGUA
V08AC01;iodoxamic acid;NA;NA;NA;NA;ÁCIDO YODOXÁMICO
V08AC02;iotroxic acid;NA;NA;NA;NA;ÁCIDO IOTROXICO
V08AC03;ioglycamic acid;NA;NA;NA;NA;ÁCIDO IOGLUCÉMICO
V08AC04;adipiodone;NA;NA;NA;NA;ADIPIODONA
V08AC05;iobenzamic acid;NA;NA;NA;NA;ÁCIDO IOBENZÁMICO
V08AC06;iopanoic acid;NA;NA;NA;NA;ÁCIDO IOPANOICO
V08AC07;iocetamic acid;NA;NA;NA;NA;ÁCIDO YOCETÁMICO
V08AC08;sodium iopodate;NA;NA;NA;NA;YOPODADATO DE SODIO
V08AC09;tyropanoic acid;NA;NA;NA;NA;ÁCIDO TIROPANICO
V08AC10;calcium iopodate;NA;NA;NA;NA;YOPODADATO DE CALCIO
V08AD;Non-watersoluble X-ray contrast media;NA;NA;NA;NA;MEDIOS DE CONTRASTE DE RAYOS X NO SOLUBLES EN AGUA
V08AD01;ethyl esters of iodised fatty acids;NA;NA;NA;NA;ÉSTERES ETÍLICOS DE ÁCIDOS GRASOS YODADOS
V08AD02;iopydol;NA;NA;NA;NA;IOPYDOL
V08AD03;propyliodone;NA;NA;NA;NA;PROPILIODONA
V08AD04;iofendylate;NA;NA;NA;NA;IOFENDILATO
V08B;X-RAY CONTRAST MEDIA, NON-IODINATED;NA;NA;NA;NA;MEDIOS DE CONTRASTE PARA RAYOS X, NO YODADOS
V08BA;Barium sulfate containing X-ray contrast media;NA;NA;NA;NA;SULFATO DE BARIO QUE CONTIENE MEDIOS DE CONTRASTE DE RAYOS X
V08BA01;barium sulfate with suspending agents;NA;NA;NA;NA;SULFATO DE BARIO CON AGENTES DE SUSPENSIÓN
V08BA02;barium sulfate without suspending agents;NA;NA;NA;NA;SULFATO DE BARIO SIN AGENTES DE SUSPENSIÓN
V08C;MAGNETIC RESONANCE IMAGING CONTRAST MEDIA;NA;NA;NA;NA;MEDIOS DE CONTRASTE PARA IMÁGENES DE RESONANCIA MAGNÉTICA
V08CA;Paramagnetic contrast media;NA;NA;NA;NA;MEDIOS DE CONTRASTE PARAMAGNÉTICOS
V08CA01;gadopentetic acid;NA;NA;NA;NA;ÁCIDO GADOPENTÉTICO
V08CA02;gadoteric acid;NA;NA;NA;NA;ÁCIDO GADOTÉRICO
V08CA03;gadodiamide;NA;NA;NA;NA;GADODIAMIDA
V08CA04;gadoteridol;NA;NA;NA;NA;GADOTERIDOL
V08CA05;mangafodipir;NA;NA;NA;NA;MANGAFODIPIR
V08CA06;gadoversetamide;NA;NA;NA;NA;GADOVERSETAMIDA
V08CA07;ferric ammonium citrate;NA;NA;NA;NA;CITRATO DE AMONIO FÉRRICO
V08CA08;gadobenic acid;NA;NA;NA;NA;ÁCIDO GADOPÉNICO
V08CA09;gadobutrol;NA;NA;NA;NA;GADOBUTROL
V08CA10;gadoxetic acid;NA;NA;NA;NA;ÁCIDO GADOXÉTICO
V08CA11;gadofosveset;NA;NA;NA;NA;GADOFOSVESET
V08CA12;gadopiclenol;NA;NA;NA;NA;GADOPICLENOL
V08CB;Superparamagnetic contrast media;NA;NA;NA;NA;MEDIOS DE CONTRASTE SUPERPARAMAGNÉTICOS
V08CB01;ferumoxsil;NA;NA;NA;NA;FERUMOXSIL
V08CB02;ferristene;NA;NA;NA;NA;FERRISTENO
V08CB03;iron oxide, nanoparticles;NA;NA;NA;NA;ÓXIDO DE HIERRO, NANOPARTÍCULAS
V08CX;Other magnetic resonance imaging contrast media;NA;NA;NA;NA;OTROS MEDIOS DE CONTRASTE PARA IMÁGENES DE RESONANCIA MAGNÉTICA
V08CX01;perflubron;NA;NA;NA;NA;PERFLUBRON
V08D;ULTRASOUND CONTRAST MEDIA;NA;NA;NA;NA;MEDIOS DE CONTRASTE PARA ULTRASONIDO
V08DA;Ultrasound contrast media;NA;NA;NA;NA;MEDIOS DE CONTRASTE PARA ULTRASONIDO
V08DA01;perflutren, human albumin microspheres;NA;NA;NA;NA;PERFLUTREN, MICROESFERAS DE ALBÚMINA HUMANA
V08DA02;microparticles of galactose;NA;NA;NA;NA;MICROPARTÍCULAS DE GALACTOSA
V08DA03;perflenapent;NA;NA;NA;NA;PERFLENAPENT
V08DA04;perflutren, phospholipid microspheres;NA;NA;NA;NA;PERFLUTREN, MICROESFERAS DE FOSFOLÍPIDOS
V08DA05;sulfur hexafluoride, phospholipid microspheres;NA;NA;NA;NA;HEXAFLUORURO DE AZUFRE, MICROESFERAS DE FOSFOLÍPIDOS
V08DA06;perflubutane, phospholipid microspheres;NA;NA;NA;NA;PERFLUBUTANO, MICROESFERAS DE FOSFOLÍPIDOS
V09;DIAGNOSTIC RADIOPHARMACEUTICALS;NA;NA;NA;NA;RADIOFÁRMACOS DIAGNÓSTICOS
V09A;CENTRAL NERVOUS SYSTEM;NA;NA;NA;NA;SISTEMA NERVIOSO CENTRAL
V09AA;Technetium (99mTc) compounds;NA;NA;NA;NA;COMPUESTOS DE TECNECIO (99MTC)
V09AA01;technetium (99mTc) exametazime;NA;NA;NA;NA;TECNECIO (99MTC) EXAMETAZIMA
V09AA02;technetium (99mTc) bicisate;NA;NA;NA;NA;BICISATO DE TECNECIO (99MTC)
V09AB;Iodine (123I) compounds;NA;NA;NA;NA;COMPUESTOS DE YODO (123I)
V09AB01;iodine iofetamine (123I);NA;NA;NA;NA;YODO IOFETAMINA (123I)
V09AB02;iodine iolopride (123I);NA;NA;NA;NA;YODO IOLOPRIDA (123I)
V09AB03;iodine ioflupane (123I);NA;NA;NA;NA;YODO IOFLUPANO (123I)
V09AX;Other central nervous system diagnostic radiopharmaceuticals;NA;NA;NA;NA;OTROS RADIOFÁRMACOS PARA DIAGNÓSTICO DEL SISTEMA NERVIOSO CENTRAL
V09AX01;indium (111In) pentetic acid;NA;NA;NA;NA;ÁCIDO PENTÉTICO DE INDIO (111 PULGADAS)
V09AX03;iodine (124I) 2beta-carbomethoxy-3beta-(4 iodophenyl)-tropane;NA;NA;NA;NA;YODO (124I) 2BETA-CARBOMETOXI-3BETA-(4 YODOFENIL)-TROPANO
V09AX04;flutemetamol (18F);NA;NA;NA;NA;FLAUTAMETAMOL (18F)
V09AX05;florbetapir (18F);NA;NA;NA;NA;FLORBETAPIR (18F)
V09AX06;florbetaben (18F);NA;NA;NA;NA;FLORBETABEN (18F)
V09AX07;flortaucipir (18F);NA;NA;NA;NA;FLORTAUCIPIR (18F)
V09B;SKELETON;NA;NA;NA;NA;ESQUELETO
V09BA;Technetium (99mTc) compounds;NA;NA;NA;NA;COMPUESTOS DE TECNECIO (99MTC)
V09BA01;technetium (99mTc) oxidronic acid;NA;NA;NA;NA;ÁCIDO TECNECIO (99MTC) OXIDRÓNICO
V09BA02;technetium (99mTc) medronic acid;NA;NA;NA;NA;ÁCIDO TECNECIO (99MTC) MEDRÓNICO
V09BA03;technetium (99mTc) pyrophosphate;NA;NA;NA;NA;TECNECIO (99MTC) PIROFOSFATO
V09BA04;technetium (99mTc) butedronic acid;NA;NA;NA;NA;TECNECIO (99MTC) ÁCIDO BUTEDRÓNICO
V09C;RENAL SYSTEM;NA;NA;NA;NA;SISTEMA RENAL
V09CA;Technetium (99mTc) compounds;NA;NA;NA;NA;COMPUESTOS DE TECNECIO (99MTC)
V09CA01;technetium (99mTc) pentetic acid;NA;NA;NA;NA;ÁCIDO PENTÉTICO TECNECIO (99MTC)
V09CA02;technetium (99mTc) succimer;NA;NA;NA;NA;SUCCÍMERO DE TECNECIO (99MTC)
V09CA03;technetium (99mTc) mertiatide;NA;NA;NA;NA;TECNECIO (99MTC) MERTIATIDE
V09CA04;technetium (99mTc) gluceptate;NA;NA;NA;NA;GLUCEPTATO DE TECNECIO (99MTC)
V09CA05;technetium (99mTc) gluconate;NA;NA;NA;NA;GLUCONATO DE TECNECIO (99MTC)
V09CA06;technetium (99mTc) ethylenedicysteine;NA;NA;NA;NA;TECNECIO (99MTC) ETILENDICISTEÍNA
V09CX;Other renal system diagnostic radiopharmaceuticals;NA;NA;NA;NA;OTROS RADIOFÁRMACOS PARA DIAGNÓSTICO DEL SISTEMA RENAL
V09CX01;sodium iodohippurate (123I);NA;NA;NA;NA;YODOHIPURATO DE SODIO (123I)
V09CX02;sodium iodohippurate (131I);NA;NA;NA;NA;YODOHIPURATO DE SODIO (131I)
V09CX03;sodium iothalamate (125I);NA;NA;NA;NA;IOTHALAMATO DE SODIO (125I)
V09CX04;chromium (51Cr) edetate;NA;NA;NA;NA;EDETATO DE CROMO (51CR)
V09D;HEPATIC AND RETICULO ENDOTHELIAL SYSTEM;NA;NA;NA;NA;SISTEMA ENDOTELIAL HEPÁTICO Y RETÍCULO
V09DA;Technetium (99mTc) compounds;NA;NA;NA;NA;COMPUESTOS DE TECNECIO (99MTC)
V09DA01;technetium (99mTc) disofenin;NA;NA;NA;NA;TECNECIO (99MTC) DISOFENINA
V09DA02;technetium (99mTc) etifenin;NA;NA;NA;NA;TECNECIO (99MTC) ETIFENINA
V09DA03;technetium (99mTc) lidofenin;NA;NA;NA;NA;TECNECIO (99MTC) LIDOFENINA
V09DA04;technetium (99mTc) mebrofenin;NA;NA;NA;NA;TECNECIO (99MTC) MEBROFENINA
V09DA05;technetium (99mTc) galtifenin;NA;NA;NA;NA;TECNECIO (99MTC) GALTIFENINA
V09DB;Technetium (99mTc), particles and colloids;NA;NA;NA;NA;TECNECIO (99MTC), PARTÍCULAS Y COLOIDES
V09DB01;technetium (99mTc) nanocolloid;NA;NA;NA;NA;NANOCOLOIDE DE TECNECIO (99MTC)
V09DB02;technetium (99mTc) microcolloid;NA;NA;NA;NA;MICROCOLOIDE DE TECNECIO (99MTC)
V09DB03;technetium (99mTc) millimicrospheres;NA;NA;NA;NA;MILIMICROESFERAS DE TECNECIO (99MTC)
V09DB04;technetium (99mTc) tin colloid;NA;NA;NA;NA;TECNECIO (99MTC) COLOIDE DE ESTAÑO
V09DB05;technetium (99mTc) sulfur colloid;NA;NA;NA;NA;COLOIDE DE AZUFRE DE TECNECIO (99MTC)
V09DB06;technetium (99mTc) rheniumsulfide colloid;NA;NA;NA;NA;TECNECIO (99MTC) CLOIDE DE SULFURO DE RENIO
V09DB07;technetium (99mTc) phytate;NA;NA;NA;NA;FITATO DE TECNECIO (99MTC)
V09DX;Other hepatic and reticulo endothelial system diagnostic radiopharmaceuticals;NA;NA;NA;NA;OTROS RADIOFÁRMACOS DE DIAGNÓSTICO DEL SISTEMA ENDOTELIAL HEPÁTICO Y RETÍCULO
V09DX01;selenium (75Se) tauroselcholic acid;NA;NA;NA;NA;SELENIO (75SE) ÁCIDO TAUROSELCÓLICO
V09E;RESPIRATORY SYSTEM;NA;NA;NA;NA;SISTEMA RESPIRATORIO
V09EA;Technetium (99mTc), inhalants;NA;NA;NA;NA;TECNECIO (99MTC), INHALANTES
V09EA01;technetium (99mTc) pentetic acid;NA;NA;NA;NA;ÁCIDO PENTÉTICO TECNECIO (99MTC)
V09EA02;technetium (99mTc) technegas;NA;NA;NA;NA;TECNECIO (99MTC) TECHNEGAS
V09EA03;technetium (99mTc) nanocolloid;NA;NA;NA;NA;NANOCOLOIDE DE TECNECIO (99MTC)
V09EB;Technetium (99mTc), particles for injection;NA;NA;NA;NA;TECNECIO (99MTC), PARTÍCULAS PARA INYECCIÓN
V09EB01;technetium (99mTc) macrosalb;NA;NA;NA;NA;TECNECIO (99MTC) MACROSALB
V09EB02;technetium (99mTc) microspheres;NA;NA;NA;NA;MICROESFERAS DE TECNECIO (99MTC)
V09EX;Other respiratory system diagnostic radiopharmaceuticals;NA;NA;NA;NA;OTROS RADIOFÁRMACOS PARA DIAGNÓSTICO DEL SISTEMA RESPIRATORIO
V09EX01;krypton (81mKr) gas;NA;NA;NA;NA;GAS CRIPTÓN (81MKR)
V09EX02;xenon (127Xe) gas;NA;NA;NA;NA;GAS XENÓN (127XE)
V09EX03;xenon (133Xe) gas;NA;NA;NA;NA;GAS XENÓN (133XE)
V09F;THYROID;NA;NA;NA;NA;TIROIDES
V09FX;Various thyroid diagnostic radiopharmaceuticals;NA;NA;NA;NA;VARIOS RADIOFÁRMACOS PARA EL DIAGNÓSTICO DE LA TIROIDES
V09FX01;technetium (99mTc) pertechnetate;NA;NA;NA;NA;PERTECNETATO DE TECNECIO (99MTC)
V09FX02;sodium iodide (123I);NA;NA;NA;NA;YODURO DE SODIO (123I)
V09FX03;sodium iodide (131I);NA;NA;NA;NA;YODURO DE SODIO (131I)
V09FX04;sodium iodide (124I);NA;NA;NA;NA;YODURO DE SODIO (124I)
V09G;CARDIOVASCULAR SYSTEM;NA;NA;NA;NA;SISTEMA CARDIOVASCULAR
V09GA;Technetium (99mTc) compounds;NA;NA;NA;NA;COMPUESTOS DE TECNECIO (99MTC)
V09GA01;technetium (99mTc) sestamibi;NA;NA;NA;NA;TECNECIO (99MTC) SESTAMIBI
V09GA02;technetium (99mTc) tetrofosmin;NA;NA;NA;NA;TECNECIO (99MTC) TETROFOSMINA
V09GA03;technetium (99mTc) teboroxime;NA;NA;NA;NA;TECNECIO (99MTC) TEBOROXIMA
V09GA04;technetium (99mTc) human albumin;NA;NA;NA;NA;TECNECIO (99MTC) ALBÚMINA HUMANA
V09GA05;technetium (99mTc) furifosmin;NA;NA;NA;NA;TECNECIO (99MTC) FURIFOSMINA
V09GA06;technetium (99mTc) stannous agent labelled cells;NA;NA;NA;NA;CÉLULAS MARCADAS CON AGENTE DE ESTAÑO DE TECNECIO (99MTC)
V09GA07;technetium (99mTc) apcitide;NA;NA;NA;NA;TECNECIO (99MTC) APCÍTIDO
V09GB;Iodine (125I) compounds;NA;NA;NA;NA;COMPUESTOS DE YODO (125I)
V09GB01;fibrinogen (125I);NA;NA;NA;NA;FIBRINÓGENO (125I)
V09GB02;iodine (125I) human albumin;NA;NA;NA;NA;YODO (125I) ALBÚMINA HUMANA
V09GX;Other cardiovascular system diagnostic radiopharmaceuticals;NA;NA;NA;NA;OTROS RADIOFÁRMACOS PARA DIAGNÓSTICO DEL SISTEMA CARDIOVASCULAR
V09GX01;thallium (201Tl) chloride;NA;NA;NA;NA;CLORURO DE TALIO (201TL)
V09GX02;indium (111In) imciromab;NA;NA;NA;NA;INDIO (111IN) IMCIROMAB
V09GX03;chromium (51Cr) chromate labelled cells;NA;NA;NA;NA;CÉLULAS MARCADAS CON CROMATO DE CROMO (51CR)
V09GX04;rubidium (82Rb) chloride;NA;NA;NA;NA;CLORURO DE RUBIDIO (82RB)
V09GX05;ammonia (13N);NA;NA;NA;NA;AMONÍACO (13N)
V09H;INFLAMMATION AND INFECTION DETECTION;NA;NA;NA;NA;DETECCIÓN DE INFLAMACIONES E INFECCIONES
V09HA;Technetium (99mTc) compounds;NA;NA;NA;NA;COMPUESTOS DE TECNECIO (99MTC)
V09HA01;technetium (99mTc) human immunoglobulin;NA;NA;NA;NA;TECNECIO (99MTC) INMUNOGLOBULINA HUMANA
V09HA02;technetium (99mTc) exametazime labelled cells;NA;NA;NA;NA;CÉLULAS MARCADAS CON TECNECIO (99MTC) EXAMETAZIMA
V09HA03;technetium (99mTc) antigranulocyte antibody;NA;NA;NA;NA;ANTICUERPO ANTIGRANULOCITOS TECNECIO (99MTC)
V09HA04;technetium (99mTc) sulesomab;NA;NA;NA;NA;TECNECIO (99MTC) SULESOMAB
V09HB;Indium (111In) compounds;NA;NA;NA;NA;COMPUESTOS DE INDIO (111 PULGADAS)
V09HB01;indium (111In) oxinate labelled cells;NA;NA;NA;NA;CÉLULAS MARCADAS CON OXINATO DE INDIO (111IN)
V09HB02;indium (111In) tropolonate labelled cells;NA;NA;NA;NA;CÉLULAS MARCADAS CON TROPOLONATO DE INDIO (111IN)
V09HX;Other diagnostic radiopharmaceuticals for inflammation and infection detection;NA;NA;NA;NA;OTROS RADIOFÁRMACOS DE DIAGNÓSTICO PARA LA DETECCIÓN DE INFLAMACIONES E INFECCIONES
V09HX01;gallium (67Ga) citrate;NA;NA;NA;NA;CITRATO DE GALIO (67GA)
V09I;TUMOUR DETECTION;NA;NA;NA;NA;DETECCIÓN DE TUMORES
V09IA;Technetium (99mTc) compounds;NA;NA;NA;NA;COMPUESTOS DE TECNECIO (99MTC)
V09IA01;technetium (99mTc) antiCarcinoEmbryonicAntigen antibody;NA;NA;NA;NA;TECNECIO (99MTC) ANTICARCINOEMBRIONARIOANTICUERPO ANTIANTÍGENO
V09IA02;technetium (99mTc) antimelanoma antibody;NA;NA;NA;NA;ANTICUERPO ANTIMELANOMA TECNECIO (99MTC)
V09IA03;technetium (99mTc) pentavalent succimer;NA;NA;NA;NA;TECNECIO (99MTC) SUCCÍMERO PENTAVALENTE
V09IA04;technetium (99mTc) votumumab;NA;NA;NA;NA;TECNECIO (99MTC) VOTUMUMAB
V09IA05;technetium (99mTc) depreotide;NA;NA;NA;NA;DEPRECIACIÓN DE TECNECIO (99MTC)
V09IA06;technetium (99mTc) arcitumomab;NA;NA;NA;NA;TECNECIO (99MTC) ARCITUMOMAB
V09IA07;technetium (99mTc) hynic-octreotide;NA;NA;NA;NA;TECNECIO (99MTC) OCTREOTIDA HÍNICA
V09IA08;technetium (99mTc) etarfolatide;NA;NA;NA;NA;TECNECIO (99MTC) ETARFOLATIDA
V09IA09;technetium (99mTc) tilmanocept;NA;NA;NA;NA;TECNECIO (99MTC) TILMANOCEPT
V09IA10;technetium (99mTc)trofolastat chloride;NA;NA;NA;NA;CLORURO DE TECNECIO (99MTC)TROFOLASTAT
V09IB;Indium (111In) compounds;NA;NA;NA;NA;COMPUESTOS DE INDIO (111 PULGADAS)
V09IB01;indium (111In) pentetreotide;NA;NA;NA;NA;PENTETREÓTIDO DE INDIO (111 PULGADAS)
V09IB02;indium (111In) satumomab pendetide;NA;NA;NA;NA;INDIO (111 PULGADAS) SATUMOMAB PENDETIDE
V09IB03;indium (111In) antiovariumcarcinoma antibody;NA;NA;NA;NA;ANTICUERPO DE CARCINOMA ANTIOVARIO DE INDIO (111IN)
V09IB04;indium (111In) capromab pendetide;NA;NA;NA;NA;INDIO (111IN) CAPROMAB PENDETIDE
V09IX;Other diagnostic radiopharmaceuticals for tumour detection;NA;NA;NA;NA;OTROS RADIOFÁRMACOS DIAGNÓSTICOS PARA LA DETECCIÓN DE TUMORES
V09IX01;iobenguane (123I);NA;NA;NA;NA;IOBENGUANA (123I)
V09IX02;iobenguane (131I);NA;NA;NA;NA;IOBENGUANE (131I)
V09IX03;iodine (125I) CC49-monoclonal antibody;NA;NA;NA;NA;YODO (125I) CC49-ANTICUERPO MONOCLONAL
V09IX04;fludeoxyglucose (18F);NA;NA;NA;NA;FLUDESOXIGLUCOSA (18F)
V09IX05;fluorodopa (18F);NA;NA;NA;NA;FLUORODOPA (18F)
V09IX06;sodium fluoride (18F);NA;NA;NA;NA;FLUORURO DE SODIO (18F)
V09IX07;fluorocholine (18F);NA;NA;NA;NA;FLUOROCOLINA (18F)
V09IX08;fluoroethylcholine (18F);NA;NA;NA;NA;FLUOROETILCOLINA (18F)
V09IX09;gallium (68Ga) edotreotide;NA;NA;NA;NA;GALIO (68GA) EDOTREOTIDA
V09IX10;fluoroethyl-L-tyrosine (18F);NA;NA;NA;NA;FLUOROETIL-L-TIROSINA (18F)
V09IX11;fluoroestradiol (18F);NA;NA;NA;NA;FLUOROESTRADIOL (18F)
V09IX12;fluciclovine (18F);NA;NA;NA;NA;FLUCICLOVINA (18F)
V09IX13;methionine (11C);NA;NA;NA;NA;METIONINA (11C)
V09IX14;gallium (68Ga) gozetotide;NA;NA;NA;NA;GALIO (68GA) GOZETOTIDE
V09IX15;copper (64Cu) dotatate;NA;NA;NA;NA;COBRE (64CU) DOTATADO
V09IX16;piflufolastat (18F);NA;NA;NA;NA;PIFLUFOLASTAT (18F)
V09IX17;PSMA-1007 (18F);NA;NA;NA;NA;PSMA-1007 (18F)
V09X;OTHER DIAGNOSTIC RADIOPHARMACEUTICALS;NA;NA;NA;NA;OTROS RADIOFÁRMACOS DE DIAGNÓSTICO
V09XA;Iodine (131I) compounds;NA;NA;NA;NA;COMPUESTOS DE YODO (131I)
V09XA01;iodine (131I) norcholesterol;NA;NA;NA;NA;YODO (131I) NI COLESTEROL
V09XA02;iodocholesterol (131I);NA;NA;NA;NA;YODOCOLESTEROL (131I)
V09XA03;iodine (131I) human albumin;NA;NA;NA;NA;YODO (131I) ALBÚMINA HUMANA
V09XX;Various diagnostic radiopharmaceuticals;NA;NA;NA;NA;DIVERSOS RADIOFÁRMACOS DE DIAGNÓSTICO
V09XX01;cobalt (57Co) cyanocobalamine;NA;NA;NA;NA;CIANOCOBALAMINA DE COBALTO (57CO)
V09XX02;cobalt (58Co) cyanocobalamine;NA;NA;NA;NA;COBALTO (58CO) CIANOCOBALAMINA
V09XX03;selenium (75Se) norcholesterol;NA;NA;NA;NA;SELENIO (75SE) NORCOLESTEROL
V09XX04;ferric (59Fe) citrate;NA;NA;NA;NA;CITRATO FÉRRICO (59FE)
V10;THERAPEUTIC RADIOPHARMACEUTICALS;NA;NA;NA;NA;RADIOFÁRMACOS TERAPÉUTICOS
V10A;ANTIINFLAMMATORY AGENTS;NA;NA;NA;NA;AGENTES ANTIINFLAMATORIOS
V10AA;Yttrium (90Y) compounds;NA;NA;NA;NA;COMPUESTOS DE ITRIO (90Y)
V10AA01;yttrium (90Y) citrate colloid;NA;NA;NA;NA;COLOIDE DE CITRATO DE ITRIO (90Y)
V10AA02;yttrium (90Y) ferrihydroxide colloid;NA;NA;NA;NA;COLOIDE DE FERRIHIDRÓXIDO DE ITRIO (90Y)
V10AA03;yttrium (90Y) silicate colloid;NA;NA;NA;NA;COLOIDE DE SILICATO DE ITRIO (90Y)
V10AX;Other antiinflammatory therapeutic radiopharmaceuticals;NA;NA;NA;NA;OTROS RADIOFÁRMACOS TERAPÉUTICOS ANTIINFLAMATORIOS
V10AX01;phosphorous (32P) chromicphosphate colloid;NA;NA;NA;NA;FÓSFORO (32P) COLOIDE DE FOSFATO CRÓMICO
V10AX02;samarium (153Sm) hydroxyapatite colloid;NA;NA;NA;NA;COLOIDE DE HIDROXIAPATITA DE SAMARIO (153SM)
V10AX03;dysprosium (165Dy) colloid;NA;NA;NA;NA;COLOIDE DE DISPROSIO (165DY)
V10AX04;erbium (169Er) citrate colloid;NA;NA;NA;NA;COLOIDE DE CITRATO DE ERBIO (169ER)
V10AX05;rhenium (186Re) sulfide colloid;NA;NA;NA;NA;COLOIDE DE SULFURO DE RENIO (186RE)
V10AX06;gold (198Au) colloidal;NA;NA;NA;NA;ORO (198AU) COLOIDAL
V10B;PAIN PALLIATION (BONE SEEKING AGENTS);NA;NA;NA;NA;PALIACIÓN DEL DOLOR (AGENTES BUSCADORES DE HUESO)
V10BX;Various pain palliation radiopharmaceuticals;NA;NA;NA;NA;VARIOS RADIOFÁRMACOS PALIATIVOS DEL DOLOR
V10BX01;strontium (89Sr) chloride;NA;NA;NA;NA;CLORURO DE ESTRONCIO (89SR)
V10BX02;samarium (153Sm) lexidronam;NA;NA;NA;NA;SAMARIO (153SM) LEXIDRONAM
V10BX03;rhenium (186Re) etidronic acid;NA;NA;NA;NA;RENIO (186RE) ÁCIDO ETIDRÓNICO
V10X;OTHER THERAPEUTIC RADIOPHARMACEUTICALS;NA;NA;NA;NA;OTROS RADIOFÁRMACOS TERAPÉUTICOS
V10XA;Iodine (131I) compounds;NA;NA;NA;NA;COMPUESTOS DE YODO (131I)
V10XA01;sodium iodide (131I);NA;NA;NA;NA;YODURO DE SODIO (131I)
V10XA02;iobenguane (131I);NA;NA;NA;NA;IOBENGUANE (131I)
V10XA03;iodine (131I) omburtamab;NA;NA;NA;NA;YODO (131I) OMBURTAMAB
V10XA53;tositumomab/iodine (131I) tositumomab;NA;NA;NA;NA;TOSITUMOMAB/YODO (131I) TOSITUMOMAB
V10XX;Various therapeutic radiopharmaceuticals;NA;NA;NA;NA;DIVERSOS RADIOFÁRMACOS TERAPÉUTICOS
V10XX01;sodium phosphate (32P);NA;NA;NA;NA;FOSFATO DE SODIO (32P)
V10XX02;ibritumomab tiuxetan (90Y);NA;NA;NA;NA;IBRITUMOMAB TIUXETAN (90Y)
V10XX03;radium (223Ra) dichloride;NA;NA;NA;NA;DICLORURO DE RADIO (223RA)
V10XX04;lutetium (177Lu) oxodotreotide;NA;NA;NA;NA;LUTECIO (177LU) OXODOTREOTIDA
V10XX05;lutetium (177Lu) vipivotide tetraxetan;NA;NA;NA;NA;LUTECIO (177LU) VIPIVOTIDA TETRAXETAN
V20;SURGICAL DRESSINGS;NA;NA;NA;NA;APÓSITOS QUIRÚRGICOS
